"fossil_name","species","site","morphotype","genus","family","order","genus_reported","family_reported","order_reported","genus_informal","family_informal","order_informal","age_ma","ln.leaf.area.mm2","feret.diam.ratio","perim.ratio","teeth.perimeter.percm","teeth.interior.percm","teeth.blade.area.ratio","tooth.area.perimeter","tooth.area.interior","tooth.area.blade.area.ratio","avt.tooth.area","pw2.a.ratio","margin.score"
"Cercidiphyllum_ellipticum_Fox_Hills","Cercidiphyllum ellipticum","Fox Hills","FH30","Cercidiphyllum","Cercidiphyllaceae","Saxifragales","Cercidiphyllum","Cercidiphyllaceae","Saxifragales",FALSE,FALSE,FALSE,66.5,6.50204003831811,0.819093264660149,1.03947039986363,1.49043806371567,1.56615283459965,2.88286701354391,0.00787146410923667,0.00828280245470484,0.0150616135554317,0.00508333333333333,NA,0
"Dalbergites_simplex_Fox_Hills","Dalbergites simplex","Fox Hills","FH12","Dalbergites","unknown","Proteales","Dalbergites","unknown","Proteales",FALSE,FALSE,FALSE,66.5,6.8326982712331,0.917395236880117,1,0,0,0,0,0,0,0,0.000752457002457003,1
"FH20_Fox_Hills","FH20","Fox Hills","FH20","unknown","unknown","Proteales","unknown","unknown","Proteales",FALSE,FALSE,FALSE,66.5,8.76434476931995,0.901419242096386,1.20093635887264,1.03711028659702,1.24582644027249,0.418245596392865,0.0464768077638852,0.0558251508242866,0.0186746492684735,0.0449642857142857,NA,0
"FH27_Fox_Hills","FH27","Fox Hills","FH27","unknown","Dilleniaceae","Dilleniales","unknown","Dilleniaceae","Dilleniales",FALSE,FALSE,FALSE,66.5,8.47257232363883,0.760803936414687,1.13641699929561,1.65289256198347,1.87837520544729,0.974124809741248,0.0493801652892564,0.0561164592627379,0.0291019786910199,0.0298750000000001,0.00141369358818855,0
"FH35_Fox_Hills","FH35","Fox Hills","FH35","unknown","Platanaceae","Proteales","unknown","Platanaceae","Proteales",FALSE,FALSE,FALSE,66.5,7.09240745111437,0.812747191747504,1.08058925476603,1.87115744453355,2.02195262853842,2.52890173410405,0.0173750334135258,0.0187752744078567,0.0234826589595376,0.00928571428571428,NA,0
"FH36_Fox_Hills","FH36","Fox Hills","FH36","unknown","unknown","unknown","unknown","unknown","unknown",FALSE,FALSE,FALSE,66.5,8.21574921244845,0.881683848729944,1.30124950745911,0.609565295496093,0.792784983859119,0.304410264263406,0.242867272397302,0.321194953408946,0.11877435136889,0.3999,NA,0
"FH40_Fox_Hills","FH40","Fox Hills","FH40","unknown","unknown","unknown","unknown","unknown","unknown",FALSE,FALSE,FALSE,66.5,5.76393639747595,0.997072126572222,1.97109067017083,3.33333333333333,6.57030223390276,14.5348837209302,0.014,0.0275952693823915,0.0610465116279069,0.00419999999999999,0.000784682988072819,0
"FH41_Fox_Hills","FH41","Fox Hills","FH41","unknown","unknown","unknown","unknown","unknown","unknown",FALSE,FALSE,FALSE,66.5,NA,NA,1.15022172949002,1.44578313253012,1.6629711751663,3.82165605095541,0.0106024096385542,0.0121951219512195,0.0280254777070064,0.00733333333333334,NA,0
"FH49_Fox_Hills","FH49","Fox Hills","FH49","unknown","unknown","unknown","unknown","unknown","unknown",FALSE,FALSE,FALSE,66.5,7.50790042256967,0.62229283169146,1.09773680340393,3.19254937554868,3.50222390573986,3.42127034543726,0.0139963447753222,0.015378253577601,0.0149283484648754,0.00457692307692309,0.000742762254643695,0
"FH50_Fox_Hills","FH50","Fox Hills","FH50","unknown","unknown","unknown","unknown","unknown","unknown",FALSE,FALSE,FALSE,66.5,NA,NA,1.1910879164994,1.68520390967307,2.00722601364914,7.6219512195122,0.0350522413211999,0.041750301083902,0.158536585365854,0.0208,NA,0
"FH61_Fox_Hills","FH61","Fox Hills","FH61","unknown","unknown","unknown","unknown","unknown","unknown",FALSE,FALSE,FALSE,66.5,4.69666252109758,0.47880426424162,1,0,0,0,0,0,0,0,0.000950369588173179,1
"FH63_Fox_Hills","FH63","Fox Hills","FH63","Cornus","Cornaceae","Cornales","Cornus","Cornaceae","Cornales",FALSE,FALSE,FALSE,66.5,NA,NA,1.31356466876972,0.48030739673391,0.630914826498423,0.585480093676815,0.0475504322766571,0.0624605678233438,0.0579625292740047,0.099,NA,0
"FH64_Fox_Hills","FH64","Fox Hills","FH64","unknown","unknown","unknown","unknown","unknown","unknown",FALSE,FALSE,FALSE,66.5,8.40059315287331,0.611466357285675,1,0,0,0,0,0,0,0,0.00108890552809402,1
"FH70_Fox_Hills","FH70","Fox Hills","FH70","unknown","unknown","unknown","unknown","unknown","unknown",FALSE,FALSE,FALSE,66.5,5.92157841964382,0.556076077111621,1,0,0,0,0,0,0,0,0.00096514745308311,1
"FH71_Fox_Hills","FH71","Fox Hills","FH71","unknown","unknown","Laurales","unknown","unknown","Laurales",FALSE,FALSE,FALSE,66.5,6.88632733156852,0.649774007612235,1,0,0,0,0,0,0,0,0.000163465467919902,1
"FH72_Fox_Hills","FH72","Fox Hills","FH72","unknown","unknown","unknown","unknown","unknown","unknown",FALSE,FALSE,FALSE,66.5,6.80926003223304,0.799806312043311,1,0,0,0,0,0,0,0,0.00186493047892298,1
"Grewiopsis_saportana_Fox_Hills","Grewiopsis saportana","Fox Hills","FH26","Grewiopsis","Platanaceae","Proteales","Grewiopsis","Platanaceae","Proteales",FALSE,FALSE,FALSE,66.5,8.0971047246672,0.78493828107045,1.08984987196445,1.1157309156511,1.21763688978555,1.26835177742789,0.0187451413869547,0.0204414937661534,0.0192928971292841,0.020061756993007,0.000418905463451012,0
"Juglans_arctica_Fox_Hills","Juglans arctica","Fox Hills","FH15","unknown","unknown","Proteales","""Juglans""","unknown","Proteales",TRUE,FALSE,FALSE,66.5,8.10134077258733,0.666525988082702,1,0,0,0,0,0,0,0,0.000541227079567167,1
"Liriodendrites_bradacii_Fox_Hills","Liriodendrites bradacii","Fox Hills","FH3","Liriodendrites","Magnoliaceae","Magnoliales","Liriodendrites","Magnoliaceae","Magnoliales",FALSE,FALSE,FALSE,66.5,8.57684140198418,0.802244386068021,1,0,0,0,0,0,0,0,0.000567266958603372,1
"Macclintockia_electilis_Fox_Hills","Macclintockia electilis","Fox Hills","FH28","unknown","unknown","unknown","""Macclintockia""","unknown","unknown",TRUE,FALSE,FALSE,66.5,5.90017128866159,0.709230480890859,1,0,0,0,0,0,0,0,0.00134209805532731,1
"Marmarthia_johnsonii_Fox_Hills","Marmarthia johnsonii","Fox Hills","FH58","Marmarthia","Lauraceae","Laurales","Marmarthia","Lauraceae","Laurales",FALSE,FALSE,FALSE,66.5,8.41595749033536,0.887552639380918,1.19572068336374,0.416146483562214,0.497594957704429,0.325027085590466,0.196976002219448,0.235528279980096,0.153846153846154,0.473333333333334,NA,0
"Platanites_marginata_Fox_Hills","Platanites marginata","Fox Hills","FH11","Platanites","Platanaceae","Proteales","Platanites","Platanaceae","Proteales",FALSE,FALSE,FALSE,66.5,8.58614072854227,0.72159918151955,1.05160886316835,0.621137726360074,0.660331665734436,0.410069521786999,0.00962114131577132,0.0100212954774843,0.00719395992309027,0.0430357142857141,0.000420019040863186,0
"Rhamnus_salicifolius_Fox_Hills","Rhamnus salicifolius","Fox Hills","FH10","Rhamnus","Rhamnaceae","Rosales","Rhamnus","Rhamnaceae","Rosales",FALSE,FALSE,FALSE,66.5,7.12560180910148,0.494291618928951,1,0,0,0,0,0,0,0,0.00119260584376863,1
"Vitis_stantonii_Fox_Hills","Vitis stantonii","Fox Hills","FH2|FH51","unknown","Platanaceae","Proteales","""Vitis""","Platanaceae","Proteales",TRUE,FALSE,FALSE,66.5,8.36070679383615,0.779761454524036,1.09106794907684,1.35723526265522,1.49548314657133,1.75256549001539,0.0204049047208515,0.0226976718145555,0.0291323609850526,0.0163595238095238,0.00148682482898722,0
"Averhoites_affinus_Williston_Basin_I","Averhoites affinus","Williston Basin I","LM17","Averhoites","Oxalidaceae?","Oxidales","Averhoites","Oxalidaceae?","Oxidales",FALSE,FALSE,FALSE,64.75,6.92033427025594,0.567436486460396,1,0,0,0,0,0,0,0,3.51191542734277e-05,1
"Browniea_serrata_Williston_Basin_I","Browniea serrata","Williston Basin I","LM10","Browniea","Nyssaceae","Cornales","Browniea","Nyssaceae","Cornales",FALSE,FALSE,FALSE,64.75,7.96894780631894,0.726215808956034,1.21066426019059,2.00069296025061,2.51630269908524,1.87340429337231,0.0279862873026406,0.0353105858597744,0.0238598339780194,0.0183935778562633,0.000693447982697067,0
"Celtis_aspera_Williston_Basin_I","Celtis aspera","Williston Basin I","LM22","Celtis","Canabaceae","Rosales","Celtis","Canabaceae","Rosales",FALSE,FALSE,FALSE,64.75,7.12986598826784,0.604243958032001,1.14524479094157,2.80063785657975,3.18549750402737,4.36217008797654,0.0233932063877639,0.026906584992343,0.0331401340594888,0.00919583333333331,NA,0
"Cornus_nebrascensis_Williston_Basin_I","Cornus nebrascensis","Williston Basin I","LM39","Cornus","unknown","unknown","Cornus","unknown","unknown",FALSE,FALSE,FALSE,64.75,7.67343273019778,0.691468378045928,1.04141498079284,0.163828542529179,0.181798376795877,0.175437237537741,0.014029374016485,0.0162986183068138,0.0128460257755898,0.0483273809523809,0.000977728021734056,0.5
"Ficus_artocarpoides_Williston_Basin_I","Ficus artocarpoides","Williston Basin I","LM26","Ficus","unknown","unknown","Ficus","unknown","unknown",FALSE,FALSE,FALSE,64.75,8.15295420704445,0.706188282580505,1.04538801231357,0.964957356285254,1.02471873423089,1.04394751223075,0.0126397684325311,0.0132919255107094,0.0124051430887012,0.0254242424242423,NA,0
"LM100_Williston_Basin_I","LM100","Williston Basin I","LM100","unknown","Platanaceae","Proteales","unknown","Platanaceae","Proteales",FALSE,FALSE,FALSE,64.75,7.7484600238997,0.848984311562686,1.07766744671431,1.23246669405482,1.32818923534248,1.4167172637118,0.0237690005282001,0.0256150781101765,0.0273224043715848,0.0192857142857143,0.0018844262295082,0
"LM104_Williston_Basin_I","LM104","Williston Basin I","LM104","unknown","unknown","unknown","unknown","unknown","unknown",FALSE,FALSE,FALSE,64.75,7.220958888664,0.630103082144512,1,0,0,0,0,0,0,0,NA,1
"LM121_Williston_Basin_I","LM121","Williston Basin I","LM121","unknown","unknown","unknown","unknown","unknown","unknown",FALSE,FALSE,FALSE,64.75,6.96167512097157,0.532503838367685,1.07097032878909,0.561587420441782,0.601443464314354,0.988142292490119,0.0069262448521153,0.00741780272654369,0.0121870882740448,0.0123333333333333,NA,0
"LM122_Williston_Basin_I","LM122","Williston Basin I","LM122","unknown","unknown","unknown","unknown","unknown","unknown",FALSE,FALSE,FALSE,64.75,8.46195528516162,0.615942669566377,1,0,0,0,0,0,0,0,0.00213734068860567,0
"LM29_Williston_Basin_I","LM29","Williston Basin I","LM29","unknown","unknown","unknown","unknown","unknown","unknown",FALSE,FALSE,FALSE,64.75,8.08016771996474,0.769325303166726,1,0,0,0,0,0,0,0,0.000200934871604421,1
"LM32_Williston_Basin_I","LM32","Williston Basin I","LM32","unknown","unknown","unknown","unknown","unknown","unknown",FALSE,FALSE,FALSE,64.75,8.20333140118107,0.68145713493861,1,0,0,0,0,0,0,0,NA,1
"LM35_Williston_Basin_I","LM35","Williston Basin I","LM35","unknown","unknown","unknown","unknown","unknown","unknown",FALSE,FALSE,FALSE,64.75,8.17447750496118,0.726032750463077,1.03929552125746,0.637755102040816,0.662816021210113,0.401606425702811,0.061042274052478,0.0634409620301106,0.0384394721744118,0.0957142857142854,NA,0
"LM47_Williston_Basin_I","LM47","Williston Basin I","LM47","unknown","unknown","unknown","unknown","unknown","unknown",FALSE,FALSE,FALSE,64.75,6.68645376788509,0.737260114667335,1.1787210907441,3.58415009181619,4.2602427753688,7.63824182397534,0.011618880167833,0.0137485322476278,0.025018659152932,0.00352614379084967,NA,0
"LM92_Williston_Basin_I","LM92","Williston Basin I","LM92","unknown","unknown","unknown","unknown","unknown","unknown",FALSE,FALSE,FALSE,64.75,6.9119464836006,0.594568291001922,1.04934511996239,3.3621448008784,3.52807280698991,6.40694303775364,0.010028262761523,0.010523718248516,0.0180331385863465,0.0030857142857143,0.000115116510655248,0
"LM93_Williston_Basin_I","LM93","Williston Basin I","LM93","unknown","unknown","unknown","unknown","unknown","unknown",FALSE,FALSE,FALSE,64.75,NA,NA,1.0314333612741,1.21901665989435,1.25733445096396,1.44508670520231,0.0186915887850467,0.019279128248114,0.0221579961464354,0.0153333333333333,NA,0
"LM99_Williston_Basin_I","LM99","Williston Basin I","LM99","unknown","unknown","unknown","unknown","unknown","unknown",FALSE,FALSE,FALSE,64.75,6.33434478002453,0.674591189011778,1.12186828919112,1.91418089009411,2.14745884037223,3.955174686882,0.0320625299090763,0.0359699355762347,0.0662491760052734,0.0223333333333333,NA,0
"Melastomatites_montanensis_Williston_Basin_I","Melastomatites montanensis","Williston Basin I","LM117","Melastomatites","Lauraceae","Laurales","Melastomatites","Lauraceae","Laurales",FALSE,FALSE,FALSE,64.75,8.40110871239544,0.685444211038289,1,0,0,0,0,0,0,0,0.00630952380952381,1
"Platanus_raynoldsii_Williston_Basin_I","Platanus raynoldsii","Williston Basin I","LM4","Platanus","Platanaceae","Proteales","Platanus","Platanaceae","Proteales",FALSE,FALSE,FALSE,64.75,7.87928049872848,0.821350439959757,1.07540356126405,0.882727559901794,0.953603320510768,0.674588723270319,0.0424626859868141,0.0462268157751992,0.0278361972634893,0.047935238095238,0.000481870212975067,0
"Populus_nebrascensis_Williston_Basin_I","Populus nebrascensis","Williston Basin I","LM5","Populus","Cercidiphyllaceae?","Saxifragales","Populus","Cercidiphyllaceae?","Saxifragales",FALSE,FALSE,FALSE,64.75,7.6909838313335,0.865389463083539,1.13803068038397,0.899201936249027,1.02163000920025,1.00763654337338,0.0561482128603712,0.0652535492251857,0.0560899015841569,0.0880136745169082,0.00188907641844477,0
"Zizyphoides_flabella_Williston_Basin_I","Zizyphoides flabella","Williston Basin I","LM6","Zizyphoides","Trochdendraceae","Trochodendrales","Zizyphoides","Trochdendraceae","Trochodendrales",FALSE,FALSE,FALSE,64.75,7.23076140884169,0.913198369109806,1.04585255154529,0.497348839674416,0.520998739939077,0.66582244840258,0.0230786426643397,0.0243236107005148,0.0289935696135623,0.0445833333333333,0.00182286406786508,0
"Browniea_serrata_Williston_Basin_II","Browniea serrata","Williston Basin II","LM10","Browniea","Nyssaceae","Cornales","Browniea","Nyssaceae","Cornales",FALSE,FALSE,FALSE,63.5,7.47828274599417,0.645562100913505,1.25772357723577,2.4240465416936,3.04878048780488,2.92112950340798,0.023109243697479,0.0290650406504065,0.0278481012658227,0.00953333333333332,0.00056522722134298,0
"Cercidiphllum_genetrix_Williston_Basin_II","Cercidiphllum genetrix","Williston Basin II","LM7","Cercidiphllum","Cercidiphyllaceae","Saxifragales","Cercidiphllum","Cercidiphyllaceae","Saxifragales",FALSE,FALSE,FALSE,63.5,7.48198392095897,0.922455359421873,1.06727802318086,1.08444140033011,1.16402825307878,1.08309874883314,0.0400773370396944,0.042874004321856,0.0355102305830597,0.0759807987711213,0.00094671111069184,0
"Fagopsiphyllum_groenlandicum_Williston_Basin_II","Fagopsiphyllum groenlandicum","Williston Basin II","LM15","Fagopsiphyllum","Fagaceae","Fagales","Fagopsiphyllum","Fagaceae","Fagales",FALSE,FALSE,FALSE,63.5,7.99336538044756,0.586239789017139,1.27139919637399,1.06901946744037,1.36235103343302,1.31450724533002,0.0770754303882751,0.099626099587739,0.0838997197980082,0.0813661781076067,0.000261713836830994,0
"Juglandiphyllites_glabra_Williston_Basin_II","Juglandiphyllites glabra","Williston Basin II","LM14","Juglandiphyllites","Juglandaceae","Fagales","Juglandiphyllites","Juglandaceae","Fagales",FALSE,FALSE,FALSE,63.5,7.4449417327419,0.600086000860755,1.12147308923928,3.49704207736842,3.99077251823801,5.59229613309979,0.010914126627509,0.0124080770314257,0.0181008029854691,0.00355793226381461,NA,0
"LM107_Williston_Basin_II","LM107","Williston Basin II","LM107","unknown","unknown","unknown","unknown","unknown","unknown",FALSE,FALSE,FALSE,63.5,6.79301760151171,0.503256633239121,1,0,0,0,0,0,0,0,0.000717810677433827,1
"LM109_Williston_Basin_II","LM109","Williston Basin II","LM109","unknown","unknown","unknown","unknown","unknown","unknown",FALSE,FALSE,FALSE,63.5,7.89829761513295,0.59325920432332,1.04490308483623,2.23318509608834,2.33816198247918,2.03001049227619,0.0189215231387187,0.0198780246534794,0.018813756902402,0.0111005847953216,NA,0
"LM110_Williston_Basin_II","LM110","Williston Basin II","LM110","unknown","unknown","unknown","unknown","unknown","unknown",FALSE,FALSE,FALSE,63.5,7.09597606770708,0.672216501018258,1.02060270602706,1.20518228382043,1.230012300123,1.37575236457438,0.00286230792407353,0.00292127921279215,0.00326741186586417,0.00237500000000002,NA,0
"LM118_Williston_Basin_II","LM118","Williston Basin II","LM118","unknown","Sabiaceae","Sabiales","unknown","Sabiaceae","Sabiales",FALSE,FALSE,FALSE,63.5,7.43449362120818,0.529100561557625,1.05602830904036,0.797829902664752,0.842530963012891,1.13778586869951,0.0229775011967449,0.0242648917347713,0.0327682330185459,0.032,0.00071453879768513,0
"LM119_Williston_Basin_II","LM119","Williston Basin II","LM119","unknown","unknown","unknown","unknown","unknown","unknown",FALSE,FALSE,FALSE,63.5,7.4980942395604,0.496624593515578,1,0,0,0,0,0,0,0,0.00108611326609775,1
"LM12_Williston_Basin_II","LM12","Williston Basin II","LM12","unknown","Platanaceae","Proteales","unknown","Platanaceae","Proteales",FALSE,FALSE,FALSE,63.5,6.96885037834195,0.806076120854315,1.07237411852035,0.576834333179511,0.618582209575653,0.829187396351575,0.015343793262575,0.0164542867747124,0.0220563847429519,0.0266,NA,0
"LM120_Williston_Basin_II","LM120","Williston Basin II","LM120","unknown","unknown","unknown","unknown","unknown","unknown",FALSE,FALSE,FALSE,63.5,7.87496723603468,0.720361742302141,1,0,0,0,0,0,0,0,0.000745077168706759,1
"LM36_Williston_Basin_II","LM36","Williston Basin II","LM36","unknown","unknown","unknown","unknown","unknown","unknown",FALSE,FALSE,FALSE,63.5,6.03930187652214,0.820513917816492,1.03483709273183,0.726568176313877,0.75187969924812,1.2998266897747,0.0121094696052312,0.012531328320802,0.0216637781629115,0.0166666666666666,NA,0
"LM37_Williston_Basin_II","LM37","Williston Basin II","LM37","unknown","unknown","unknown","unknown","unknown","unknown",FALSE,FALSE,FALSE,63.5,7.55024054473985,0.694235039058595,1.17522321428571,0.56980056980057,0.669642857142857,0.588466065123578,0.0256410256410256,0.0301339285714285,0.026480972930561,0.0449999999999999,0.000131495897328003,0
"LM38_Williston_Basin_II","LM38","Williston Basin II","LM38","unknown","Theaceae","Ericales","unknown","Theaceae","Ericales",FALSE,FALSE,FALSE,63.5,8.48268113616791,0.612353854576106,1.03335274449652,0.809205440346465,0.838012350628648,0.490014805942993,0.0191820857585104,0.0198840400493074,0.0117482497922474,0.0232485455720749,NA,0
"LM41_Williston_Basin_II","LM41","Williston Basin II","LM41","unknown","unknown","unknown","unknown","unknown","unknown",FALSE,FALSE,FALSE,63.5,8.19472641880724,0.565659554464245,1,0,0,0,0,0,0,0,NA,1
"LM44_Williston_Basin_II","LM44","Williston Basin II","LM44","unknown","unknown","unknown","unknown","unknown","unknown",FALSE,FALSE,FALSE,63.5,7.46031767872821,0.654386590681443,1.01626327370133,0.564812199943519,0.57399789534105,0.544612871017518,0.00913113056575351,0.00927963264134694,0.0088045747481165,0.0161666666666666,NA,0
"LM48_Williston_Basin_II","LM48","Williston Basin II","LM48","unknown","unknown","unknown","unknown","unknown","unknown",FALSE,FALSE,FALSE,63.5,8.09894674894334,0.557842091303179,1,0,0,0,0,0,0,0,NA,1
"LM94_Williston_Basin_II","LM94","Williston Basin II","LM94","unknown","unknown","unknown","unknown","unknown","unknown",FALSE,FALSE,FALSE,63.5,NA,NA,1.04117561472428,0.558971492453885,0.581987487269024,0.58411214953271,0.0324203465623254,0.0337552742616034,0.0338785046728972,0.058,NA,0
"Planera_crenata_Williston_Basin_II","Planera crenata","Williston Basin II","LM13","Planera","unknown","unknown","Planera","unknown","unknown",FALSE,FALSE,FALSE,63.5,7.01010108902023,0.658333993412148,1.25933094183157,0.617043955846821,0.767804185883272,1.11529994867434,0.100189588406329,0.127785838127926,0.157309292865031,0.183330808080808,0.000426236275748294,0
"Platanus_raynoldsii_Williston_Basin_II","Platanus raynoldsii","Williston Basin II","LM4","Platanus","Platanaceae","Proteales","Platanus","Platanaceae","Proteales",FALSE,FALSE,FALSE,63.5,8.60976083017668,0.774735506901707,1.11193230622814,0.756405521357019,0.854322858203144,0.502733733672457,0.0540993847845258,0.0624620941863993,0.0274306786715401,0.0911509521461444,0.000343151857040796,0
"Populus_cordata_Williston_Basin_II","Populus cordata","Williston Basin II","LM106","Populus","Cercidiphyllaceae?","Saxifragales","Populus","Cercidiphyllaceae?","Saxifragales",FALSE,FALSE,FALSE,63.5,7.83552141961411,0.86919558858585,1.24504891623218,1.41830973517595,1.79665972164099,1.39091326088113,0.0374997362413081,0.0477878605768749,0.0385613439976017,0.0335253205128205,0.000872585538315869,0
"Populus_nebrascensis_Williston_Basin_II","Populus nebrascensis","Williston Basin II","LM5","Populus","Cercidiphyllaceae?","Saxifragales","Populus","Cercidiphyllaceae?","Saxifragales",FALSE,FALSE,FALSE,63.5,7.28712176911807,0.756583770134504,1.10829865805349,0.984268531681345,1.09335087485319,1.26134114265173,0.0355702015671282,0.0394782944660167,0.0386087085447346,0.0477444444444445,0.000942897598546745,0
"Zizyphoides_flabella_Williston_Basin_II","Zizyphoides flabella","Williston Basin II","LM6","Zizyphoides","Trochdendraceae","Trochodendrales","Zizyphoides","Trochdendraceae","Trochodendrales",FALSE,FALSE,FALSE,63.5,7.26413688353611,0.832366924946423,1.05573092076242,0.326354895884722,0.364609762623132,0.414919017241509,0.0284208241195447,0.032040734714269,0.0328741302290752,0.063815625,0.00164367263069886,0.5
"Cissites_patagonicum_Palacio_de_los_Loros_PL1","Cissites patagonicum","Palacio de los Loros PL1","SA009","unknown","unknown","unknown","""Cissites""","unknown","unknown",TRUE,FALSE,FALSE,61.7,7.57047591064555,0.732385902381074,1.15448635891371,3.30981629220746,3.85873277352635,5.81831595012163,0.0185618051520377,0.0216118553376339,0.0243702203430245,0.0067907055353902,0.00123978451536445,0
"Dryophyllum_australis_Palacio_de_los_Loros_PL1","Dryophyllum australis","Palacio de los Loros PL1","SA004","unknown","Nothofagaceae","Fagales","""Dryophyllum""","Nothofagaceae","Fagales",TRUE,FALSE,FALSE,61.7,7.97579618493935,0.705333674441328,1.26675583156657,2.67863061067559,3.38881426565421,2.1098770588729,0.0257940857032475,0.0328406745957826,0.019091493332755,0.0107907177172421,0.000220396168691566,0
"Fagophyllum_duseni_Palacio_de_los_Loros_PL1","Fagophyllum duseni","Palacio de los Loros PL1","SA042","Fagophyllum","Cunoniaceae","Oxalidales","Fagophyllum","Cunoniaceae","Oxalidales",FALSE,FALSE,FALSE,61.7,7.11840821970203,0.540617725625049,1.13357837448593,0.977757366679766,1.10561762424783,1.41836844145299,0.0490606857024479,0.0558602600275923,0.0660737385580465,0.0656064792350507,0.000466515329969311,0
"Laurophyllum_chubutensis_Palacio_de_los_Loros_PL1","Laurophyllum chubutensis","Palacio de los Loros PL1","SA046","Laurophyllum","Lauraceae","Laurales","Laurophyllum","Lauraceae","Laurales",FALSE,FALSE,FALSE,61.7,6.67991323056718,0.504691510323902,1,0,0,0,0,0,0,0,0.00160966859658172,1
"Laurophyllum_piatnitzkyi_Palacio_de_los_Loros_PL1","Laurophyllum piatnitzkyi","Palacio de los Loros PL1","SA010","Laurophyllum","Lauraceae","Laurales","Laurophyllum","Lauraceae","Laurales",FALSE,FALSE,FALSE,61.7,7.63378080540953,0.654354009409672,1,0,0,0,0,0,0,0,0.000415373939126225,1
"Myrica_premira_Palacio_de_los_Loros_PL1","Myrica premira","Palacio de los Loros PL1","SA020|SA049","unknown","Cunoniaceae","Oxalidales","""Myrica""","Cunoniaceae","Oxalidales",TRUE,FALSE,FALSE,61.7,6.89008919821213,0.543253971336618,1.11713193451186,1.45178209410665,1.6276137798004,2.28897728339014,0.0209653896131969,0.0237946776369731,0.0323705698881691,0.0161883222965233,0.000538048893068083,0
"Paranymphaea_aristolochiaformis_Palacio_de_los_Loros_PL1","Paranymphaea aristolochiaformis","Palacio de los Loros PL1","SA039","unknown","unknown","unknown","""Paranymphaea""","unknown","unknown",TRUE,FALSE,FALSE,61.7,6.91671502035361,0.884567962119224,1,0,0,0,0,0,0,0,NA,1
"SA001_Palacio_de_los_Loros_PL1","SA001","Palacio de los Loros PL1","SA001","unknown","Akaniaceae","Brassicales","unknown","Akaniaceae","Brassicales",FALSE,FALSE,FALSE,61.7,7.3188367691143,0.542488375511877,1.13739336517333,1.15650955982905,1.31593337835421,1.47580617321867,0.0139602656223244,0.0158912144042344,0.0169199343631022,0.0125090397697541,0.000636607993813595,0
"SA002_Palacio_de_los_Loros_PL1","SA002","Palacio de los Loros PL1","SA002","unknown","unknown","unknown","unknown","unknown","unknown",FALSE,FALSE,FALSE,61.7,8.4423156981925,0.633104889063023,1.13094415349025,1.17357347118799,1.32273476682601,0.672473721869887,0.0284079267432115,0.0336425182929989,0.0141669803079889,0.0293718614718614,0.000127708249541929,0
"SA005_Palacio_de_los_Loros_PL1","SA005","Palacio de los Loros PL1","SA005","unknown","Cunoniaceae","Oxalidales","unknown","Cunoniaceae","Oxalidales",FALSE,FALSE,FALSE,61.7,6.83331141122947,0.517912481194338,1.14854104453734,1.81046301510399,2.1952276763623,4.41393103068483,0.0137100501599531,0.015853176815518,0.0285747449325755,0.00894515124792903,0.000620656705976263,0
"SA008_Palacio_de_los_Loros_PL1","SA008","Palacio de los Loros PL1","SA008","unknown","Rosaceae","Rosales","unknown","Rosaceae","Rosales",FALSE,FALSE,FALSE,61.7,7.11911742765033,0.64913071988807,1.48142748896475,1.83020232670608,2.80428421236969,5.89865057312542,0.0560329624818428,0.0821831446801427,0.121238369226077,0.0482611044601534,0.00158662878027311,0
"SA016_Palacio_de_los_Loros_PL1","SA016","Palacio de los Loros PL1","SA016","unknown","unknown","unknown","unknown","unknown","unknown",FALSE,FALSE,FALSE,61.7,6.28187100917114,0.402518948395369,1,0,0,0,0,0,0,0,0.00358854677533593,1
"SA035_Palacio_de_los_Loros_PL1","SA035","Palacio de los Loros PL1","SA035","unknown","Bixaceae","Malvales","unknown","Bixaceae","Malvales",FALSE,FALSE,FALSE,61.7,7.97251207910689,0.780369184277727,1.149845349316,2.31726156370852,2.77404442438335,3.54352977168254,0.0198907609988131,0.0224111765385544,0.0195239945378507,0.0180347222222223,0.000540009467717276,0
"SA041_Palacio_de_los_Loros_PL1","SA041","Palacio de los Loros PL1","SA041","unknown","Rhamnaceae","Rosales","unknown","Rhamnaceae","Rosales",FALSE,FALSE,FALSE,61.7,7.67827788290329,0.535025281058263,1,0,0,0,0,0,0,0,0.000555497154963883,1
"SA043_Palacio_de_los_Loros_PL1","SA043","Palacio de los Loros PL1","SA043","unknown","Cunoniaceae or Sapindaceae","Oxalidales or Sapindales","unknown","Cunoniaceae or Sapindaceae","Oxalidales or Sapindales",FALSE,FALSE,FALSE,61.7,7.1527313112002,0.62225057371943,1.40414226046441,1.89299360017636,2.60475642042152,3.13848925682739,0.0606227491478413,0.0882942887237062,0.0934858397920553,0.0404713371459695,0.000342239717810941,0
"SA044_Palacio_de_los_Loros_PL1","SA044","Palacio de los Loros PL1","SA044","unknown","Cunoniaceae","Oxalidales","unknown","Cunoniaceae","Oxalidales",FALSE,FALSE,FALSE,61.7,6.7973011868642,0.497908965274362,1.1065330835765,1.61230123154171,1.7942072840997,2.91195880612031,0.0230019303792543,0.0257667143161215,0.0389277089788272,0.0150427932204248,0.000460448539968432,0
"SA045_Palacio_de_los_Loros_PL1","SA045","Palacio de los Loros PL1","SA045","unknown","Fabaceae","Fabales","unknown","Fabaceae","Fabales",FALSE,FALSE,FALSE,61.7,5.73919783524344,0.636290436220844,1,0,0,0,0,0,0,0,0.000693676949398831,1
"SA047_Palacio_de_los_Loros_PL1","SA047","Palacio de los Loros PL1","SA047","unknown","unknown","unknown","unknown","unknown","unknown",FALSE,FALSE,FALSE,61.7,7.23325219991041,0.60890694593893,1.1436913026705,1.29879216688898,1.50107124910109,2.82206948897115,0.0247242417595627,0.028539292762087,0.0565447175903898,0.0226084172771673,0.00101129904363671,0
"SA051_Palacio_de_los_Loros_PL1","SA051","Palacio de los Loros PL1","SA051","unknown","Urticaceae","Rosales","unknown","Urticaceae","Rosales",FALSE,FALSE,FALSE,61.7,6.48197316477895,0.430311386828675,1.31770612814202,2.04070132399896,2.64872347796999,5.97871822337286,0.0330309063291523,0.0450781474003632,0.0756759689276977,0.0186597222222222,NA,0
"SA052_Palacio_de_los_Loros_PL1","SA052","Palacio de los Loros PL1","SA052","unknown","Sapindaceae","Sapindales","unknown","Sapindaceae","Sapindales",FALSE,FALSE,FALSE,61.7,7.08179261618839,0.4815268207486,1.39562368359466,2.68298817808334,3.74444184413761,5.41363559465404,0.0175232665381068,0.0244558857945237,0.0353578074775841,0.00653124999999999,NA,0
"SA056_Palacio_de_los_Loros_PL1","SA056","Palacio de los Loros PL1","SA056","unknown","unknown","unknown","unknown","unknown","unknown",FALSE,FALSE,FALSE,61.7,7.78075072172374,0.557625933254802,1,0,0,0,0,0,0,0,NA,1
"Sterculia_acuminataloba_Palacio_de_los_Loros_PL1","Sterculia acuminataloba","Palacio de los Loros PL1","SA014|SA019","unknown","unknown","unknown","""Sterculia""","unknown","unknown",TRUE,FALSE,FALSE,61.7,7.78299996163143,0.677510967072871,1.01707247109151,0.0278930025877856,0.0292796909083084,0.0381365963321401,0.00636220637099749,0.00678990146725195,0.00624783698169485,0.0832777777777778,0.000511874257287976,0.75
"Wilkinsoniphyllum_menispermoides_Palacio_de_los_Loros_PL1","Wilkinsoniphyllum menispermoides","Palacio de los Loros PL1","SA060","Wilkinsoniphyllum","Menispermaceae","Ranunculales","Wilkinsoniphyllum","Menispermaceae","Ranunculales",FALSE,FALSE,FALSE,61.7,7.73988148682353,0.926742918528837,1,0,0,0,0,0,0,0,0.000335625060356106,1
"Ziziphus_chubutensis_Palacio_de_los_Loros_PL1","Ziziphus chubutensis","Palacio de los Loros PL1","SA048","Ziziphus","Rhamnaceae","Rosales","Ziziphus","Rhamnaceae","Rosales",FALSE,FALSE,FALSE,61.7,7.49425200627419,0.744695416468366,1.1822224515028,4.2461499074753,5.13368991595027,4.76741511451456,0.0186246299034217,0.0219274187235221,0.0172558184518781,0.00528435760324074,0.000861409595730008,0
"SA050_Palacio_de_los_Loros_PL2","SA050","Palacio de los Loros PL2","SA050","unknown","Anacardiaceae","Sapindales","unknown","Anacardiaceae","Sapindales",FALSE,FALSE,FALSE,61.7,6.82220854396269,0.585255193487826,1,0,0,0,0,0,0,0,0.00094269424315535,1
"SA054_Palacio_de_los_Loros_PL2","SA054","Palacio de los Loros PL2","SA054","unknown","Cunoniaceae","Oxalidales","unknown","Cunoniaceae","Oxalidales",FALSE,FALSE,FALSE,61.7,7.81206925358084,0.618247734377464,1.15498404251132,1.46431634881851,1.67333898872173,1.58892156373555,0.0439377089699301,0.0520147519426018,0.0354681783467447,0.0482327777777778,0.0010266673220132,0
"SA055_Palacio_de_los_Loros_PL2","SA055","Palacio de los Loros PL2","SA055","unknown","unknown","unknown","unknown","unknown","unknown",FALSE,FALSE,FALSE,61.7,8.2115100678549,0.671303740430718,1,0,0,0,0,0,0,0,NA,1
"SA057_Palacio_de_los_Loros_PL2","SA057","Palacio de los Loros PL2","SA057","unknown","unknown","unknown","unknown","unknown","unknown",FALSE,FALSE,FALSE,61.7,6.28301413108625,0.569821928075983,1.2865671641791,0.441940117114131,0.568585643212509,0.966417008939357,0.0130372334548669,0.0167732764747691,0.0285093017637111,0.0295000000000001,0.00268598370436363,0
"SA059_Palacio_de_los_Loros_PL2","SA059","Palacio de los Loros PL2","SA059","unknown","unknown","unknown","unknown","unknown","unknown",FALSE,FALSE,FALSE,61.7,7.05419055721168,0.561877517882505,1.20932020916641,0.890245453389292,1.07659181790218,1.42247510668563,0.0983085336385604,0.118886496462627,0.157081893923999,0.128833333333333,NA,0
"Sterculia_acuminataloba_Palacio_de_los_Loros_PL2","Sterculia acuminataloba","Palacio de los Loros PL2","SA058","unknown","Malvaceae","Malvales","""Sterculia""","Malvaceae","Malvales",TRUE,FALSE,FALSE,61.7,7.53331930821829,0.505658448167116,1,0,0,0,0,0,0,0,0.000780321776712444,1
"Aesculus_hickeyi_Williston_Basin_III","Aesculus hickeyi","Williston Basin III","LM103","Aesculus","Sapindaceae","Sapindales","Aesculus","Sapindaceae","Sapindales",FALSE,FALSE,FALSE,59.75,8.79251924165843,0.720808759299229,1.13866199922209,1.19555935098207,1.36133800077791,0.501612325331422,0.0331340734415031,0.0377285103072736,0.0139018273020423,0.0277142857142858,NA,0
"Averhoites_affinus_Williston_Basin_III","Averhoites affinus","Williston Basin III","LM17","Averhoites","Oxalidaceae?","Oxidales","Averhoites","Oxalidaceae?","Oxidales",FALSE,FALSE,FALSE,59.75,7.3790081276283,0.510032381174941,1,0,0,0,0,0,0,0,NA,1
"Beringiaphyllum_cupanioides_Williston_Basin_III","Beringiaphyllum cupanioides","Williston Basin III","LM24","Beringiaphyllum","Cornaceae","Cornales","Beringiaphyllum","Cornaceae","Cornales",FALSE,FALSE,FALSE,59.75,7.92424445182127,0.815929351780963,1.1688289236078,1.37759941805073,1.58763196465589,1.78875011937319,0.0783956336096632,0.0935023186613445,0.0571189791443097,0.135214285714286,0.000401410186679271,0
"Celtis_aspera_Williston_Basin_III","Celtis aspera","Williston Basin III","LM22","Celtis","Canabaceae","Rosales","Celtis","Canabaceae","Rosales",FALSE,FALSE,FALSE,59.75,6.99077451781386,0.676377420365409,1.44132374738889,2.61005948900187,3.85339317596912,5.14301319802648,0.0300290867219053,0.0422109245971066,0.0520433547762299,0.0134543000298435,0.00053596498395515,0
"Cercidiphllum_genetrix_Williston_Basin_III","Cercidiphllum genetrix","Williston Basin III","LM7","Cercidiphllum","Cercidiphyllaceae","Saxifragales","Cercidiphllum","Cercidiphyllaceae","Saxifragales",FALSE,FALSE,FALSE,59.75,7.40663561389889,0.889911385782158,1.06921436949048,0.96474806269309,1.04263517286364,1.36326541868243,0.0318697887789577,0.0342225772365573,0.0381939094209166,0.0449242980310288,0.00114961890063337,0
"Cercidiphyllum_genesevianum_Williston_Basin_III","Cercidiphyllum genesevianum","Williston Basin III","LM21","Cercidiphyllum","Cercidiphyllaceae","Saxifragales","Cercidiphyllum","Cercidiphyllaceae","Saxifragales",FALSE,FALSE,FALSE,59.75,7.79172352282147,0.884218504947435,1.09267996748331,1.7596380310768,1.92897435386761,2.01514897783811,0.0239755506235755,0.0262132542232127,0.0266830816527962,0.0152174928774929,0.00079178595283406,0
"Davidia_antiqua_Williston_Basin_III","Davidia antiqua","Williston Basin III","LM25","Davidia","Cornaceae","Cornales","Davidia","Cornaceae","Cornales",FALSE,FALSE,FALSE,59.75,8.00629140905223,0.873700823200574,1.18581215083082,1.41253882485921,1.69247127605508,1.39464215969709,0.0455673204923333,0.0548020395083889,0.0463513930214214,0.034052714330017,0.000556550542107189,0
"LM105_Williston_Basin_III","LM105","Williston Basin III","LM105","unknown","unknown","unknown","unknown","unknown","unknown",FALSE,FALSE,FALSE,59.75,6.74887677391465,0.402019497424364,1,0,0,0,0,0,0,0,NA,1
"LM113_Williston_Basin_III","LM113","Williston Basin III","LM113","unknown","Sabiaceae","BasalEudicot","unknown","Sabiaceae","BasalEudicot",FALSE,FALSE,FALSE,59.75,7.86469559085507,0.503985026783656,1.03767519862537,0.791565175233665,0.82821652801123,0.817933997785977,0.0104806827181367,0.0109337930447575,0.0110683980798315,0.0151361111111111,0.000340883558176764,0
"LM114_Williston_Basin_III","LM114","Williston Basin III","LM114","unknown","unknown","unknown","unknown","unknown","unknown",FALSE,FALSE,FALSE,59.75,7.05859007369499,0.654023757357105,1,0,0,0,0,0,0,0,0.000472951844903064,1
"LM33_Williston_Basin_III","LM33","Williston Basin III","LM33","unknown","unknown","unknown","unknown","unknown","unknown",FALSE,FALSE,FALSE,59.75,7.94605123164219,0.900958625513786,1.05955390752289,0.530250808632483,0.561829316253722,0.430848772081,0.0419958640436928,0.0444968818472949,0.0341232227488152,0.0880000000000002,NA,0
"LM48_Williston_Basin_III","LM48","Williston Basin III","LM48","unknown","unknown","unknown","unknown","unknown","unknown",FALSE,FALSE,FALSE,59.75,7.42555078694556,0.630908851794952,1,0,0,0,0,0,0,0,0.0001713877648179,1
"LM97_Williston_Basin_III","LM97","Williston Basin III","LM97","unknown","unknown","unknown","unknown","unknown","unknown",FALSE,FALSE,FALSE,59.75,6.80275951913404,0.828740447253605,1.07421083019773,2.13939528621394,2.27530462672471,3.03332589140778,0.010239326811914,0.010992068924932,0.0174072123821781,0.00541249999999998,0.000729694645556936,0
"Planera_crenata_Williston_Basin_III","Planera crenata","Williston Basin III","LM13","Planera","unknown","unknown","Planera","unknown","unknown",FALSE,FALSE,FALSE,59.75,7.09647300328133,0.603004896168708,1.01570744876672,0.362450163102573,0.368143330469996,0.401230440016049,0.0152229068503081,0.0154620198797399,0.0168516784806741,0.0420000000000001,0.000670696364991306,0
"Platanus_nobilis_Williston_Basin_III","Platanus nobilis","Williston Basin III","LM124","Platanus","Platanaceae","Proteales","Platanus","Platanaceae","Proteales",FALSE,FALSE,FALSE,59.75,8.67156099052854,0.697223254799867,1.08692290700243,1.21938827354944,1.32538104705103,0.59967018140023,0.0639162686718827,0.0694720565495911,0.0314327120083953,0.057181818181818,NA,0
"Platanus_raynoldsii_Williston_Basin_III","Platanus raynoldsii","Williston Basin III","LM4","Platanus","Platanaceae","Proteales","Platanus","Platanaceae","Proteales",FALSE,FALSE,FALSE,59.75,8.27155352022007,0.844700168989966,1.05589849660595,0.689728967753444,0.734411130032502,0.547915120572796,0.0310936580498639,0.0331485730287625,0.0222672247949781,0.0511370777370778,0.000467630094294044,0
"Populus_acerifolia_Williston_Basin_III","Populus acerifolia","Williston Basin III","LM31","Populus","Cercidiphyllaceae?","Saxifragales","Populus","Cercidiphyllaceae?","Saxifragales",FALSE,FALSE,FALSE,59.75,7.69924011241979,0.915539190645532,1.14339227373642,1.05052729037092,1.20172849291632,1.00912600578857,0.0414939075551843,0.048414161098597,0.0413657901370983,0.0472222222222223,0.000292813400155814,0
"Zizyphoides_flabella_Williston_Basin_III","Zizyphoides flabella","Williston Basin III","LM6","Zizyphoides","Trochdendraceae","Trochodendrales","Zizyphoides","Trochdendraceae","Trochodendrales",FALSE,FALSE,FALSE,59.75,6.71250560507215,0.832531762826508,1.02980131836082,0.587537668128588,0.618478522892547,1.01838243446062,0.016892938306719,0.0176817929284056,0.0275461855430653,0.0251477272727273,0.000688104289984693,0.5
"CJ1_Cerrejon","CJ1","Cerrejon","CJ1","unknown","Fabaceae","Fabales","unknown","Fabaceae","Fabales",FALSE,FALSE,FALSE,58,9.20812102842695,0.679235709295796,1,0,0,0,0,0,0,0,NA,1
"CJ10_Cerrejon","CJ10","Cerrejon","CJ10","unknown","unknown","unknown","unknown","""Euphorbiaceae""","""Malpighiales""",FALSE,TRUE,TRUE,58,8.72968395404958,0.805686732934553,1,0,0,0,0,0,0,0,NA,1
"CJ11_Cerrejon","CJ11","Cerrejon","CJ11","unknown","Malvaceae","Malvales","unknown","Malvaceae","Malvales",FALSE,FALSE,FALSE,58,8.71572673584208,0.629616635329932,1,0,0,0,0,0,0,0,NA,1
"CJ12_Cerrejon","CJ12","Cerrejon","CJ12","unknown","unknown","unknown","unknown","""Moraceae""","unknown",FALSE,TRUE,FALSE,58,8.29839020620045,0.890549309051413,1,0,0,0,0,0,0,0,NA,1
"CJ13_Cerrejon","CJ13","Cerrejon","CJ13","unknown","unknown","unknown","unknown","""Apocynaceae""","""Gentianales""",FALSE,TRUE,TRUE,58,9.10570505398707,0.714456104382204,1,0,0,0,0,0,0,0,NA,1
"CJ15_Cerrejon","CJ15","Cerrejon","CJ15","unknown","unknown","unknown","unknown","unknown","unknown",FALSE,FALSE,FALSE,58,10.0377008231889,0.695662204498511,1,0,0,0,0,0,0,0,NA,1
"CJ16_Cerrejon","CJ16","Cerrejon","CJ16","unknown","unknown","unknown","unknown","unknown","unknown",FALSE,FALSE,FALSE,58,8.72764900653061,0.784177881214885,1,0,0,0,0,0,0,0,NA,1
"CJ17_Cerrejon","CJ17","Cerrejon","CJ17","unknown","unknown","Malvales","unknown","""Malvaceae""","Malvales",FALSE,TRUE,FALSE,58,8.69376491622958,0.762626500769373,1,0,0,0,0,0,0,0,NA,1
"CJ18_Cerrejon","CJ18","Cerrejon","CJ18","unknown","unknown","unknown","unknown","unknown","unknown",FALSE,FALSE,FALSE,58,8.9686763710246,0.592703596940075,1,0,0,0,0,0,0,0,NA,1
"CJ19_Cerrejon","CJ19","Cerrejon","CJ19","unknown","Fabaceae","Fabales","unknown","Fabaceae","Fabales",FALSE,FALSE,FALSE,58,7.50744520541597,0.519035520278655,1,0,0,0,0,0,0,0,NA,1
"CJ2_Cerrejon","CJ2","Cerrejon","CJ2","unknown","Meliaceae","Sapindales","unknown","Meliaceae","Sapindales",FALSE,FALSE,FALSE,58,8.39356272296148,0.569336068624381,1,0,0,0,0,0,0,0,NA,1
"CJ20_Cerrejon","CJ20","Cerrejon","CJ20","unknown","unknown","unknown","unknown","unknown","unknown",FALSE,FALSE,FALSE,58,8.88459220050766,0.7779351659098,1,0,0,0,0,0,0,0,NA,1
"CJ21_Cerrejon","CJ21","Cerrejon","CJ21","unknown","unknown","unknown","unknown","unknown","unknown",FALSE,FALSE,FALSE,58,8.3953592505285,0.74085993690358,1,0,0,0,0,0,0,0,NA,1
"CJ22_Cerrejon","CJ22","Cerrejon","CJ22","unknown","Lauraceae","Laurales","unknown","Lauraceae","Laurales",FALSE,FALSE,FALSE,58,9.1601905524261,0.593070304132005,1,0,0,0,0,0,0,0,NA,1
"CJ24_Cerrejon","CJ24","Cerrejon","CJ24","unknown","Euphorbiaceae","Malpighiales","unknown","Euphorbiaceae","Malpighiales",FALSE,FALSE,FALSE,58,9.10319773302731,0.87583254820205,1.01974272484253,1.15306134868385,1.17719549890142,0.612719849237911,0.0184095498242144,0.0187739507682258,0.0094043327542137,0.015914404239766,NA,0
"CJ25_Cerrejon","CJ25","Cerrejon","CJ25","unknown","Malvaceae","Malvales","unknown","Malvaceae","Malvales",FALSE,FALSE,FALSE,58,8.90078412961237,0.832723604944178,1.01018785294554,0.395763756677999,0.400340694954181,0.319565937430179,0.00169488040773128,0.00170638241361774,0.0011987803217034,0.00520039682539691,NA,0
"CJ27_Cerrejon","CJ27","Cerrejon","CJ27","unknown","unknown","unknown","unknown","unknown","unknown",FALSE,FALSE,FALSE,58,8.70651151914196,0.759301159502585,1.04918301918807,3.28587474904049,3.44477632806193,2.97550200790671,0.014793987608848,0.0155708574480291,0.010063887435678,0.00498069561888857,NA,0
"CJ28_Cerrejon","CJ28","Cerrejon","CJ28","unknown","unknown","unknown","unknown","unknown","unknown",FALSE,FALSE,FALSE,58,9.12308820678173,0.668687546258038,1,0,0,0,0,0,0,0,NA,1
"CJ30_Cerrejon","CJ30","Cerrejon","CJ30","unknown","unknown","unknown","unknown","unknown","unknown",FALSE,FALSE,FALSE,58,9.95145833348375,0.788132012779106,1,0,0,0,0,0,0,0,NA,1
"CJ32_Cerrejon","CJ32","Cerrejon","CJ32","unknown","Violaceae or Salicaceae","Malpighiales","unknown","Violaceae or Salicaceae","Malpighiales",FALSE,FALSE,FALSE,58,9.04554484912112,0.623169762696865,1.02895485430081,3.50410821409748,3.61214904144807,1.34846772762189,0.0124108686823475,0.0127652896681408,0.00527553661657692,0.00440909681618442,NA,0
"CJ33_Cerrejon","CJ33","Cerrejon","CJ33","unknown","unknown","unknown","unknown","unknown","unknown",FALSE,FALSE,FALSE,58,6.93789643589412,0.708613273664725,1,0,0,0,0,0,0,0,NA,1
"CJ34_Cerrejon","CJ34","Cerrejon","CJ34","unknown","Anacardiaceae","Sapindales","unknown","Anacardiaceae","Sapindales",FALSE,FALSE,FALSE,58,7.62278844091369,0.709191477004854,1.07580967302757,1.37767048957579,1.4825684244675,1.64556738045337,0.0293911765785945,0.0324711051188844,0.0322961879933252,0.0213570175438596,NA,0
"CJ36_Cerrejon","CJ36","Cerrejon","CJ36","unknown","Malvaceae","Malvales","unknown","Malvaceae","Malvales",FALSE,FALSE,FALSE,58,8.77566016812204,0.651756697617516,1,0,0,0,0,0,0,0,NA,1
"CJ37_Cerrejon","CJ37","Cerrejon","CJ37","unknown","unknown","unknown","unknown","unknown","unknown",FALSE,FALSE,FALSE,58,7.87439686128301,0.709384009746,1,0,0,0,0,0,0,0,NA,1
"CJ38_Cerrejon","CJ38","Cerrejon","CJ38","unknown","unknown","unknown","unknown","unknown","unknown",FALSE,FALSE,FALSE,58,8.9186331795534,0.668843928203516,1,0,0,0,0,0,0,0,NA,1
"CJ4_Cerrejon","CJ4","Cerrejon","CJ4","unknown","Violaceae or Salicaceae","Malpighiales","unknown","Violaceae or Salicaceae","Malpighiales",FALSE,FALSE,FALSE,58,7.63180538285632,0.428841964087697,1.05702992364997,3.65799674440618,3.86251469570768,3.02553168216186,0.0145394470162831,0.015301821166605,0.0106443235816656,0.00461666666666665,NA,0
"CJ40_Cerrejon","CJ40","Cerrejon","CJ40","unknown","unknown","unknown","unknown","unknown","unknown",FALSE,FALSE,FALSE,58,7.99535967659515,0.623136000270739,1,0,0,0,0,0,0,0,NA,1
"CJ41_Cerrejon","CJ41","Cerrejon","CJ41","unknown","unknown","unknown","unknown","unknown","unknown",FALSE,FALSE,FALSE,58,8.88675092133975,0.75561096004671,1,0,0,0,0,0,0,0,NA,1
"CJ43_Cerrejon","CJ43","Cerrejon","CJ43","unknown","unknown","unknown","unknown","""Elaeocarpaceae""","""Oxalidales""",FALSE,TRUE,TRUE,58,9.05696221827143,0.765445146314674,1.02329186251889,0.822652197582131,0.849774049787592,0.438382723849034,0.019748477947524,0.0204039726603633,0.0100213462639611,0.0203378888397465,NA,0.5
"CJ48_Cerrejon","CJ48","Cerrejon","CJ48","unknown","Salicaceae","Malpighiales","unknown","Salicaceae","Malpighiales",FALSE,FALSE,FALSE,58,8.14874208422646,0.800312917028376,1.02488246071018,1.04223213670032,1.10884463820263,0.865296120565214,0.00405541065748966,0.00429917296902703,0.00281287195190509,0.00166687370600412,NA,0.5
"CJ5_Cerrejon","CJ5","Cerrejon","CJ5","unknown","Lauraceae","Laurales","unknown","Lauraceae","Laurales",FALSE,FALSE,FALSE,58,8.65559617689699,0.631333261848614,1,0,0,0,0,0,0,0,NA,1
"CJ50_Cerrejon","CJ50","Cerrejon","CJ50","unknown","unknown","unknown","unknown","""Annonaceae""","""Magnoliales""",FALSE,TRUE,TRUE,58,9.58814713233253,0.885542029636752,1,0,0,0,0,0,0,0,NA,1
"CJ53_Cerrejon","CJ53","Cerrejon","CJ53","unknown","unknown","unknown","unknown","unknown","unknown",FALSE,FALSE,FALSE,58,8.64944783654317,0.327773706572244,1,0,0,0,0,0,0,0,NA,1
"CJ54_Cerrejon","CJ54","Cerrejon","CJ54","unknown","unknown","unknown","unknown","unknown","unknown",FALSE,FALSE,FALSE,58,7.84572922168743,0.395245725628229,1,0,0,0,0,0,0,0,NA,1
"CJ55_Cerrejon","CJ55","Cerrejon","CJ55","unknown","Fabaceae","Fabales","unknown","Fabaceae","Fabales",FALSE,FALSE,FALSE,58,6.66533016891046,0.619537967165504,1,0,0,0,0,0,0,0,NA,1
"CJ56_Cerrejon","CJ56","Cerrejon","CJ56","unknown","unknown","unknown","unknown","""Salicaceae""","""Malpighiales""",FALSE,TRUE,TRUE,58,9.61298149639325,0.686239003077112,1.13678942640832,0.35264483627204,0.449121006031054,0.094876660341556,0.0574307304785895,0.073142563839343,0.0154513418270534,0.0814285714285715,NA,0.5
"CJ76_Cerrejon","CJ76","Cerrejon","CJ76","unknown","Fabaceae","Fabales","unknown","Fabaceae","Fabales",FALSE,FALSE,FALSE,58,1.25201867548012,0.611993476522186,1,0,0,0,0,0,0,0,NA,1
"CJ8_Cerrejon","CJ8","Cerrejon","CJ8","unknown","unknown","unknown","unknown","""Sapotaceae""","""Ericales""",FALSE,TRUE,TRUE,58,9.5549835195052,0.651011690922668,1,0,0,0,0,0,0,0,NA,1
"CJ83_Cerrejon","CJ83","Cerrejon","CJ83","unknown","unknown","unknown","unknown","unknown","unknown",FALSE,FALSE,FALSE,58,10.4978194174743,0.607731690279465,1,0,0,0,0,0,0,0,NA,1
"CJ84_Cerrejon","CJ84","Cerrejon","CJ84","unknown","unknown","unknown","unknown","unknown","unknown",FALSE,FALSE,FALSE,58,8.8258242926184,0.781514988730566,1,0,0,0,0,0,0,0,NA,1
"Malvaciphyllum_macondicus_Cerrejon","Malvaciphyllum macondicus","Cerrejon","CJ26","Malvaciphyllum","Malvaceae","Malvales","Malvaciphyllum","Malvaceae","Malvales",FALSE,FALSE,FALSE,58,7.9665814919772,0.899609387722282,1.1275260606035,4.84878644881183,5.494946877892,3.49938090090024,0.0202240298640075,0.0227834643449766,0.0135589809747265,0.00424346219256932,NA,0
"Menispermites_cerrejonensis_Cerrejon","Menispermites cerrejonensis","Cerrejon","CJ6","Menispermites","Menispermaceae","Ranunculales","Menispermites","Menispermaceae","Ranunculales",FALSE,FALSE,FALSE,58,8.99769304443621,0.643296098632893,1,0,0,0,0,0,0,0,NA,1
"Menispermites_cordatus_Cerrejon","Menispermites cordatus","Cerrejon","CJ110","Menispermites","Menispermaceae","Ranunculales","Menispermites","Menispermaceae","Ranunculales",FALSE,FALSE,FALSE,58,9.85061406292906,0.873600304379313,1,0,0,0,0,0,0,0,NA,1
"Menispermites_guajiraensis_Cerrejon","Menispermites guajiraensis","Cerrejon","CJ82","Menispermites","Menispermaceae","Ranunculales","Menispermites","Menispermaceae","Ranunculales",FALSE,FALSE,FALSE,58,9.75446300017419,0.541168805766405,1,0,0,0,0,0,0,0,NA,1
"Menispermites_horizontalis_Cerrejon","Menispermites horizontalis","Cerrejon","CJ109","Menispermites","Menispermaceae","Ranunculales","Menispermites","Menispermaceae","Ranunculales",FALSE,FALSE,FALSE,58,10.5596439318402,0.864850996134058,1,0,0,0,0,0,0,0,NA,1
"Apocyn_Hubble_Bubble","Apocyn","Hubble Bubble","Apocyn","unknown","unknown","unknown","unknown","unknown","unknown",FALSE,FALSE,FALSE,55.8,7.02024921174249,0.387673345027471,1,0,0,0,0,0,0,0,0.000990688628939959,1
"Parvileguminophyllum_coloradensis_Hubble_Bubble","Parvileguminophyllum coloradensis","Hubble Bubble","WW001 (LNL)","unknown","Fabaceae","Fabales","""Parvileguminophyllum""","Fabaceae","Fabales",TRUE,FALSE,FALSE,55.8,4.07952411712579,0.518768713557335,1,0,0,0,0,0,0,0,0.00407437624498015,1
"Populus_wyomingiana_Hubble_Bubble","Populus wyomingiana","Hubble Bubble","WW008 (Populus wyomingiana)","Populus","Salicaceae","Malpighiales","Populus","Salicaceae","Malpighiales",FALSE,FALSE,FALSE,55.8,8.4304889735631,0.702969881190648,1.07883206014778,1.56551069098819,1.73347657610233,1.29487906830305,0.0230300471870421,0.0250373488997233,0.0159286642953368,0.0202371533449659,0.00247262036016171,0
"Rhus_nigricans_Hubble_Bubble","Rhus nigricans","Hubble Bubble","WW014 (Rhus?)","unknown","unknown","Sapindales","""Rhus""","unknown","Sapindales",TRUE,FALSE,FALSE,55.8,6.44446516180917,0.490024330190083,1.75330257073113,1.17034571505546,1.85883680736063,4.23194490585444,0.106306530624656,0.179583335183158,0.408671424380678,0.0939710144927536,0.00141567057441161,0
"WW002_NML_Hubble_Bubble","WW002 (NML)","Hubble Bubble","WW002 (NML)","unknown","Fabaceae","Fabales","unknown","Fabaceae","Fabales",FALSE,FALSE,FALSE,55.8,5.74757381706384,0.453614517916809,1,0,0,0,0,0,0,0,0.00173919959723165,1
"WW003_Triprime_Hubble_Bubble","WW003 (Triprime)","Hubble Bubble","WW003 (Triprime)","unknown","unknown","Laurales","unknown","unknown","Laurales",FALSE,FALSE,FALSE,55.8,8.45117196733275,0.689130906454835,1,0,0,0,0,0,0,0,0.00141992421480285,1
"WW004_Slim_Hubble_Bubble","WW004 (Slim)","Hubble Bubble","WW004 (Slim)","unknown","unknown","Sapindales","unknown","unknown","Sapindales",FALSE,FALSE,FALSE,55.8,7.20044847162932,0.515354278368205,1,0,0,0,0,0,0,0,0.000296874646570828,1
"WW005_Leaf_mat_Hubble_Bubble","WW005 (Leaf mat)","Hubble Bubble","WW005 (Leaf mat)","unknown","unknown","Sapindales","unknown","unknown","Sapindales",FALSE,FALSE,FALSE,55.8,9.28913571547474,0.606824322221914,1.02497158960451,0.509348601011285,0.526897937774686,0.326281554983372,0.0235103928140684,0.0242963393365419,0.0119688537085933,0.0550999999999999,0.000754477770768461,0.5
"WW006_Hartley_Hubble_Bubble","WW006 (Hartley)","Hubble Bubble","WW006 (Hartley)","unknown","unknown","unknown","unknown","unknown","unknown",FALSE,FALSE,FALSE,55.8,8.01879075880733,0.879675470596626,1,0,0,0,0,0,0,0,0.000434935459101822,1
"WW007_Copaifera_Hubble_Bubble","WW007 (Copaifera)","Hubble Bubble","WW007 (Copaifera)","Copaifera","Fabaceae","Fabales","Copaifera","Fabaceae","Fabales",FALSE,FALSE,FALSE,55.8,6.20061190045401,0.607237428792005,1,0,0,0,0,0,0,0,0.0010182936550418,1
"WW010_Salix_Hubble_Bubble","WW010 (Salix?)","Hubble Bubble","WW010 (Salix?)","unknown","Salicaceae","Malpighiales","unknown","Salicaceae","Malpighiales",FALSE,FALSE,FALSE,55.8,8.10115826015762,0.616019409928797,1.12462238461922,2.13432528234411,2.45852856676058,2.88414338826399,0.0382409705034234,0.0431955973405131,0.0277385307787383,0.0218928366174055,NA,0
"WW011_plain_phat_Hubble_Bubble","WW011 (plain phat)","Hubble Bubble","WW011 (plain phat)","Swartzia","Fabaceae","Fabales","Swartzia","Fabaceae","Fabales",FALSE,FALSE,FALSE,55.8,8.2903427781707,0.665727262726803,1,0,0,0,0,0,0,0,0.000831175348790525,1
"WW019_Bristle_Tip_Hubble_Bubble","WW019 (Bristle Tip)","Hubble Bubble","WW019 (Bristle Tip)","unknown","unknown","unknown","unknown","unknown","unknown",FALSE,FALSE,FALSE,55.8,6.77479515172591,0.502066783055466,1.16305199615676,1.74914500635195,2.05139011667629,5.06561971431041,0.0106555895257762,0.0117801926249651,0.0386127656804348,0.00666363636363635,NA,0
"WW021_NOT_cercidiphyllum_Hubble_Bubble","WW021 (NOT cercidiphyllum)","Hubble Bubble","WW021 (NOT cercidiphyllum)","unknown","unknown","unknown","unknown","unknown","unknown",FALSE,FALSE,FALSE,55.8,8.71574892464894,0.991183651388145,1.16598259727467,0.70402703463813,0.820883270398949,0.493339911198816,0.0397071247535905,0.0462978164505007,0.0278243709916132,0.0564,NA,0
"WW021_Tiny_Tooth_Hubble_Bubble","WW021 (Tiny Tooth)","Hubble Bubble","WW021 (Tiny Tooth)","unknown","unknown","unknown","unknown","unknown","unknown",FALSE,FALSE,FALSE,55.8,7.05531284333975,1.04387611030673,1.09247155652384,1.55107467316641,1.69450496247882,2.62960180315552,0.00731220917349876,0.00798838053740012,0.012396694214876,0.0047142857142857,NA,0
"WW024_string_vein_Hubble_Bubble","WW024 (string vein)","Hubble Bubble","WW024 (string vein)","unknown","unknown","unknown","unknown","unknown","unknown",FALSE,FALSE,FALSE,55.8,6.69233185068307,0.447469495088906,1,0,0,0,0,0,0,0,0.00131592656908956,1
"Akania_patagonica_Laguna_del_Hunco","Akania patagonica","Laguna del Hunco","TY101","Akania","Akaniaceae","Brassicales","Akania","Akaniaceae","Brassicales",FALSE,FALSE,FALSE,51.9,7.4374298285199,0.604112385049811,1.24820165949556,0.974946079944767,1.24936585135397,1.70427316421344,0.0130926146334701,0.0171761883784065,0.0244580087776018,0.012891875625,0.000612803790413025,0
"Atherospermophyllum_guinazui_Laguna_del_Hunco","Atherospermophyllum guinazui","Laguna del Hunco","TY029","Atherospermophyllum","Atherospermataceae","Laurales","Atherospermophyllum","Atherospermataceae","Laurales",FALSE,FALSE,FALSE,51.9,7.88737680961694,0.596418876828112,1.36153664552132,2.09598598287255,2.81458141103133,2.2216670868882,0.0253671374482161,0.0356193882393227,0.0239897168000244,0.0151359778382429,0.00238298713588848,0
"Banara_prehernandiensis_Laguna_del_Hunco","Banara prehernandiensis","Laguna del Hunco","TY035|TY042","Banara","unknown","unknown","Banara","unknown","unknown",FALSE,FALSE,FALSE,51.9,7.28845980687262,0.589708737778736,1.23412866000534,3.17268341969223,3.97386716843664,4.24333796525444,0.0162432066549849,0.0202354501462628,0.0215358967947499,0.0052501404242936,0.00128712274003159,0
"Caffapanax_canessae_Laguna_del_Hunco","Caffapanax canessae","Laguna del Hunco","TY106","Caffapanax","Araliaceae","Apiales","Caffapanax","Araliaceae","Apiales",FALSE,FALSE,FALSE,51.9,7.91611904064428,0.792415498572592,1.15611086313625,1.85417793703822,2.17522794128974,2.40476297664748,0.02388204778888,0.0276317378034434,0.0207809648423947,0.0168643079023809,NA,0
"Cassia_argentinensis_Laguna_del_Hunco","Cassia argentinensis","Laguna del Hunco","TY117","Cassia","Fabaceae","Fabales","Cassia","Fabaceae","Fabales",FALSE,FALSE,FALSE,51.9,6.55608874908976,0.531303761596717,1,0,0,0,0,0,0,0,0.00173548981725742,1
"Castaneophyllum_patagonica_Laguna_del_Hunco","Castaneophyllum patagonica","Laguna del Hunco","TY019","Castaneophyllum","Fagaceae","Fagales","Castaneophyllum","Fagaceae","Fagales",FALSE,FALSE,FALSE,51.9,7.9211769388933,0.568591168630546,1.15941644327922,1.07866657182737,1.20267033514172,1.42232712270637,0.0449464934097293,0.0541651020768497,0.0389257425452527,0.0673520617793671,0.00114342004565142,0
"Coprosma_incerta_Laguna_del_Hunco","Coprosma incerta","Laguna del Hunco","TY107","Coprosma","unknown","unknown","Coprosma","unknown","unknown",FALSE,FALSE,FALSE,51.9,6.39371232237159,0.403863330052881,1,0,0,0,0,0,0,0,0.00157920498099828,1
"Cupania_grosse_serrata_Laguna_del_Hunco","Cupania grosse-serrata","Laguna del Hunco","TY105","unknown","Sapindaceae","Sapindales","""Cupania""","Sapindaceae","Sapindales",TRUE,FALSE,FALSE,51.9,7.5253101583967,0.531077003054745,1.36234217541815,2.10652089354601,2.90591739266511,4.34385428870758,0.038229752597736,0.0512968541592274,0.0632755621011095,0.0243510514471434,0.00122005308777919,0
"Cupania_latifolioides_Laguna_del_Hunco","Cupania latifolioides","Laguna del Hunco","TY116","Cupania","Cunoniaceae","Oxalidales","Cupania","Cunoniaceae","Oxalidales",FALSE,FALSE,FALSE,51.9,6.96482763890614,0.476250454871282,1.25708407071458,2.15639639906542,2.6760501448771,4.57488168829942,0.017208809652302,0.0212683413355532,0.0324157760908831,0.00903327579699847,0.00101629381906228,0
"Dobineaites_ameghenoi_Laguna_del_Hunco","Dobineaites ameghenoi","Laguna del Hunco","TY020","Dobineaites","Anacardiaceae","Sapindales","Dobineaites","Anacardiaceae","Sapindales",FALSE,FALSE,FALSE,51.9,7.56525513839602,0.632844523758775,1.29838541805905,1.95928564014284,2.53871313780557,2.30841489837966,0.0430813818289872,0.056901303477005,0.0447443151348258,0.0269079912293639,0.000753665266522843,0
"Eucalyptus_freguelliana_Laguna_del_Hunco","Eucalyptus freguelliana","Laguna del Hunco","TY021","Eucalyptus","Myrtaceae","Myrtales","Eucalyptus","Myrtaceae","Myrtales",FALSE,FALSE,FALSE,51.9,6.99762692749629,0.42208050209637,1,0,0,0,0,0,0,0,0.00238410288202939,1
"Lomatia_occidentalis_Laguna_del_Hunco","Lomatia occidentalis","Laguna del Hunco","TY044","unknown","Proteaceae","Proteales","""Lomatia""","Proteaceae","Proteales",TRUE,FALSE,FALSE,51.9,7.01292956302117,0.452774200113543,1.12935208574451,1.08833331778667,1.23638756805966,3.38209863939367,0.0190457679608656,0.0217435756636186,0.0416870264926051,0.0222813026397063,0.00247968820493066,0
"Lomatia_preferruginea_Laguna_del_Hunco","Lomatia preferruginea","Laguna del Hunco","TY026","unknown","Proteaceae","Proteales","""Lomatia""","Proteaceae","Proteales",TRUE,FALSE,FALSE,51.9,6.91276727302526,0.35130066738194,1.19338076613749,0.736242987010202,0.888623392356858,2.53558309921035,0.0178920877330038,0.021617013803801,0.0620626147096193,0.0239754464285714,NA,0
"Macaranga_kirkjohnsonii_Laguna_del_Hunco","Macaranga kirkjohnsonii","Laguna del Hunco","TY046","Macaranga","Euphorbiaceae","Malphigales","Macaranga","Euphorbiaceae","Malphigales",FALSE,FALSE,FALSE,51.9,8.34336347665495,0.812107003467587,1,0,0,0,0,0,0,0,0.00171774454130201,1
"Monimiophyllum_callidentatum_Laguna_del_Hunco","Monimiophyllum callidentatum","Laguna del Hunco","TY028","Monimiophyllum","Monimiaceae","Laurales","Monimiophyllum","Monimiaceae","Laurales",FALSE,FALSE,FALSE,51.9,7.34381425217494,0.63051409524131,1,0,0,0,0,0,0,0,0.000618821583914737,1
"Myrica_deltoidea_Laguna_del_Hunco","Myrica deltoidea","Laguna del Hunco","TY041","unknown","Myrtaceae","Myrtales","""Myrica""","Myrtaceae","Myrtales",TRUE,FALSE,FALSE,51.9,6.564584663852,0.561811973117488,1,0,0,0,0,0,0,0,0.00536266377304359,1
"Myrica_mira_Laguna_del_Hunco","Myrica mira","Laguna del Hunco","TY061","Myrica","Atherospermataceae","unknown","Myrica","Atherospermataceae","unknown",FALSE,FALSE,FALSE,51.9,6.99128885695344,0.436400544156743,1.19820129086063,1.93488094071188,2.32305439637952,3.8021283947984,0.0161181028706423,0.0193519401071185,0.0290908853619931,0.00882507375754151,0.00127245699915332,0
"Schmidelia_proedulis_Laguna_del_Hunco","Schmidelia proedulis","Laguna del Hunco","TY018","Schmidelia","Sapindaceae","Sapindales","Schmidelia","Sapindaceae","Sapindales",FALSE,FALSE,FALSE,51.9,6.9453804419823,0.455778269157634,1.31923654259801,1.26466894693396,1.73325624173272,3.3367678496741,0.0549838152733386,0.071515178954686,0.100555705466902,0.0646365110748856,NA,0
"TY017_Laguna_del_Hunco","TY017","Laguna del Hunco","TY017","unknown","unknown","Fabales","unknown","unknown","Fabales",FALSE,FALSE,FALSE,51.9,6.34783329557079,0.484003704313603,1,0,0,0,0,0,0,0,0.00203446319513731,1
"TY022_Laguna_del_Hunco","TY022","Laguna del Hunco","TY022","unknown","Myrtaceae","Myrtales","unknown","Myrtaceae","Myrtales",FALSE,FALSE,FALSE,51.9,7.23364423758605,0.440444947365418,1,0,0,0,0,0,0,0,NA,1
"TY023_Laguna_del_Hunco","TY023","Laguna del Hunco","TY023","unknown","Malvaceae","Malvales","unknown","Malvaceae","Malvales",FALSE,FALSE,FALSE,51.9,7.70945736735669,0.629473252403688,1.00434205332472,0.00582893248930391,0.00598078970347245,0.00625743069895501,0.00155632497464416,0.00159687085082716,0.00167073399662101,0.0445000000000005,0.000799050140534859,0.5
"TY024_Laguna_del_Hunco","TY024","Laguna del Hunco","TY024","unknown","unknown","Sapindales","unknown","unknown","Sapindales",FALSE,FALSE,FALSE,51.9,8.30827300673827,0.570612088274377,1.30006916394373,0.52560370465789,0.693175139909782,0.74680251252573,0.0559603140784947,0.0801193464518252,0.0896476523364818,0.101203011375,NA,0
"TY025_Laguna_del_Hunco","TY025","Laguna del Hunco","TY025","Rhamnidium","Rhamnaceae","Rosales","Rhamnidium","Rhamnaceae","Rosales",FALSE,FALSE,FALSE,51.9,6.98407613870107,0.54299557003136,1.06098717558992,2.17589845905204,2.3444579541752,3.14230492154598,0.00536165511170351,0.00580418477722585,0.00671184713055905,0.00224900960463633,0.000892973355403655,0
"TY027_Laguna_del_Hunco","TY027","Laguna del Hunco","TY027","unknown","unknown","unknown","unknown","unknown","unknown",FALSE,FALSE,FALSE,51.9,6.62340099662303,0.463582395399422,1.21799627140815,4.33215205820772,5.27654505407015,10.0108889850862,0.0115998030907636,0.0141285169136188,0.0268052320025295,0.00267760755737706,0.00172409075393026,0
"TY030_Laguna_del_Hunco","TY030","Laguna del Hunco","TY030","unknown","unknown","unknown","unknown","unknown","unknown",FALSE,FALSE,FALSE,51.9,8.05085510999526,0.636682685689393,1,0,0,0,0,0,0,0,0.00194484674508614,1
"TY032_Laguna_del_Hunco","TY032","Laguna del Hunco","TY032","unknown","unknown","unknown","unknown","unknown","unknown",FALSE,FALSE,FALSE,51.9,8.62553233911779,0.7100437153207,1.39775635053298,3.58829971699096,5.01231535991987,1.8725177677439,0.0325037033394516,0.0463490334746054,0.0158232228196776,0.0100855739427892,0.00042412920310471,0
"TY036_Laguna_del_Hunco","TY036","Laguna del Hunco","TY036","unknown","unknown","unknown","unknown","unknown","unknown",FALSE,FALSE,FALSE,51.9,7.36029479447623,0.917800196823065,1,0,0,0,0,0,0,0,NA,1
"TY038_Laguna_del_Hunco","TY038","Laguna del Hunco","TY038","unknown","unknown","unknown","unknown","unknown","unknown",FALSE,FALSE,FALSE,51.9,6.91597360620015,0.430987429355216,1.25117685839101,1.82079696077887,2.28014491371515,2.94723492330038,0.0396229298629759,0.0496858473858021,0.0501617026875732,0.0270412338448107,0.00252642557971191,0
"TY043_Laguna_del_Hunco","TY043","Laguna del Hunco","TY043","Escallonia","Escalloniaceae","Apiales","Escallonia","Escalloniaceae","Apiales",FALSE,FALSE,FALSE,51.9,6.86590010802231,0.542618215826885,1.50017962188377,5.07434322731394,7.77336937704308,8.7841679886696,0.0139663473615193,0.0217516109491083,0.0213947207892819,0.00315302419350162,0.000396218219958915,0
"TY045_Laguna_del_Hunco","TY045","Laguna del Hunco","TY045","unknown","unknown","unknown","unknown","unknown","unknown",FALSE,FALSE,FALSE,51.9,NA,NA,1.2329381186553,0.234696344206435,0.285986965402128,0.123687006071122,0.109327030210277,0.137104760632631,0.0630842280314461,0.539760038000001,NA,0
"TY048_Laguna_del_Hunco","TY048","Laguna del Hunco","TY048","unknown","unknown","unknown","unknown","unknown","unknown",FALSE,FALSE,FALSE,51.9,7.67911272007864,0.535514755435174,1.46901508619857,0.848835814571316,1.24695261731091,0.777685059335094,0.0888078022679242,0.13046000130372,0.0813637923737105,0.10462306225,NA,0
"TY053_Laguna_del_Hunco","TY053","Laguna del Hunco","TY053","unknown","unknown","unknown","unknown","unknown","unknown",FALSE,FALSE,FALSE,51.9,7.71414185514859,0.75597770718632,1,0,0,0,0,0,0,0,NA,1
"TY054_Laguna_del_Hunco","TY054","Laguna del Hunco","TY054","unknown","unknown","unknown","unknown","unknown","unknown",FALSE,FALSE,FALSE,51.9,6.47467614316762,0.438554040967848,1,0,0,0,0,0,0,0,NA,1
"TY056_Laguna_del_Hunco","TY056","Laguna del Hunco","TY056","unknown","unknown","unknown","unknown","unknown","unknown",FALSE,FALSE,FALSE,51.9,7.48034117561598,0.520821096320929,1,0,0,0,0,0,0,0,0.000953535572373289,1
"TY057_Laguna_del_Hunco","TY057","Laguna del Hunco","TY057","unknown","unknown","unknown","unknown","unknown","unknown",FALSE,FALSE,FALSE,51.9,8.22605782271643,0.721990954596824,1.12547579891747,1.37540954906755,1.56248792752367,1.54744009566727,0.0219650437794928,0.0248553178460506,0.0257013525593672,0.0164319594907407,0.00108183693294101,0
"TY058_Laguna_del_Hunco","TY058","Laguna del Hunco","TY058","unknown","unknown","unknown","unknown","unknown","unknown",FALSE,FALSE,FALSE,51.9,6.09040449496289,0.439519494573264,1.10622216170393,2.52721472081397,2.79566093154882,12.0287854127593,0.00252801142525473,0.00279654226365751,0.0120325774873608,0.00100031525000001,0.00303897043696697,0
"TY059_Laguna_del_Hunco","TY059","Laguna del Hunco","TY059","unknown","unknown","unknown","unknown","unknown","unknown",FALSE,FALSE,FALSE,51.9,7.13465177916565,0.644871875121173,1,0,0,0,0,0,0,0,NA,1
"TY060_Laguna_del_Hunco","TY060","Laguna del Hunco","TY060","unknown","unknown","unknown","unknown","unknown","unknown",FALSE,FALSE,FALSE,51.9,6.96564675739791,0.543832274487412,1,0,0,0,0,0,0,0,0.0020672990039464,1
"TY062_Laguna_del_Hunco","TY062","Laguna del Hunco","TY062","unknown","unknown","unknown","unknown","unknown","unknown",FALSE,FALSE,FALSE,51.9,8.33238053440699,0.807211461689687,1.86697023839809,2.09311144882146,3.90777678059998,1.50443173728088,0.0565823796069355,0.105637618743892,0.040668798452886,0.0333932914705882,0.00100948458055943,0
"TY064_Laguna_del_Hunco","TY064","Laguna del Hunco","TY064","unknown","unknown","unknown","unknown","unknown","unknown",FALSE,FALSE,FALSE,51.9,5.9979584432584,0.673055708136469,1.43491743210807,2.42738315864303,3.48309440874243,6.65721179091236,0.0345366990285982,0.0495573114836053,0.0947185116505897,0.01422795528,0.00136902881837385,0
"TY068_Laguna_del_Hunco","TY068","Laguna del Hunco","TY068","unknown","unknown","unknown","unknown","unknown","unknown",FALSE,FALSE,FALSE,51.9,7.37262073037175,0.517642396807182,1,0,0,0,0,0,0,0,0.00154221238227705,1
"TY069_Laguna_del_Hunco","TY069","Laguna del Hunco","TY069","unknown","unknown","unknown","unknown","unknown","unknown",FALSE,FALSE,FALSE,51.9,7.195862261147,0.43683841602332,1,0,0,0,0,0,0,0,0.000522029668161852,1
"TY070_Laguna_del_Hunco","TY070","Laguna del Hunco","TY070","unknown","unknown","unknown","unknown","unknown","unknown",FALSE,FALSE,FALSE,51.9,8.01539769620692,0.508319661952597,1.04934832874936,0.490536975960891,0.519545170106045,0.423211915374774,0.0237798988025417,0.0251314274977794,0.0193743401825927,0.0348191219999999,NA,0
"TY073_Laguna_del_Hunco","TY073","Laguna del Hunco","TY073","unknown","unknown","unknown","unknown","unknown","unknown",FALSE,FALSE,FALSE,51.9,7.69766612797439,0.605028006588866,1.07204221489322,0.504690718875019,0.541049756098828,0.387647916432692,0.0568267454088658,0.0609206700132937,0.0436480573775977,0.1125971675,NA,0
"TY075_Laguna_del_Hunco","TY075","Laguna del Hunco","TY075","unknown","unknown","Myrtales","unknown","""Myrtaceae""","Myrtales",FALSE,TRUE,FALSE,51.9,7.48262555195103,0.394369423459509,1,0,0,0,0,0,0,0,NA,1
"TY076_Laguna_del_Hunco","TY076","Laguna del Hunco","TY076","unknown","unknown","unknown","unknown","unknown","unknown",FALSE,FALSE,FALSE,51.9,7.41714355876865,0.606520044140137,1,0,0,0,0,0,0,0,0.00202663121339643,1
"TY077_Laguna_del_Hunco","TY077","Laguna del Hunco","TY077","unknown","unknown","unknown","unknown","unknown","unknown",FALSE,FALSE,FALSE,51.9,6.58174809220869,0.718885786749506,1,0,0,0,0,0,0,0,NA,1
"TY079_Laguna_del_Hunco","TY079","Laguna del Hunco","TY079","unknown","unknown","unknown","unknown","unknown","unknown",FALSE,FALSE,FALSE,51.9,7.00342902905042,0.78422180911429,1,0,0,0,0,0,0,0,0.00105683464602601,1
"TY080_Laguna_del_Hunco","TY080","Laguna del Hunco","TY080","unknown","unknown","unknown","unknown","unknown","unknown",FALSE,FALSE,FALSE,51.9,6.20082744474048,0.462106499155356,1.05193309117221,0.906221910442241,0.95328481553949,2.03848979931128,0.00876810038173911,0.00922345493827104,0.0197232962275102,0.00967544514285715,0.00126246710742957,0
"TY081_Laguna_del_Hunco","TY081","Laguna del Hunco","TY081","unknown","unknown","unknown","unknown","unknown","unknown",FALSE,FALSE,FALSE,51.9,7.82871509370456,0.805682071718096,1,0,0,0,0,0,0,0,NA,1
"TY082_Laguna_del_Hunco","TY082","Laguna del Hunco","TY082","unknown","unknown","unknown","unknown","unknown","unknown",FALSE,FALSE,FALSE,51.9,6.84289670663364,0.60433671445834,1.49471026290614,1.18039145193451,1.7643432174532,2.62408714863527,0.0707289031359549,0.105719217401406,0.157234962564287,0.0599198706666666,NA,0
"TY084_Laguna_del_Hunco","TY084","Laguna del Hunco","TY084","unknown","Lauraceae","Laurales","unknown","Lauraceae","Laurales",FALSE,FALSE,FALSE,51.9,7.16260704118044,0.526072082451716,1,0,0,0,0,0,0,0,0.00150822129155201,1
"TY102_Laguna_del_Hunco","TY102","Laguna del Hunco","TY102","unknown","Monimiaceae","Laurales","unknown","Monimiaceae","Laurales",FALSE,FALSE,FALSE,51.9,6.44429022657598,0.53119097260416,1.18559504501236,3.57942065746622,4.24374339550682,8.81502239116828,0.00632790631432349,0.00750233437156435,0.0155837050707146,0.00176785768421051,0.000439367896130714,0
"TY103_Laguna_del_Hunco","TY103","Laguna del Hunco","TY103","unknown","unknown","unknown","unknown","unknown","unknown",FALSE,FALSE,FALSE,51.9,6.195221384622,0.572068006898485,1.14021450670444,7.2931355470874,8.41389366368048,16.4240462104629,0.00647496214662949,0.00741326498721843,0.0144501224790653,0.00095065065555556,0.000448811505680301,0
"TY104_Laguna_del_Hunco","TY104","Laguna del Hunco","TY104","unknown","unknown","unknown","unknown","unknown","unknown",FALSE,FALSE,FALSE,51.9,6.35394013958913,0.417472194267098,1.1461924475887,2.01763840909658,2.29527966613905,4.86939899236855,0.0145667014422779,0.0168994016245369,0.0368226503188269,0.00840058504,NA,0
"TY108_Laguna_del_Hunco","TY108","Laguna del Hunco","TY108","unknown","unknown","unknown","unknown","unknown","unknown",FALSE,FALSE,FALSE,51.9,6.77350938425071,0.647581006557058,1.15740770009247,1.51262344283948,1.75072202008279,1.66537043502566,0.0286695377687529,0.0331823437716464,0.0315646308484454,0.0189535194,0.0010876408330529,0
"TY109_Laguna_del_Hunco","TY109","Laguna del Hunco","TY109","unknown","unknown","unknown","unknown","unknown","unknown",FALSE,FALSE,FALSE,51.9,7.59937301773312,0.570039431961443,1.1907164580156,1.48461256006831,1.76048007378783,1.48950598507052,0.0380918695229874,0.045357142295581,0.037874997940952,0.0259094373666667,NA,0
"TY111_Laguna_del_Hunco","TY111","Laguna del Hunco","TY111","unknown","unknown","unknown","unknown","unknown","unknown",FALSE,FALSE,FALSE,51.9,7.79893331004122,0.535154847261316,1,0,0,0,0,0,0,0,0.00138583285629077,1
"TY112_Laguna_del_Hunco","TY112","Laguna del Hunco","TY112","unknown","unknown","unknown","unknown","unknown","unknown",FALSE,FALSE,FALSE,51.9,7.54394268180328,0.420399979331827,1.13025269211229,1.33136862222839,1.50801438691143,1.79953533647783,0.0158484312116796,0.0180154334304105,0.0191498007825208,0.0120156328587963,0.000416933530360403,0
"TY113_Laguna_del_Hunco","TY113","Laguna del Hunco","TY113","unknown","unknown","unknown","unknown","unknown","unknown",FALSE,FALSE,FALSE,51.9,7.05601199678196,0.558736192174336,1,0,0,0,0,0,0,0,0.00186386802454559,1
"TY114_Laguna_del_Hunco","TY114","Laguna del Hunco","TY114","unknown","unknown","unknown","unknown","unknown","unknown",FALSE,FALSE,FALSE,51.9,6.20597090502653,0.733078384875857,1,0,0,0,0,0,0,0,0.00671485344441565,1
"TY118_Laguna_del_Hunco","TY118","Laguna del Hunco","TY118","unknown","Menispermaceae","Ranunculales","unknown","Menispermaceae","Ranunculales",FALSE,FALSE,FALSE,51.9,6.99713884011682,0.728776721541098,1,0,0,0,0,0,0,0,0.000366660844116333,1
"TY119_Laguna_del_Hunco","TY119","Laguna del Hunco","TY119","unknown","unknown","unknown","unknown","unknown","unknown",FALSE,FALSE,FALSE,51.9,7.16958093688869,0.630594333547844,1.38604477063487,6.83617568430224,9.4752455583684,8.99061961765751,0.0111376569356311,0.0154372911527568,0.014647727262212,0.00162922333333333,NA,0
"TY122_Laguna_del_Hunco","TY122","Laguna del Hunco","TY122","unknown","Lauraceae","Laurales","unknown","Lauraceae","Laurales",FALSE,FALSE,FALSE,51.9,6.76169761456614,0.44264769826911,1,0,0,0,0,0,0,0,0.00185084071634005,1
"TY124_Laguna_del_Hunco","TY124","Laguna del Hunco","TY124","unknown","unknown","unknown","unknown","unknown","unknown",FALSE,FALSE,FALSE,51.9,7.46530939860389,0.637689471754697,1,0,0,0,0,0,0,0,0.00075942993058673,1
"TY125_Laguna_del_Hunco","TY125","Laguna del Hunco","TY125","unknown","unknown","unknown","unknown","unknown","unknown",FALSE,FALSE,FALSE,51.9,7.0825485693553,0.536456045243797,1,0,0,0,0,0,0,0,0.00180990731475372,1
"TY126_Laguna_del_Hunco","TY126","Laguna del Hunco","TY126","unknown","unknown","unknown","unknown","unknown","unknown",FALSE,FALSE,FALSE,51.9,7.65282610081603,0.587001218580354,1,0,0,0,0,0,0,0,0.00155699759854749,1
"TY132_Laguna_del_Hunco","TY132","Laguna del Hunco","TY132","unknown","unknown","unknown","unknown","unknown","unknown",FALSE,FALSE,FALSE,51.9,7.63424051915259,0.611498792401498,1.15151170883045,1.18648512359828,1.36625151217657,2.4462726393925,0.0151537156230047,0.0174496809721769,0.03124364492769,0.012771939,0.000971517615519597,0
"TY133_Laguna_del_Hunco","TY133","Laguna del Hunco","TY133","unknown","unknown","unknown","unknown","unknown","unknown",FALSE,FALSE,FALSE,51.9,7.53047999524554,0.716527679956797,1.23873947310316,3.97345616375189,4.90901397993266,2.5607899302841,0.0249332973195368,0.0307555985044821,0.0159567238300364,0.00624892739130433,NA,0
"TY135_Laguna_del_Hunco","TY135","Laguna del Hunco","TY135","unknown","unknown","unknown","unknown","unknown","unknown",FALSE,FALSE,FALSE,51.9,6.9560912096751,0.638718911132675,1.01269045185626,0.319405831970271,0.323459236303499,0.526396727957524,0.000225403098592316,0.000228263565763253,0.000371475538936076,0.000705695000000173,0.00133869154362426,0
"TY136_Laguna_del_Hunco","TY136","Laguna del Hunco","TY136","unknown","unknown","unknown","unknown","unknown","unknown",FALSE,FALSE,FALSE,51.9,6.57521530088853,0.47841280934956,1.04894469374012,2.33376065113192,2.4479858514643,3.38483610248721,0.0183194283361801,0.0192160671455885,0.0265701036561545,0.00784974599999999,NA,0
"TY138_Laguna_del_Hunco","TY138","Laguna del Hunco","TY138","unknown","unknown","Myrtales","unknown","""Melastomataceae""","Myrtales",FALSE,TRUE,FALSE,51.9,5.82629661515587,0.539240634118653,1.09257838376199,3.73713150333119,4.10581899896513,9.78224129726686,0.00862547510833299,0.00942756513569336,0.0228542879405143,0.00232693671568626,NA,0
"TY140_Laguna_del_Hunco","TY140","Laguna del Hunco","TY140","unknown","unknown","unknown","unknown","unknown","unknown",FALSE,FALSE,FALSE,51.9,7.15935282153866,0.417973503247998,1.19228019162694,2.16058836097441,2.57280985895743,3.56098677153229,0.0229840418592454,0.0274721055713608,0.0378145821671452,0.0108818723095238,0.000443526906625383,0
"TY142_Laguna_del_Hunco","TY142","Laguna del Hunco","TY142","unknown","unknown","unknown","unknown","unknown","unknown",FALSE,FALSE,FALSE,51.9,NA,NA,1.09767481082305,1.1732682459593,1.28786699992807,1.18480165535243,0.0133164358093355,0.0146171161578496,0.0134473384450927,0.0113498646666667,NA,0
"TY144_Laguna_del_Hunco","TY144","Laguna del Hunco","TY144","unknown","unknown","unknown","unknown","unknown","unknown",FALSE,FALSE,FALSE,51.9,8.1096158541218,0.574287285624437,1.05130626436977,0.798154694926869,0.839105030712763,0.66299524985877,0.00260126444594142,0.00273472560730058,0.00216076655596656,0.00325909809523799,NA,0
"TY147_Laguna_del_Hunco","TY147","Laguna del Hunco","TY147","unknown","unknown","unknown","unknown","unknown","unknown",FALSE,FALSE,FALSE,51.9,8.191684633424,0.534354386470251,1.1133421385007,1.99048199748718,2.21608748372952,1.59037347013369,0.0159096568180248,0.0177128913445919,0.0127116427851446,0.00799286647058823,NA,0
"TY148_Laguna_del_Hunco","TY148","Laguna del Hunco","TY148","unknown","unknown","unknown","unknown","unknown","unknown",FALSE,FALSE,FALSE,51.9,7.71601526664259,0.638846789527339,1,0,0,0,0,0,0,0,NA,1
"TY151_Laguna_del_Hunco","TY151","Laguna del Hunco","TY151","unknown","unknown","unknown","unknown","unknown","unknown",FALSE,FALSE,FALSE,51.9,7.18113556672306,0.466624812017203,1.01874970618156,0.520244994378129,0.529999435165147,0.747892910141584,0.0164194981437177,0.0167273589095611,0.0236043140875353,0.0315610881818183,0.00126909322350895,0
"TY153_Laguna_del_Hunco","TY153","Laguna del Hunco","TY153","unknown","unknown","unknown","unknown","unknown","unknown",FALSE,FALSE,FALSE,51.9,7.3664451483276,0.712502988947003,1,0,0,0,0,0,0,0,0.00374269152264287,1
"TY155_Laguna_del_Hunco","TY155","Laguna del Hunco","TY155","unknown","unknown","unknown","unknown","unknown","unknown",FALSE,FALSE,FALSE,51.9,8.17315929933463,0.695205423599618,1.13047846020919,1.2483822341614,1.42012283959454,1.8145478744668,0.0252254258542802,0.0283885465222755,0.031883357746708,0.0266408748928571,0.00106339456377118,0
"TY157_Laguna_del_Hunco","TY157","Laguna del Hunco","TY157","unknown","Myrtaceae","Myrtales","unknown","Myrtaceae","Myrtales",FALSE,FALSE,FALSE,51.9,7.10703728159303,0.52489723087248,1,0,0,0,0,0,0,0,0.000594589979021002,1
"TY158_Laguna_del_Hunco","TY158","Laguna del Hunco","TY158","unknown","unknown","unknown","unknown","unknown","unknown",FALSE,FALSE,FALSE,51.9,NA,NA,1.20794571911762,2.12585618901905,2.78950668313291,3.1112142871149,0.0135369506987264,0.0175553566387198,0.019374197172516,0.00700773818750005,NA,0
"TY159_Laguna_del_Hunco","TY159","Laguna del Hunco","TY159","unknown","unknown","unknown","unknown","unknown","unknown",FALSE,FALSE,FALSE,51.9,7.40029551938392,0.733711048711055,1.31230924653349,3.8927429081711,5.10548176044995,3.99208536464544,0.0214037726868807,0.0281001315232714,0.022503484031209,0.00576551623958334,0.000323659299375151,0
"TY160_Laguna_del_Hunco","TY160","Laguna del Hunco","TY160","unknown","unknown","unknown","unknown","unknown","unknown",FALSE,FALSE,FALSE,51.9,8.31824822227006,0.68932770566042,1.33740678670722,2.35776664892485,3.25746412346932,3.39198618768106,0.0221819106352758,0.0284704114054543,0.0211974161085704,0.0149752435555555,0.000715739448274523,0
"TY161_Laguna_del_Hunco","TY161","Laguna del Hunco","TY161","unknown","unknown","unknown","unknown","unknown","unknown",FALSE,FALSE,FALSE,51.9,7.6069342317738,0.562014987468128,1.19298863841582,1.53117861786918,1.82667869450316,1.597612554383,0.0187257308112509,0.0223395841038553,0.0195381925301984,0.0122296188,0.000740171890844982,0
"TY164_Laguna_del_Hunco","TY164","Laguna del Hunco","TY164","unknown","unknown","unknown","unknown","unknown","unknown",FALSE,FALSE,FALSE,51.9,7.7349302249179,0.604752700532513,1.18145589088079,2.19424545760724,2.59240422192849,2.4289218798262,0.0278210263557472,0.0328693154783473,0.0307965088410775,0.0126790857692307,0.00023720240196028,0
"TY167_Laguna_del_Hunco","TY167","Laguna del Hunco","TY167","unknown","unknown","unknown","unknown","unknown","unknown",FALSE,FALSE,FALSE,51.9,6.89430798138959,0.551363852650432,1.23842886296074,1.92708440576734,2.35963073459949,3.25153578220914,0.0109177369262065,0.0141710654691558,0.0174352280560546,0.00605114627747252,0.00177971332021981,0
"TY175_Laguna_del_Hunco","TY175","Laguna del Hunco","TY175","unknown","Fabaceae","Fabales","unknown","Fabaceae","Fabales",FALSE,FALSE,FALSE,51.9,3.31677254275125,0.532001891666245,1,0,0,0,0,0,0,0,NA,1
"TY178_Laguna_del_Hunco","TY178","Laguna del Hunco","TY178","unknown","unknown","unknown","unknown","unknown","unknown",FALSE,FALSE,FALSE,51.9,8.59868100826251,0.859514793351628,1.16215771763925,3.29307967205426,3.82147984174682,1.57713651307146,0.0254241435212423,0.0296367442678702,0.011435731001949,0.00791623137500001,0.000529979043420537,0
"TY180_Laguna_del_Hunco","TY180","Laguna del Hunco","TY180","unknown","unknown","unknown","unknown","unknown","unknown",FALSE,FALSE,FALSE,51.9,6.98305893764894,0.40758070715765,1.56266663274429,4.2013631351667,6.56532998336692,8.83079031011868,0.0183560220343531,0.0286843431430025,0.0385822830110731,0.00487318613461537,NA,0
"TY181_Laguna_del_Hunco","TY181","Laguna del Hunco","TY181","unknown","unknown","unknown","unknown","unknown","unknown",FALSE,FALSE,FALSE,51.9,6.45760824053507,0.630808588304058,1.5644012477605,6.2057258253311,9.69950048602602,13.2161557617277,0.0189950574970199,0.0297259695177609,0.0399458615935472,0.00368359188397606,0.00214308884266869,0
"TY185_Laguna_del_Hunco","TY185","Laguna del Hunco","TY185","unknown","unknown","unknown","unknown","unknown","unknown",FALSE,FALSE,FALSE,51.9,8.62446787388728,0.675424830515624,1.1833882092285,1.93557975209609,2.29054225665194,1.27146845933222,0.0584740809021974,0.0691975378851338,0.0384112044337471,0.0302101119,NA,0
"TY186_Laguna_del_Hunco","TY186","Laguna del Hunco","TY186","unknown","unknown","unknown","unknown","unknown","unknown",FALSE,FALSE,FALSE,51.9,7.17774699451049,0.570078018849858,1.01649641903027,0.378781460617128,0.385362627182429,0.563785750076614,0.00798580866298744,0.00814121025382002,0.0100420693688639,0.0210514536666667,0.00207581385964963,0
"TY187_Laguna_del_Hunco","TY187","Laguna del Hunco","TY187","unknown","unknown","unknown","unknown","unknown","unknown",FALSE,FALSE,FALSE,51.9,6.14761322959791,0.603515695565033,1.15112540585242,2.12503702508086,2.44618410794762,4.4434184360876,0.0167577684402995,0.0192902929970207,0.0350402258202916,0.0078858712777778,0.0014795154415515,0
"TY191_Laguna_del_Hunco","TY191","Laguna del Hunco","TY191","unknown","unknown","unknown","unknown","unknown","unknown",FALSE,FALSE,FALSE,51.9,6.8119049533253,0.452357026596363,1.14354148635854,1.13363182520576,1.29635502237914,2.07897362007915,0.0165049969286371,0.0188741487201168,0.0302686043662331,0.014559398,NA,0
"TY192_Laguna_del_Hunco","TY192","Laguna del Hunco","TY192","unknown","unknown","unknown","unknown","unknown","unknown",FALSE,FALSE,FALSE,51.9,7.67939011259082,0.58665738305927,1.1346859417482,1.33654521484012,1.51655906578991,1.15290536621717,0.0101045466829013,0.0114654870688264,0.00871619303601506,0.00756019816666657,NA,0
"TY193_Laguna_del_Hunco","TY193","Laguna del Hunco","TY193","unknown","unknown","Ranunculales","unknown","""Menispermaceae""","Ranunculales",FALSE,TRUE,FALSE,51.9,7.57125967251524,0.540460518120339,1,0,0,0,0,0,0,0,NA,1
"TY196_Laguna_del_Hunco","TY196","Laguna del Hunco","TY196","unknown","unknown","unknown","unknown","unknown","unknown",FALSE,FALSE,FALSE,51.9,6.10345304905603,0.885613605042368,1,0,0,0,0,0,0,0,NA,1
"TY197_Laguna_del_Hunco","TY197","Laguna del Hunco","TY197","unknown","unknown","unknown","unknown","unknown","unknown",FALSE,FALSE,FALSE,51.9,7.3395694619816,0.49107373697083,1,0,0,0,0,0,0,0,0.00126154227777426,1
"TY199_Laguna_del_Hunco","TY199","Laguna del Hunco","TY199","unknown","unknown","unknown","unknown","unknown","unknown",FALSE,FALSE,FALSE,51.9,7.00488198971286,0.535958071921866,1,0,0,0,0,0,0,0,NA,1
"TY200_Laguna_del_Hunco","TY200","Laguna del Hunco","TY200","unknown","unknown","unknown","unknown","unknown","unknown",FALSE,FALSE,FALSE,51.9,7.35333813368619,0.500588299622461,1.08658318080037,1.85508316095936,2.01570216168443,2.52021404997578,0.0130302655148137,0.0141584673497596,0.0177022027456523,0.00702408700000005,NA,0
"TY201_Laguna_del_Hunco","TY201","Laguna del Hunco","TY201","unknown","unknown","unknown","unknown","unknown","unknown",FALSE,FALSE,FALSE,51.9,5.86050128258917,0.523197160497646,1.1453533698456,1.66889381993311,1.91147316057489,4.98220401813668,0.0112821110750079,0.0129220039387326,0.0336808600161401,0.00676023299999999,NA,0
"TY203_Laguna_del_Hunco","TY203","Laguna del Hunco","TY203","unknown","Anacardiaceae","Sapindales","unknown","Anacardiaceae","Sapindales",FALSE,FALSE,FALSE,51.9,6.33664872433122,0.474334859311564,1,0,0,0,0,0,0,0,NA,1
"TY204_Laguna_del_Hunco","TY204","Laguna del Hunco","TY204","unknown","unknown","unknown","unknown","unknown","unknown",FALSE,FALSE,FALSE,51.9,6.51204246231665,0.544587731019703,1,0,0,0,0,0,0,0,0.00282887700534759,1
"TY206_Laguna_del_Hunco","TY206","Laguna del Hunco","TY206","unknown","unknown","unknown","unknown","unknown","unknown",FALSE,FALSE,FALSE,51.9,NA,NA,1.64551032780046,4.46509891264626,7.34736637541002,7.97349469562925,0.0278986022169033,0.0459074380791111,0.0498195809642464,0.00711594719444444,NA,0
"TY207_Laguna_del_Hunco","TY207","Laguna del Hunco","TY207","unknown","unknown","unknown","unknown","unknown","unknown",FALSE,FALSE,FALSE,51.9,7.52691665471081,0.523681454471988,1.43266843636939,5.5158827959032,7.90243118040348,7.50557118392893,0.0181633138023159,0.0260220063844506,0.0247151815445705,0.00329291148387096,NA,0
"TY208_Laguna_del_Hunco","TY208","Laguna del Hunco","TY208","unknown","Proteaceae","Proteales","unknown","Proteaceae","Proteales",FALSE,FALSE,FALSE,51.9,6.20744073186556,0.404789243871382,1.20510172738175,1.24759068651468,1.50354697980572,4.21423206822656,0.0198725777439608,0.0239516267744483,0.0672216551035635,0.0159029193357843,NA,0
"TY209_Laguna_del_Hunco","TY209","Laguna del Hunco","TY209","unknown","unknown","unknown","unknown","unknown","unknown",FALSE,FALSE,FALSE,51.9,7.46661370687971,0.540568182211445,1.31443671402936,2.44740283933558,3.2527706702608,3.4085575363964,0.0245784933191597,0.0328652518910159,0.0362962417718601,0.0117846188091168,0.00165647379671666,0
"TY210_Laguna_del_Hunco","TY210","Laguna del Hunco","TY210","unknown","unknown","unknown","unknown","unknown","unknown",FALSE,FALSE,FALSE,51.9,7.04003805869809,0.413814782455904,1.14506887491307,2.50242810386974,2.87009570163597,4.58000632232257,0.0242107519761739,0.027754543254624,0.0442800233663709,0.00966084176369516,0.00120536903753881,0
"TY212_Laguna_del_Hunco","TY212","Laguna del Hunco","TY212","unknown","unknown","unknown","unknown","unknown","unknown",FALSE,FALSE,FALSE,51.9,7.63573857437754,0.622944453736471,1.13247624371157,1.3573543928924,1.53717160424818,1.07970160973695,0.0150542941757157,0.0170486305198435,0.0119748723989007,0.0110909090909091,NA,0
"TY213_Laguna_del_Hunco","TY213","Laguna del Hunco","TY213","unknown","unknown","unknown","unknown","unknown","unknown",FALSE,FALSE,FALSE,51.9,5.58424790596101,0.375949040599241,1,0,0,0,0,0,0,0,NA,1
"TY215_Laguna_del_Hunco","TY215","Laguna del Hunco","TY215","unknown","unknown","unknown","unknown","unknown","unknown",FALSE,FALSE,FALSE,51.9,7.98419012270554,0.589756194759729,1,0,0,0,0,0,0,0,0.000845417831095358,1
"TY216_Laguna_del_Hunco","TY216","Laguna del Hunco","TY216","unknown","unknown","unknown","unknown","unknown","unknown",FALSE,FALSE,FALSE,51.9,7.60728206650612,0.588649690424767,1.02658564375237,0.924898261191269,0.94948727687049,0.995520159283225,0.00397706252312239,0.00408279529054304,0.0042807366849178,0.00429999999999993,NA,0
"TY217_Laguna_del_Hunco","TY217","Laguna del Hunco","TY217","unknown","unknown","unknown","unknown","unknown","unknown",FALSE,FALSE,FALSE,51.9,8.32054550390599,0.62769458497907,1.30947399880454,3.19525276731713,4.18410041841004,4.7361299052774,0.0230514663927879,0.0301852958756724,0.0341677943166441,0.00721428571428571,0.000603940448945805,0
"TY218_Laguna_del_Hunco","TY218","Laguna del Hunco","TY218","unknown","unknown","unknown","unknown","unknown","unknown",FALSE,FALSE,FALSE,51.9,8.89443713557905,0.529373617474553,1,0,0,0,0,0,0,0,NA,1
"TY219_Laguna_del_Hunco","TY219","Laguna del Hunco","TY219","unknown","unknown","unknown","unknown","unknown","unknown",FALSE,FALSE,FALSE,51.9,7.94108210095162,0.534623264998464,1.06843481963623,1.76497381006604,1.88575947442059,1.55427425419905,0.0134365748121157,0.0143561043859116,0.0118325394835799,0.00761290322580647,0.0010392403216624,0
"TY220_Laguna_del_Hunco","TY220","Laguna del Hunco","TY220","unknown","unknown","unknown","unknown","unknown","unknown",FALSE,FALSE,FALSE,51.9,8.16632989849966,0.940310036972092,1.006438101148,0.0770712909441233,0.0775674837108284,0.131648235913639,0.000693641618497136,0.000698107353397482,0.00118483412322279,0.00900000000000034,NA,0
"TY222_Laguna_del_Hunco","TY222","Laguna del Hunco","TY222","unknown","unknown","unknown","unknown","unknown","unknown",FALSE,FALSE,FALSE,51.9,6.8845890009503,0.436799401828611,1,0,0,0,0,0,0,0,0.000372130795210316,1
"TY223_Laguna_del_Hunco","TY223","Laguna del Hunco","TY223","unknown","unknown","unknown","unknown","unknown","unknown",FALSE,FALSE,FALSE,51.9,6.26814886535022,0.572094917216732,1.11875529212532,1.89214758751183,2.11685012701101,4.03225806451613,0.00927152317880793,0.0103725656223539,0.019758064516129,0.00489999999999999,NA,0
"aff_Crataegus_sp_rp32_Republic","aff. Crataegus sp. (rp32)","Republic","aff. Crataegus sp. (rp32)","Crataegus","Rosaceae","Rosales","Crataegus","Rosaceae","Rosales",FALSE,FALSE,FALSE,49.4,6.15200025904776,0.571265684089441,1.14749777939711,1.04925927806208,1.23082675169089,3.21464464803772,0.0246418751518308,0.0318651491449106,0.0697941072102004,0.0223753219966555,0.000880017766916901,0
"aff_Crataegus_sp_or_Bohlenia_sp_rp61_Republic","aff. Crataegus sp. or Bohlenia sp. (rp61)","Republic","aff. Crataegus sp. or Bohlenia sp. (rp61)","Crataegus or Bohlenia","Rosaceae","Rosales","Crataegus or Bohlenia","Rosaceae","Rosales",FALSE,FALSE,FALSE,49.4,7.10184070269633,0.585885749470952,1.32438724039194,1.2921789824074,1.7952846983344,1.91743134623692,0.0651766139899573,0.0969351970896441,0.0960393461487746,0.0604405509444444,NA,0
"Alnus_parvifolia_Republic","Alnus parvifolia","Republic","Alnus parvifolia (rp20)","Alnus","Betulaceae","Fagales","Alnus","Betulaceae","Fagales",FALSE,FALSE,FALSE,49.4,6.67096945001862,0.665010306748501,1.27497777173814,5.61905442802214,7.21641456938735,13.7975357122466,0.0142577563077611,0.0182960120315787,0.0334054710944833,0.00274772293817507,0.00101207856901903,0
"Archeampelos_acerifolia_Republic","Archeampelos acerifolia","Republic","cf. Archeampelos acerifolia (rp38)","unknown","Cercidiphyllaceae","Saxifragales","""Archeampelos""","Cercidiphyllaceae","Saxifragales",TRUE,FALSE,FALSE,49.4,6.88243747099785,0.792122936145001,1.16775199913673,2.33508085433245,2.72679533579262,4.22047848902823,0.0331159786561851,0.0386712502791295,0.0598545764709734,0.0141819408928571,NA,0
"Betula_leopoldae_Republic","Betula leopoldae","Republic","Betula leopoldae (rp22)","Betula","Betulaceae","Fagales","Betula","Betulaceae","Fagales",FALSE,FALSE,FALSE,49.4,7.39152162690772,0.672084662933188,1.43835295640167,3.94062863893943,5.57329210277975,5.55996435618675,0.0266465213684917,0.0394542399773892,0.0346446771633639,0.00822204515999164,0.000671341813720485,0
"Betula_papyrifera_Republic","Betula papyrifera","Republic","Betula papyrifera (rp21)","Betula","Betulaceae","Fagales","Betula","Betulaceae","Fagales",FALSE,FALSE,FALSE,49.4,7.39510754656249,0.719588849642211,1.34840820825636,5.34277913787284,7.20424724440856,10.7028291984079,0.0171347724003994,0.023104667751303,0.0343249342004586,0.00320708978571428,NA,0
"Castinia_sp_rp154_Republic","Castinia sp. ? (rp154)","Republic","Castinia sp. ? (rp154)","Castaneophyllum","Fagaceae","Fagales","Castaneophyllum","Fagaceae","Fagales",FALSE,FALSE,FALSE,49.4,NA,NA,1.07729538333622,0.674660333819275,0.72680846294358,0.568873663676959,0.0407158841504591,0.043863034023742,0.0343316377522839,0.0603501971428572,NA,0
"Cercidiphyllum_obtritum_Republic","Cercidiphyllum obtritum","Republic","Cercidiphyllum obtritum (rp15)","Cercidiphyllum","Cercidiphyllaceae","Saxifragales","Cercidiphyllum","Cercidiphyllaceae","Saxifragales",FALSE,FALSE,FALSE,49.4,7.27259507982279,0.851143622356678,1.12243742219781,2.17048260616133,2.4418778810563,2.52590310660579,0.0299252654469285,0.0341491536429541,0.0307101821845908,0.0158799658663817,0.000937725651903464,0
"Comptonia_columbiana_Republic","Comptonia columbiana","Republic","Comptonia columbiana (rp34)","Comptonia","Myricaceae","Fagales","Comptonia","Myricaceae","Fagales",FALSE,FALSE,FALSE,49.4,NA,NA,1.1530807576749,1.55330430908496,1.79108530961938,8.69503424910359,0.0078529067288513,0.00905503564085419,0.0439587352993322,0.00505561381818181,NA,0
"Crataegus_sp_rp42_Republic","Crataegus sp. (rp42)","Republic","Crataegus sp. (rp42)","Crataegus","Rosaceae","Rosales","Crataegus","Rosaceae","Rosales",FALSE,FALSE,FALSE,49.4,6.81428210756202,0.529607056394725,1.39017740659792,1.8457694176128,2.56129487247145,4.04437675109103,0.0589135400558472,0.0824578203842561,0.110137396089232,0.0383650213833193,0.00102500877445016,0
"Fagopsis_undulata_Republic","Fagopsis undulata","Republic","Fagopsis undulata (rp60)","Fagopsis","Fagaceae","Fagales","Fagopsis","Fagaceae","Fagales",FALSE,FALSE,FALSE,49.4,NA,NA,1.17953298017072,1.19209804270161,1.40611895696351,0.896896560561585,0.0763296281885065,0.0900333138125117,0.0574279786887895,0.0640296564999998,NA,0
"Itea_sp_rp19_Republic","Itea sp. (rp19)","Republic","Itea sp. (rp19)","Itea","Iteaceae","Saxifragales","Itea","Iteaceae","Saxifragales",FALSE,FALSE,FALSE,49.4,7.96804613200621,0.756219709118436,1.22209961071106,4.99593848227973,6.10553447433045,4.23153035589945,0.014351414261339,0.0175388577819355,0.0121555630263151,0.00287261628865979,0.00082831814526903,0
"Langeria_magnifica_Republic","Langeria magnifica","Republic","Langeria magnifica (rp33)","Langeria","Platanaceae","Proteales","Langeria","Platanaceae","Proteales",FALSE,FALSE,FALSE,49.4,8.46415100017869,0.734475779596472,1.20572077863813,2.82518847984895,3.40168048768917,2.52551288003629,0.016202993170076,0.0195675677128939,0.0139602282445887,0.00583811160727971,NA,0
"Macginitiea_gracilis_Republic","Macginitiea gracilis","Republic","Macginitiea gracilis (rp14)","Macginitiea","Platanaceae","Proteales","Macginitiea","Platanaceae","Proteales",FALSE,FALSE,FALSE,49.4,7.59444265965596,0.802278847385953,1,0,0,0,0,0,0,0,0.000578913947264886,1
"Photinia_pageae_Republic","Photinia pageae","Republic","Photinia pageae (rp44)","Photinia","Rosaceae","Rosales","Photinia","Rosaceae","Rosales",FALSE,FALSE,FALSE,49.4,6.4876576529067,0.452705386301201,1.24270573797817,3.17855840069462,3.93422144434995,5.37505948936791,0.0238537743117817,0.0296312092093532,0.0398010165022108,0.00764333984230768,0.000566513457602309,0
"Prunus_sp_rp54_Republic","Prunus sp. (rp54)","Republic","Prunus sp. (rp54)","Prunus","Rosaceae","Rosales","Prunus","Rosaceae","Rosales",FALSE,FALSE,FALSE,49.4,8.02226926814276,0.60847211039314,1.18379320635739,2.92346079931838,3.45735866591693,2.43967246653952,0.0220930029313395,0.0261366959357675,0.0187173515760073,0.00805461425604837,0.000582937816373301,0
"Rhus_malloryi_Republic","Rhus malloryi","Republic","Rhus malloryi (rp43)","Rhus","Anacardiaceae","Sapindales","Rhus","Anacardiaceae","Sapindales",FALSE,FALSE,FALSE,49.4,6.23407158580737,0.544597853123958,1.11054284219785,2.05687719539493,2.26910838389597,4.46373834547478,0.0308329751555238,0.0346335826549925,0.0681631043617242,0.0179226235050725,0.00105921826853071,0
"Sassafras_hesperia_Republic","Sassafras hesperia","Republic","Sassafras hesperia (rp48)","Sassafras","Lauraceae","Laurales","Sassafras","Lauraceae","Laurales",FALSE,FALSE,FALSE,49.4,6.80545188875451,0.679282651452743,1,0,0,0,0,0,0,0,0.00126973440193415,1
"Spiraea_sp_rp29_Republic","Spiraea sp. (rp29)","Republic","Spiraea sp. (rp29)","Spiraea","Rosaceae","Rosales","Spiraea","Rosaceae","Rosales",FALSE,FALSE,FALSE,49.4,5.78683537225313,0.548619943996772,1.12434212586877,2.68603819100243,3.09454354167875,8.12230353380488,0.0104689362829417,0.0120077573391041,0.0312940242734148,0.00432054133796295,0.00110749936250727,0
"Ternstroemia_sp_rp49_Republic","Ternstroemia sp. (rp49)","Republic","Ternstroemia sp. (rp49)","Ternstroemia","Theaceae","Ericales","Ternstroemia","Theaceae","Ericales",FALSE,FALSE,FALSE,49.4,7.72497429346204,0.544112864893555,1.05707296722075,1.98466359519963,2.09839297356147,1.79285782341301,0.0210776868004885,0.0223148289362537,0.0179963427557043,0.0103302874849537,0.00111343490724456,0
"Tilia_johnsoni_Republic","Tilia johnsoni","Republic","Tilia johnsoni (rp52)","Tilia","Malvaceae","Malvales","Tilia","Malvaceae","Malvales",FALSE,FALSE,FALSE,49.4,7.0357086432926,0.72470825212199,1.2787190195636,6.69410328414582,8.55987718836042,7.57285244269796,0.014241380168641,0.0182107236864771,0.0161108763966801,0.00212745151428571,NA,0
"Tsukada_davidifolia_Republic","Tsukada davidifolia","Republic","Tsukada davidifolia (rp56)","Tsukada","Nyssaceae","Cornales","Tsukada","Nyssaceae","Cornales",FALSE,FALSE,FALSE,49.4,NA,NA,1.24391170190824,1.7095686944304,2.12655250421797,1.32599621806162,0.053410823087338,0.0664383478468907,0.0414271445471019,0.0312422795652173,NA,0
"Ulmus_chuchuanus_Republic","Ulmus chuchuanus","Republic","Ulmus chuchuanus (rp50)","Ulmus","Ulmaceae","Rosales","Ulmus","Ulmaceae","Rosales",FALSE,FALSE,FALSE,49.4,8.05106194893226,0.693281634896746,1.20060431217013,1.78430861952018,2.14169581893115,2.51985869423053,0.0685227969836977,0.0822028273517714,0.0935883653592216,0.0435287990892857,0.00107482467854181,0
"Ulmus_sp_rp17_Republic","Ulmus sp. (rp17)","Republic","Ulmus sp. (rp17)","Ulmus","Ulmaceae","Rosales","Ulmus","Ulmaceae","Rosales",FALSE,FALSE,FALSE,49.4,7.6993819861671,0.640067973505466,1.38505073806461,2.46892439604033,3.44221350321873,2.34893012044207,0.0561147291683516,0.077479852565081,0.0529711287269166,0.0284619507115514,0.000578531243641935,0
"unknown_1_rp40_Republic","unknown-1 (rp40)","Republic","unknown-1 (rp40)","unknown","unknown","unknown","unknown","unknown","unknown",FALSE,FALSE,FALSE,49.4,NA,NA,1.34985407247797,2.79127383810661,3.76781235776943,9.89837644436883,0.0267163353697653,0.0360631541005649,0.0947410967328536,0.00991321232142858,NA,0
"unknown_10_Republic","unknown-10","Republic","unknown-10","unknown","unknown","unknown","unknown","unknown","unknown",FALSE,FALSE,FALSE,49.4,NA,NA,1.22865340198462,1.91082503717358,2.34774168252072,20.0264574477055,0.0223699731838636,0.0274849436546588,0.234449155394995,0.012438656625,NA,0
"unknown_11_rp159_Republic","unknown-11 (rp159)","Republic","unknown-11 (rp159)","unknown","unknown","unknown","unknown","unknown","unknown",FALSE,FALSE,FALSE,49.4,NA,NA,1.07118198646083,1.82998072006158,1.96024238290058,1.88211780487772,0.016004317384382,0.0171435364877519,0.0164602885559613,0.0087456207647059,NA,0
"unknown_12_rp2_Republic","unknown-12 (rp2)","Republic","unknown-12 (rp2)","unknown","unknown","unknown","unknown","unknown","unknown",FALSE,FALSE,FALSE,49.4,3.76834194360772,0.479403180820777,1,0,0,0,0,0,0,0,NA,1
"unknown_13_rp4_Republic","unknown-13 (rp4)","Republic","unknown-13 (rp4)","unknown","unknown","unknown","unknown","unknown","unknown",FALSE,FALSE,FALSE,49.4,5.17953383055807,0.712004315905304,1,0,0,0,0,0,0,0,NA,1
"unknown_14_rp5_Republic","unknown-14 (rp5)","Republic","unknown-14 (rp5)","unknown","unknown","unknown","unknown","unknown","unknown",FALSE,FALSE,FALSE,49.4,6.05044075220828,0.750741844749564,1,0,0,0,0,0,0,0,NA,1
"unknown_15_rp12_Republic","unknown-15 (rp12)","Republic","unknown-15 (rp12)","unknown","unknown","unknown","unknown","unknown","unknown",FALSE,FALSE,FALSE,49.4,8.25842246245888,0.769707449278092,1,0,0,0,0,0,0,0,NA,1
"unknown_16_rp13_Republic","unknown-16 (rp13)","Republic","unknown-16 (rp13)","unknown","unknown","unknown","unknown","unknown","unknown",FALSE,FALSE,FALSE,49.4,6.82448235978832,0.584282941932779,1,0,0,0,0,0,0,0,NA,1
"unknown_2_rp41_Republic","unknown-2 (rp41)","Republic","unknown-2 (rp41)","unknown","unknown","unknown","unknown","unknown","unknown",FALSE,FALSE,FALSE,49.4,6.32575082604973,0.619710176194831,1.00919383866518,0.499132757443992,0.508310649532886,1.02615169251579,0.00399253508627846,0.0040659485331751,0.00820813015197271,0.00399947211111111,0.00101651874672814,0.5
"unknown_3_rp59_Republic","unknown-3 (rp59)","Republic","unknown-3 (rp59)","unknown","unknown","unknown","unknown","unknown","unknown",FALSE,FALSE,FALSE,49.4,6.5792512120101,0.66296453392253,1.22765275497512,1.9162548629111,2.35249556168728,3.81294487929575,0.0395258310986251,0.0485239954409083,0.078648105846661,0.0215234133478261,NA,0
"unknown_4_rp24_Republic","unknown-4 (rp24)","Republic","unknown-4 (rp24)","unknown","unknown","unknown","unknown","unknown","unknown",FALSE,FALSE,FALSE,49.4,7.34083555412327,0.677619521102378,1.21523579051082,1.88221155682554,2.2873308491675,2.20351380243586,0.0201837732858675,0.0245280436845424,0.0236292370320238,0.010723435,NA,0
"unknown_5_rp149_Republic","unknown-5 (rp149)","Republic","unknown-5 (rp149)","unknown","unknown","unknown","unknown","unknown","unknown",FALSE,FALSE,FALSE,49.4,8.2768780485937,0.587323503691835,1.05565248176123,1.07742924588943,1.13739085734531,1.2396121631871,0.0308480992281996,0.0325648725078656,0.0354915918241217,0.0286312065000001,NA,0
"unknown_6_rp151_Republic","unknown-6 (rp151)","Republic","unknown-6 (rp151)","unknown","unknown","unknown","unknown","unknown","unknown",FALSE,FALSE,FALSE,49.4,NA,NA,1.12163557293311,1.78512431438885,2.00225893312636,2.50023771587062,0.0259333176781592,0.0290877316319985,0.0363220972533704,0.0145274575384615,NA,0
"unknown_7_rp16_Republic","unknown-7 (rp16)","Republic","unknown-7 (rp16)","unknown","unknown","unknown","unknown","unknown","unknown",FALSE,FALSE,FALSE,49.4,NA,NA,1.1848720096323,1.08856135658905,1.28980588218974,0.809290637527462,0.0719474729986266,0.0852485469198484,0.0534893287724246,0.0708150971428572,NA,0
"unknown_8_rp3_Republic","unknown-8 (rp3)","Republic","unknown-8 (rp3)","unknown","unknown","unknown","unknown","unknown","unknown",FALSE,FALSE,FALSE,49.4,NA,NA,1.15375748791652,1.5208420991926,1.75468295988213,1.01813628841047,0.0641855028494826,0.0740545045282774,0.0429693455195811,0.0422039229999999,NA,0
"unknown_9_rp7_Republic","unknown-9 (rp7)","Republic","unknown-9 (rp7)","unknown","unknown","unknown","unknown","unknown","unknown",FALSE,FALSE,FALSE,49.4,7.94047702182796,0.718070391989027,1.02206755590319,2.07809979917597,2.12395838266669,0.983083279874903,0.0285559444717022,0.0291861043726998,0.0135089140388245,0.013741373,NA,0
"Zyziphoides_flabella_Republic","Zyziphoides flabella","Republic","Zyziphoides flabella (rp37)","unknown","unknown","unknown","""Zyziphoides""","unknown","unknown",TRUE,FALSE,FALSE,49.4,7.53212976916013,0.85527655844817,1.20510975572735,1.29102124206556,1.56571929783312,1.28889703806646,0.0707593609601626,0.0854669003743787,0.068936490700165,0.0585318078441558,0.000474454790095408,0
"Allopanax_quinus_Bonanza","Allopanax quinus","Bonanza","Araliophyllum quina","Allopanax","Araliaceae","Apiales","Allopanax","Araliaceae","Apiales",FALSE,FALSE,FALSE,47.3,5.43539773285149,0.339526919222359,1.15348166610981,1.62054356157875,1.86478012207597,7.90739497320598,0.0184905177650917,0.0220007211622611,0.0897619524764317,0.0119765275782828,0.0124063918193342,0
"Allophylus_flexifolia_Bonanza","Allophylus flexifolia","Bonanza","Allophylus flexifolia","unknown","Sapindaceae","Sapindales","""Allophylus""","Sapindaceae","Sapindales",TRUE,FALSE,FALSE,47.3,7.57957935423273,0.515419790950321,1.06967900889386,0.991820253160979,1.06450747409994,1.04459361685379,0.0192872769266208,0.0206440590486792,0.0193686386025414,0.0215999266352344,0.000664033512656202,0
"Caesalpinia_pecorae_Bonanza","Caesalpinia pecorae","Bonanza","Caesalpinia pecorae","unknown","Fabaceae","Fabales","""Caesalpinia""","Fabaceae","Fabales",TRUE,FALSE,FALSE,47.3,5.04226791638245,0.554311898353897,1,0,0,0,0,0,0,0,0.00531002251978643,1
"Cardiospermum_coloradensis_Bonanza","Cardiospermum coloradensis","Bonanza","Cardiospermum coloradensis","Cardiospermum","Sapindaceae","Sapindales","Cardiospermum","Sapindaceae","Sapindales",FALSE,FALSE,FALSE,47.3,5.73857182697362,0.48210438311916,1,0,0,0,0,0,0,0,0.00103014885508896,1
"Cedrelospermum_nervosum_Bonanza","Cedrelospermum nervosum","Bonanza","Cedrelospermum nervosum","Cedrelospermum","Ulmaceae","Rosales","Cedrelospermum","Ulmaceae","Rosales",FALSE,FALSE,FALSE,47.3,5.91734903829251,0.489603813313247,1.09543914058481,2.28442152953298,2.49341404702214,7.10498759740228,0.0173540553347094,0.0191755685359359,0.0450809362597109,0.00892045510126281,0.0038028438938441,0
"dicot_GR_A_Bonanza","dicot GR-A","Bonanza","dicot GR-A","unknown","unknown","unknown","unknown","unknown","unknown",FALSE,FALSE,FALSE,47.3,8.44311098886894,0.664200160379894,1,0,0,0,0,0,0,0,5.69655640185032e-05,1
"dicot_GR_B_Bonanza","dicot GR-B","Bonanza","dicot GR-B","unknown","unknown","unknown","unknown","unknown","unknown",FALSE,FALSE,FALSE,47.3,7.70634685293207,0.5877553019414,1,0,0,0,0,0,0,0,0.000293822921736661,1
"dicot_GR_C_Bonanza","dicot GR-C","Bonanza","dicot GR-C","unknown","unknown","unknown","unknown","unknown","unknown",FALSE,FALSE,FALSE,47.3,7.27883596022847,0.518178840492806,1.11691504028903,1.06990892262207,1.19499736741602,1.07589894923814,0.0308446632482308,0.0344508682945993,0.031017351175132,0.028829242,NA,0
"dicot_GR_D_Bonanza","dicot GR-D","Bonanza","dicot GR-D","unknown","unknown","unknown","unknown","unknown","unknown",FALSE,FALSE,FALSE,47.3,5.49264983600813,0.315332092132129,1.25084288417524,4.01565252376246,5.02582666891156,24.2923704055394,0.0208838096095091,0.0261545386809353,0.12663153185486,0.0051949965483871,NA,0
"dicot_GR_D2_Bonanza","dicot GR-D2","Bonanza","dicot GR-D2","unknown","unknown","unknown","unknown","unknown","unknown",FALSE,FALSE,FALSE,47.3,6.10345304905603,0.395088340604069,1.05322725260058,2.0679853548467,2.17805853370343,5.95726700836917,0.00799578524008224,0.00842137892079611,0.0230335420437627,0.00386646124999998,NA,0
"dicot_GR_G_Bonanza","dicot GR-G","Bonanza","dicot GR-G","unknown","unknown","unknown","unknown","unknown","unknown",FALSE,FALSE,FALSE,47.3,7.6071267782174,0.748329980010075,1,0,0,0,0,0,0,0,NA,1
"dicot_GR_J_Bonanza","dicot GR-J","Bonanza","dicot GR-J","unknown","unknown","unknown","unknown","unknown","unknown",FALSE,FALSE,FALSE,47.3,5.42514676244302,0.535736013665665,1,0,0,0,0,0,0,0,NA,1
"dicot_GR_M_Bonanza","dicot GR-M","Bonanza","dicot GR-M","unknown","unknown","unknown","unknown","unknown","unknown",FALSE,FALSE,FALSE,47.3,6.27991114679682,0.429430681518175,1,0,0,0,0,0,0,0,NA,1
"dicot_GR_O_Bonanza","dicot GR-O","Bonanza","dicot GR-O","unknown","unknown","unknown","unknown","unknown","unknown",FALSE,FALSE,FALSE,47.3,5.1366849381097,0.459422320098495,1,0,0,0,0,0,0,0,NA,1
"dicot_GR_P_Bonanza","dicot GR-P","Bonanza","dicot GR-P","unknown","unknown","unknown","unknown","unknown","unknown",FALSE,FALSE,FALSE,47.3,6.1780219875744,0.559500915395977,1,0,0,0,0,0,0,0,NA,1
"dicot_GR_XX_Bonanza","dicot GR-XX","Bonanza","dicot GR-XX","unknown","unknown","unknown","unknown","unknown","unknown",FALSE,FALSE,FALSE,47.3,NA,NA,1.25989951207687,4.70683478373835,5.83933138651159,4.98603179632963,0.0190387938610611,0.0242820318390711,0.0203369069040723,0.00431905742307694,NA,0
"Leguminosites_lesquerreuxiana_Bonanza","Leguminosites lesquerreuxiana","Bonanza","Leguminosites lesquerreuxiana","Leguminosites","Fabaceae","Fabales","Leguminosites","Fabaceae","Fabales",FALSE,FALSE,FALSE,47.3,6.50947964907698,0.695523830364057,1,0,0,0,0,0,0,0,0.00322578609388694,1
"Macginitea_wyomingensis_Bonanza","Macginitea wyomingensis","Bonanza","Macginitea wyomingensis","Macginitea","Platanaceae","Proteales","Macginitea","Platanaceae","Proteales",FALSE,FALSE,FALSE,47.3,8.02025542976993,0.563419799955443,1.11544834931465,0.814679659758256,0.939378585594458,1.11191826902454,0.012497299665441,0.0143477923947125,0.0153335759938821,0.0148124803780332,0.00111615632028737,0.5
"Parvileguminophyllum_coloradensis_Bonanza","Parvileguminophyllum coloradensis","Bonanza","Parvileguminophyllum coloradensis","Parvileguminophyllum","Fabaceae","Fabales","Parvileguminophyllum","Fabaceae","Fabales",FALSE,FALSE,FALSE,47.3,3.82804344042242,0.47036781654678,1,0,0,0,0,0,0,0,0.0299319869715784,1
"Populus_tidwellii_Bonanza","Populus tidwellii","Bonanza","Populus cinnamomoides","Populus","Salicaceae","Malpighiales","Populus","Salicaceae","Malpighiales",FALSE,FALSE,FALSE,47.3,6.54492022853113,0.424663770200742,1.13207648024852,2.21916312008703,2.50130012608899,5.56156369137432,0.0172987060039089,0.0198872669908725,0.0367784016780782,0.00980349605537518,0.00228834685842528,0
"Populus_wilmattae_Bonanza","Populus wilmattae","Bonanza","Populus wilmattae","Populus","Salicaceae","Malpighiales","Populus","Salicaceae","Malpighiales",FALSE,FALSE,FALSE,47.3,6.48076705041173,0.618743213802078,1.14877370565758,2.45387053410035,2.82672275852011,2.31171106577491,0.0205593064137942,0.0237692778717053,0.0198226415166767,0.00912843223518519,0.00127438688182656,0
"Rhus_nigricans_Bonanza","Rhus nigricans","Bonanza","Rhus nigricans","Rhus","Anacardiaceae","Sapindales","Rhus","Anacardiaceae","Sapindales",FALSE,FALSE,FALSE,47.3,6.30439335024229,0.479815444199159,1.23445027644464,1.19047092555124,1.47106050855852,3.31249092780756,0.0350078397621128,0.0443155632286999,0.0942753757423679,0.0345716488076674,0.00295975592129605,0
"Salix_cockerelli_Bonanza","Salix cockerelli","Bonanza","Salix cockerelli","Salix","Salicaceae","Malpighiales","Salix","Salicaceae","Malpighiales",FALSE,FALSE,FALSE,47.3,6.83746579120134,0.341334619828384,1.13117033314448,3.53829008764391,4.02548272209204,8.27816686544284,0.0134819313651806,0.0153800696741285,0.0278006938515012,0.00435262450814874,0.00135490380505477,0
"Styrax_transversa_Bonanza","Styrax transversa","Bonanza","Styrax transversa","unknown","unknown","Ericales","""Styrax""","""Styracaceae""","Ericales",TRUE,TRUE,FALSE,47.3,6.41624813889336,0.505417596570099,1.14179524548871,1.839348416832,2.10041971657708,4.14524330643321,0.0109116486713225,0.0124608109868206,0.0245277973287696,0.00594079205263157,0.00183224757095194,0
"Syzygioides_americana_Bonanza","Syzygioides americana","Bonanza","Syzygioides americana","Syzygioides","Myrtaceae","Myrtales","Syzygioides","Myrtaceae","Myrtales",FALSE,FALSE,FALSE,47.3,5.76662378258007,0.328597486847546,1,0,0,0,0,0,0,0,0.00571410695809846,1
