"genusSpecies","genus","family","order","margin.score","lma_g_m2","petiole_width","petiole_area","blade_area","blade_perimeter","feret","minimum_feret","raw_blade_area","raw_blade_perimeter","internal_raw_blade_area","internal_raw_blade_perimeter","length_of_cut_perimeter","no_of_primary_teeth","no_of_subsidiary_teeth","mat_c","map_mm","latitude_n","longitude_e","leaf_area","feret_diameter","feret.diam.ratio","raw_blade_perimeter_corrected","internal_raw_blade_perimeter_corrected","total_tooth_count","teeth.interior.percm","perim.ratio","ln.leaf.area.mm2","ln_pr","ln_tc_ip","pw2.a.ratio","aspect_ratio","shape_factor","compactness","tooth_area","tooth.area.perimeter","tooth.area.interior","tooth.area.blade.area.ratio","avt.tooth.area","teeth.blade.area.ratio","teeth.perimeter.percm","log10_lma","log10_pw2a_ratio"
"Abarema_campestris","Abarema","Fabaceae","Fabales",1,NA,NA,NA,27.58,25.5366666666667,9.51666666666667,NA,NA,NA,NA,NA,NA,NA,NA,26.97500038,2237,-3,-58.97,27.58,5.91331332211664,0.626286814322665,NA,NA,NA,0,1,7.9138117043714,NA,NA,NA,NA,0.535998275368547,23.6533441880541,NA,0,0,0,0,0,0,NA,NA
"Abuta_aff. Pahni","Abuta","Menispermaceae","Ranunculales",1,NA,NA,NA,96.4633333333333,38.74,13.1666666666667,NA,NA,NA,NA,NA,NA,NA,NA,26.97500038,2237,-3,-58.97,96.4633333333333,10.5772765126931,0.787623847058063,NA,NA,NA,0,1,8.97052736031323,NA,NA,NA,NA,0.730007768939055,17.2268624742775,NA,0,0,0,0,0,0,NA,NA
"Abuta_grandifolia","Abuta","Menispermaceae","Ranunculales",1,NA,NA,NA,64.97,41.56,17.96,NA,NA,NA,NA,NA,NA,NA,NA,26.97500038,2237,-3,-58.97,64.97,9.09518406748558,0.506413366786502,NA,NA,NA,0,1,8.77909581088053,NA,NA,NA,NA,0.472684817395236,26.5850946590734,NA,0,0,0,0,0,0,NA,NA
"Abuta_panurensis","Abuta","Menispermaceae","Ranunculales",1,NA,NA,NA,92.835,41.015,15.2,NA,NA,NA,NA,NA,NA,NA,NA,26.97500038,2237,-3,-58.97,92.835,10.8664003637006,0.717146169164727,NA,NA,NA,0,1,9.13391840664487,NA,NA,NA,NA,0.694568991547145,18.1230848856516,NA,0,0,0,0,0,0,NA,NA
"Acacia_colletioides","Acacia","Fabaceae","Fabales",1,NA,NA,0.02,0.68,9.62,4.53,NA,NA,NA,NA,NA,NA,NA,NA,17.35833359,415,-32.966,146.15472,0.7,0.94406974388263,0.208403916971883,NA,NA,NA,0,1,4.24849524204936,NA,NA,NA,NA,0.0923354845648601,136.094705882353,NA,0,0,0,0,0,0,NA,NA
"Acacia_dealbata","Acacia","Fabaceae","Fabales",1,NA,NA,NA,0.025,0.91,0.405,NA,NA,NA,NA,NA,NA,NA,NA,11.29166698,792,-42.9,147.3,0.025,0.17750895846087,0.437253647632162,NA,NA,NA,0,1,0.895879734614027,NA,NA,NA,NA,0.375599146378185,34.0866666666667,NA,0,0,0,0,0,0,NA,NA
"Acacia_doratoxylon","Acacia","Fabaceae","Fabales",1,268.7812602,0.1763023395,0.183333333333333,15.7472166666667,57.68,26.26,NA,NA,NA,NA,NA,NA,NA,NA,17.41666603,406,-32.97638,146.14583,15.8388833333333,4.33423630401112,0.203325845551383,NA,NA,NA,0,1,7.22736458622635,NA,NA,0.00222232111940967,NA,0.0843387977279541,153.317443970803,NA,0,0,0,0,0,0,2.42939898582731,-2.65319318647916
"Acacia_elongate","Acacia","Fabaceae","Fabales",1,118.1448273,0.1556307755,0.03,5.3746,20.55,9.26,NA,NA,NA,NA,NA,NA,NA,NA,16.52499962,1147,-34.1,115.1,5.3896,2.61877013344457,0.278399893286721,NA,NA,NA,0,1,6.28837659723353,NA,NA,0.0045063491680172,NA,0.154469000294132,81.3522540983606,NA,0,0,0,0,0,0,2.07241471179789,-2.34617516062193
"Acacia_floribunda","Acacia","Fabaceae","Fabales",1,NA,0.1126936085,0.04,6.35666666666667,34.6366666666667,16.2966666666667,NA,NA,NA,NA,NA,NA,NA,NA,16.70416641,1278,-33.6938,151.14305,6.39666666666667,2.83122111827901,0.178835959326184,NA,NA,NA,0,1,6.42879313640184,NA,NA,0.00252992835185769,NA,0.0724346326239027,203.737268583225,NA,0,0,0,0,0,0,NA,-2.59689177796784
"Acacia_havilandiorum","Acacia","Fabaceae","Fabales",1,NA,0.105774354,0.02,1.92,26.29,11.55,NA,NA,NA,NA,NA,NA,NA,NA,17.35833359,415,-32.966,146.15472,1.94,1.57165031631919,0.136073620460536,NA,NA,NA,0,1,5.26785815906333,NA,NA,0.00576712060006047,NA,0.034908398135218,359.981302083333,NA,0,0,0,0,0,0,NA,-2.23904096667595
"Acacia_hayesii","Acacia","Fabaceae","Fabales",1,NA,0.042391187,NA,0.17,2.02,0.86,NA,NA,NA,NA,NA,NA,NA,NA,26.39583397,2496,9.17,-79.85,0.17,0.465242649168128,0.540979824614102,NA,NA,NA,0,1,2.83321334405622,NA,NA,0.010570663148641,NA,0.52354744741718,24.0023529411765,NA,0,0,0,0,0,0,NA,-1.97589776645214
"Acacia_koa","Acacia","Fabaceae","Fabales",NA,159.031428,0.183333333,NA,17.38,NA,NA,NA,NA,NA,NA,NA,NA,NA,NA,15.5,2500,-33.61666667,151.2166667,17.38,4.70413682703821,NA,NA,NA,NA,NA,NA,7.46049030582534,NA,NA,0.00193389591420534,NA,NA,NA,NA,NA,NA,NA,NA,NA,NA,2.20148295864889,-2.71356690414274
"Acacia_melanoxylon","Acacia","Fabaceae","Fabales",1,148.0423812,0.15260785675,0.18,15.0939,23.885,10.605,NA,NA,NA,NA,NA,NA,NA,NA,11.29166698,792,-42.9,147.3,15.1839,4.39004731701858,0.420421248809807,NA,NA,NA,0,1,7.31924465746029,NA,NA,0.00154421896444674,NA,0.34063091232534,36.8922928797001,NA,0,0,0,0,0,0,2.17038606192499,-2.8112911183082
"Acacia_mucronata","Acacia","Fabaceae","Fabales",1,288.981289,0.10405077825,NA,0.976,7.73,3.465,NA,NA,NA,NA,NA,NA,NA,NA,8.095833778,1890,-42.8,146.4,0.976,1.11414628770514,0.323944240187261,NA,NA,NA,0,1,4.57869990319945,NA,NA,0.0111874557716927,NA,0.207848155729859,60.4625462962963,NA,0,0,0,0,0,0,2.46086972390838,-1.95126866860544
"Acacia_nigrescens","Acacia","Fabaceae","Fabales",NA,103.2669921,0.09,NA,2.1304,NA,NA,NA,NA,NA,NA,NA,NA,NA,NA,21.475,885.2,-28.22128333,31.79411667,2.1304,1.64696980121185,NA,NA,NA,NA,NA,NA,5.36147994150568,NA,NA,0.00380210289147578,NA,NA,NA,NA,NA,NA,NA,NA,NA,NA,2.01396152733178,-2.41997613455224
"Acacia_oswaldii","Acacia","Fabaceae","Fabales",1,381.1893847,0.105883287833333,0.06,4.80281666666667,24.83,11.1633333333333,NA,NA,NA,NA,NA,NA,NA,NA,17.41666603,406,-32.97638,146.14583,4.83281666666667,2.24806607921993,0.295117236092409,NA,NA,NA,0,1,5.74388160159052,NA,NA,0.0028863225364953,NA,0.172652399358738,73.1993900825682,NA,0,0,0,0,0,0,2.58114079797257,-2.5396551396343
"Acacia_sophorae","Acacia","Fabaceae","Fabales",1,173.85,0.1114713345,0.08,6.76,13.785,5.875,NA,NA,NA,NA,NA,NA,NA,NA,12.95416641,949,-40.45,175.216667,6.84,2.91900584239869,0.512895556969988,NA,NA,NA,0,1,6.48373704577072,NA,NA,0.00217036250644626,NA,0.456548431255933,28.2454000958371,NA,0,0,0,0,0,0,2.24017469501928,-2.66346772172717
"Acacia_suaveolens","Acacia","Fabaceae","Fabales",1,238.2120678,0.169325142666667,0.11,9.56503333333333,32.1933333333333,14.5833333333333,NA,NA,NA,NA,NA,NA,NA,NA,17.010416795,867.5,-33.27476389,148.721,9.62003333333333,3.20400727541582,0.311308155819476,NA,NA,NA,0,1,6.49523711230449,NA,NA,0.00418142379104199,NA,0.197079590533392,64.6727703260449,NA,0,0,0,0,0,0,2.37696375901994,-2.37867581408463
"Acacia_wilhelmiana","Acacia","Fabaceae","Fabales",1,NA,0.080921638,0.0133333333333333,1.01,10.5633333333333,4.59,NA,NA,NA,NA,NA,NA,NA,NA,17.35833359,415,-32.966,146.15472,1.02333333333333,1.1287390910872,0.246501307670273,NA,NA,NA,0,1,4.58285745330124,NA,NA,0.00705021800228192,NA,0.11152115202569,113.672011313429,NA,0,0,0,0,0,0,NA,-2.15179745382785
"Acacia_willhelmiana","Acacia","Fabaceae","Fabales",NA,212.1832226,0.048,NA,0.128833333,NA,NA,NA,NA,NA,NA,NA,NA,NA,NA,17.41666603,406,-32.97638,146.14583,0.128833333,0.405013202569538,NA,NA,NA,NA,NA,NA,2.555934483778,NA,NA,0.0178835705507984,NA,NA,NA,NA,NA,NA,NA,NA,NA,NA,2.32671104110962,-1.74754576765985
"Acaena_novaezelandiae","Acaena","Rosaceae","Rosales",0,127.2,NA,NA,1.095,6.765,1.685,NA,1.095,6.765,0.84,4.265,0,13,NA,12.95416641,949,-40.45,175.216667,1.095,1.17696100835305,0.701385492381295,6.765,4.265,13,3.03143878820185,1.58590973702914,4.68298783175382,0.46115688965586,1.10752026242138,NA,NA,0.300143474118807,41.9418127353646,0.255,0.0377064199929354,0.0597986629353234,0.235236220472441,0.0197878787878788,11.8837726805888,1.91131667255387,2.1044871113124,NA
"Acalypha_cuneata","Acalypha","Euphorbiaceae","Malpighiales",0,62.1,0.0985940705,0.02,47.98,28.17,12.065,NA,47.98,28.17,47.48,28,0,33.5,NA,25.08749962,3338,-0.7,-76.3953,47.99,6.5569453915055,0.537383598635946,28.17,28,33.5,1.65976202722895,1.00525193663947,7.57784279253522,0.00523738298217039,0.401287370486668,0.000296268127845753,NA,0.52443552706447,23.9825141344597,0.499999999999994,0.012747512598278,0.0128244461640278,0.0112118122308191,0.0120881782945735,3.13270450377077,1.65200959465349,1.79309160017658,-3.52831506686364
"Acer_argutum","Acer","Sapindaceae","Sapindales",0,175.6,0.0926581175,0.55,39.795,75.18,10.1,NA,39.795,75.18,36.185,46.97,0,133.5,45.5,6.700000286,1960,36.7198,139.4699,40.345,7.05772550646816,0.701997894177934,75.18,46.97,179,3.88818167415452,1.61059045691752,8.24008711446703,0.476280683825872,1.3546507527386,0.00022995735306622,NA,0.0878261834714355,144.355371107607,3.61,0.0464671933925179,0.0745540869764002,0.0900663631723355,0.0261446736200633,4.80080682404716,2.41073037166566,2.24452451157008,-3.63835269896218
"Acer_campestre","Acer","Sapindaceae","Sapindales",0,39.18034711,0.1169605355,0.43,27.910566665,36.79,8.54,NA,26.73,36.79,25.8,36.56,0,3,NA,16.12916756,784,36.416864,-5.581529,28.125566665,5.98331255286908,0.688592156379544,36.79,36.56,3,0.0820568927789934,1.00629102844639,7.94125955292556,0.00627132253073375,-2.50034245791784,0.000517061412815078,NA,0.248169980808939,50.6361429105874,0.93,0.0252786083174776,0.025437636761488,0.0347923681257014,0.31,0.112233445566779,0.0815438977983148,1.59306827921589,-3.28645787148491
"Acer_circinatum","Acer","Sapindaceae","Sapindales",0,42.7071428571429,0.172050967785714,0.368571428571429,44.7307142857143,57.5792857142857,9.59785714285714,NA,44.7307142857143,57.5792857142857,42.9814285714286,44.92,0,89.9285714285714,12.5,9.48571423171428,1876.71428571429,45.3092841771429,-122.751904842857,45.085,7.36595830773105,0.768387623231193,57.5792857142857,44.92,99.7142857142857,2.32100651252019,1.29017963609991,8.29378938929322,0.254240959384193,0.787647119054706,0.000799654738986153,NA,0.16136828914012,79.9269850287914,1.74928571428572,0.0297278571376086,0.0382178871663235,0.0415769469683245,0.0211881264707284,2.70485237053812,1.79226747386198,1.63050051774191,-3.09709748465654
"Acer_distylum","Acer","Sapindaceae","Sapindales",0,27.2,0.1087192665,0.495,98.92,43.37,13.855,NA,98.92,43.37,97.565,40.3,0,116,NA,6.700000286,1960,36.7198,139.4699,99.415,11.249578026035,0.811965345342268,43.37,40.3,116,2.87705968848485,1.07615318447312,9.20406066179169,0.0733894922290987,1.05545679830365,0.000119064045878729,NA,0.660698051026572,19.0203332408218,1.355,0.0312322007460213,0.0336131320541214,0.0136932385511842,0.0116950100693667,1.1715992096885,2.6731315754884,1.4345689040342,-3.92421936390629
"Acer_glabrum","Acer","Sapindaceae","Sapindales",0,38.3,0.13004641375,0.53625,25.7825,41.22375,7.20125,NA,25.7825,41.22375,24.21125,30.49625,0,83.5,9.33333333333333,8.967708231,1055.25,46.244490255,-120.97151685,26.31875,5.56185489914679,0.769422141458295,41.22375,30.49625,90.5,3.0937760490154,1.35644888192279,7.72198060493386,0.30417342269569,1.11106150471155,0.000677113342256669,NA,0.18401876652654,70.3104669268916,1.57125,0.0368534931498655,0.049511957693232,0.0631184042297512,0.0194352535847566,4.28463086494269,2.27341763733923,1.58319877396862,-3.16933862851337
"Acer_japonicum","Acer","Sapindaceae","Sapindales",0,41.6,0.126845075,0.44,67.98,106.275,11.535,NA,67.98,106.275,62.465,76.36,0,131,58,6.700000286,1960,36.7198,139.4699,68.42,9.02439971376187,0.78413998391994,106.275,76.36,189,2.57878022396526,1.36642903080766,8.69123596161811,0.310689487794683,0.940171776740397,0.000245694439539542,NA,0.0801080055851994,168.724043002434,5.515,0.0455495734580915,0.0634763487121428,0.0725578845797954,0.0400645539906104,3.26326689836483,1.90534037086292,1.61909333062674,-3.60960467219155
"Acer_macrophyllum","Acer","Sapindaceae","Sapindales",0,46.925,0.170717251083333,1.99416666666667,153.375833333333,103.566666666667,18.5241666666667,NA,153.375833333333,103.566666666667,143.9175,93.0266666666667,0,21.4166666666667,4,10.554166636,1584.83333333333,44.6138876983333,-122.910833466667,155.2575,13.5530350640366,0.730270818740051,103.566666666667,93.0266666666667,22.75,0.264478426637784,1.10965948012068,9.49341323638291,0.103181192320495,-1.42812569084951,0.000207216909942268,NA,0.178053483880694,72.9234708372453,9.45833333333333,0.0843047062257275,0.0957294504209942,0.0586107255744867,0.504283495362955,0.189221162787236,0.239838097977792,1.67140428129338,-3.68357480686619
"Acer_mono","Acer","Sapindaceae","Sapindales",1,37.15,0.127605896,0.825,47.7,43.93,11.115,NA,NA,NA,NA,NA,NA,NA,NA,6.700000286,1960,36.7198,139.4699,48.525,7.75740723010465,0.696644906247443,NA,NA,NA,0,1,8.43384173279686,NA,NA,0.000360365116733006,NA,0.300259091708101,42.1049970774218,NA,0,0,0,0,0,0,1.56995881809659,-3.44325725527228
"Acer_morifolium","Acer","Sapindaceae","Sapindales",0,67.625,0.10636131725,0.4475,40.9175,39.21,9.1475,NA,40.9175,39.21,40.325,29.8575,0,114,17.75,16.952082635,3170.5,30.32965,130.62715,41.365,7.20435880073589,0.78608830042132,39.21,29.8575,129.5,4.39999001887705,1.31507806675152,8.29805057720357,0.273509822474063,1.45362440830653,0.000278716091608609,NA,0.336102438138223,39.0161444610712,0.592499999999999,0.0151850850568054,0.0198630767589141,0.014565398053938,0.00529339674430885,3.32899904060458,3.33654572150954,1.83010727811463,-3.55483795667213
"Acer_negundo","Acer","Sapindaceae","Sapindales",0,52.0875,0.128004390466667,0.0679166666666667,19.852,24.5426666666667,8.029,NA,19.852,24.5426666666667,18.9466666666667,22.658,0,8.66666666666667,NA,10.7858333596,808.8,38.61675236,-89.12005964,19.891,4.93203186578404,0.622144907307604,24.5426666666667,22.658,8.66666666666667,0.405144648211838,1.09757698591002,7.50841464939774,0.088218760058215,-1.02677020995086,0.00104315778953969,NA,0.41176595850199,33.3068745031088,0.905333333333333,0.0372341062440555,0.042471484800928,0.0537842164433542,0.103106060606061,0.523699232865978,0.358760179187194,1.71673351346533,-2.98164999459996
"Acer_pensylvanicum","Acer","Sapindaceae","Sapindales",0,37.2083333333333,0.196407418236111,0.733166666666667,112.880416666667,64.0233333333333,15.0913888888889,NA,112.880416666667,64.0233333333333,110.648888888889,54.4026388888889,0,154.125,51.9305555555556,7.7000000475,1104,42.235,-74.465,113.491388888889,11.7511899055531,0.776991479466325,64.0233333333333,54.4026388888889,206.055555555556,3.99997584249317,1.18250862192791,9.23837635478509,0.166825981501925,1.32854791236222,0.000386514396250864,NA,0.332972934505316,38.4417606871514,2.23152777777778,0.0339203567506427,0.040017148439515,0.0202598093354318,0.0155553088246459,2.24045792746171,3.36048775794418,1.57064021717694,-3.4128343255597
"Acer_pseudoplatanus","Acer","Sapindaceae","Sapindales",0,55.12460542,0.101047824,0.51,65.27035,38.79,10.88,NA,67.49,38.79,64.16,36.06,0,16,NA,16.12916756,784,36.416864,-5.581529,65.52535,9.13234402895898,0.855225458029647,38.79,36.06,16,0.443704936217415,1.0757071547421,8.78689362090067,0.0729782636767045,-0.81259549553539,0.000166107469062754,NA,0.563650287637686,22.2946229070973,3.33,0.0858468677494199,0.0923460898502495,0.0493406430582308,0.208125,0.237072158838346,0.412477442639856,1.74134549382229,-3.77961083895252
"Acer_rubrum","Acer","Sapindaceae","Sapindales",0,61.0416666666667,0.129851547333333,0.398119047619048,39.0566666666667,39.2727083333333,8.8765625,NA,39.0566666666667,39.2727083333333,37.47875,33.4445833333333,0,57.0208333333333,16.2144444444444,12.2791666690625,1168.5625,38.4026391875,-76.3513003125,39.4016666666667,6.7426283688464,0.758228649028642,39.2727083333333,33.4445833333333,72.0833333333333,2.09761087669905,1.1660468866129,8.07446902483913,0.152096952381071,0.688606882191976,0.000511025717374751,NA,0.314522756123632,43.1435968219751,1.57791666666667,0.0384847150845593,0.04502592772821,0.0442399104847993,0.029606856714092,2.13589365909981,1.78389669517234,1.78562638297852,-3.29155724344082
"Acer_rufinerve","Acer","Sapindaceae","Sapindales",0,52,0.093447689,0.59,45.485,41.6,9.8,NA,45.485,41.6,44.265,30.835,0,149,24,6.700000286,1960,36.7198,139.4699,46.075,7.04186570040912,0.73357536756784,41.6,30.835,173,6.43371722546602,1.31437491543699,8.06518500591685,0.271563590562631,1.81762929699521,0.000192437423291127,NA,0.303134154332538,42.4402121686708,1.22,0.0266400589531358,0.0354483576622318,0.0305533276217212,0.0072824129651861,6.96974162043704,4.99786087760996,1.7160033436348,-3.71571046686996
"Acer_saccharinum","Acer","Sapindaceae","Sapindales",0,NA,0.182002839,NA,45.33,60.72,11.19,NA,45.33,60.72,41.49,50.85,0,40,13,11.59166718,1075,39.92,-76.75,45.33,7.59710132635105,0.678918795920559,60.72,50.85,53,1.04228121927237,1.19410029498525,8.41913925094085,0.177393010592805,0.0414117910575528,0.000730752998104124,NA,0.154501271291738,81.33506287227,3.84,0.0632411067193675,0.0755162241887905,0.0847121111846458,0.0959999999999999,1.16920361791308,0.872859025032938,NA,-3.13622939416087
"Acer_saccharum","Acer","Sapindaceae","Sapindales",0,55.7135416666667,0.104309995018519,0.453416666666667,47.3287037037037,47.6015740740741,10.6246296296296,NA,47.3287037037037,47.6015740740741,45.262962962963,42.8236111111111,0,9.03703703703704,NA,8.45972214833333,1155.44444444444,42.0783888888889,-73.4523147777778,47.7257407407407,7.56205831053411,0.713276193043513,47.6015740740741,42.8236111111111,9.03703703703704,0.20879595423922,1.10274520436417,8.35018165151507,0.0957557604921099,-1.69141440856474,0.000260470560699669,NA,0.265793204798351,51.2898290100564,2.06574074074074,0.0377034354082118,0.0430265880292853,0.0408690598666325,0.198114444923269,0.220594298029601,0.185624834840802,1.74596076710063,-3.58424135508299
"Acer_spicatum","Acer","Sapindaceae","Sapindales",0,NA,0.117319755,NA,55.1,50.71,10.23,NA,55.1,50.71,50.59,38.46,0,43,1,6.575000286,1156,41.88,-78.7,55.1,8.37588794784812,0.818757375156219,50.71,38.46,44,1.14404576183047,1.31851274050962,8.61431990214696,0.276504389646294,0.134570893757627,0.000249799000240654,NA,0.269261488189418,46.6697658802178,4.51,0.088937093275488,0.117264690587623,0.0818511796733212,0.104883720930233,0.798548094373866,0.86767895878525,NA,-3.60240930411575
"Acer_tschonoskii","Acer","Sapindaceae","Sapindales",0,60.3,0.060698104,0.12,13.445,37.435,5.75,NA,13.445,37.435,12.095,26.415,0,136,67,6.700000286,1960,36.7198,139.4699,13.565,4.11191458695812,0.715831432523117,37.435,26.415,169.5,6.51551422932678,1.41388790343257,7.16964061592642,0.346272620854134,1.87119899089896,0.000338996350210086,NA,0.121512902483951,104.99566616243,1.35,0.0358907998531764,0.0507594638587621,0.102316467085756,0.0102379003655808,13.2797091734754,4.61310542559835,1.78031731214015,-3.46980497758498
"Acer_ukurunduense","Acer","Sapindaceae","Sapindales",0,60.65,0.2927802235,1.18,68.22,75.07,12.425,NA,68.22,75.07,65.66,56.37,0,74.5,7,3.191666603,2028,36.8103,139.3796,69.4,9.3863030323366,0.754920960777766,75.07,56.37,78,1.38039402821205,1.33010856952105,8.83915165920081,0.281707483538267,0.308504543197924,0.00123573931578679,NA,0.153279430458919,82.6177890557488,2.56,0.0336405270916433,0.0452689717301858,0.0370063074039821,0.0339007352941176,1.13449107715193,1.03066169535898,1.78283080520259,-2.90807313576494
"Aceratium_concinnum","Aceratium","Elaeocarpaceae","Oxalidales",0,NA,NA,0.05,35.72,33.74,12.78,NA,35.72,33.74,35.37,31.64,0,38,NA,23.6875,3054,-16.144616,145.430116,35.77,6.74861308086164,0.528060491460222,33.74,31.64,38,1.20101137800253,1.06637168141593,8.18227973925902,0.0642619342183691,0.183164016826933,NA,NA,0.394303977261268,31.8697536394177,0.350000000000001,0.0103734439834025,0.0110619469026549,0.0097984322508399,0.00921052631578951,1.06382978723404,1.1262596324837,NA,NA
"Aceratium_megalospermum","Aceratium","Elaeocarpaceae","Oxalidales",0,NA,NA,0.03,15.9,21.66,9.4,NA,15.9,21.66,15.67,21.24,0,31,NA,23.6875,3054,-16.144616,145.430116,15.93,4.50363252804124,0.479109843408643,21.66,21.24,31,1.45951035781544,1.01977401129944,7.37337430991005,0.0195810451991066,0.378101008111408,NA,NA,0.425882783384256,29.506641509434,0.23,0.0106186518928901,0.0108286252354049,0.0144654088050315,0.00741935483870969,1.9496855345912,1.43120960295476,NA,NA
"Achatocarpus_gracilis","Achatocarpus","Achatocarpaceae","Caryophyllales",1,NA,0.0580973733333333,NA,6.75,12.9,5.13666666666667,NA,NA,NA,NA,NA,NA,NA,NA,25.19583321,942,19.5,-105.05,6.75,2.9298446327163,0.57198446292421,NA,NA,NA,0,1,6.5123115271232,NA,NA,0.000559695673243818,NA,0.509811019842814,24.665188895446,NA,0,0,0,0,0,0,NA,-3.25204805041612
"Acidoton_nicaraguensis","Acidoton","Euphorbiaceae","Malpighiales",0,27.4,0.057061104,0.075,47.76,31.925,13.075,NA,47.76,31.925,47.34,31.46,0,7,NA,25.09583282,3334,-0.6859,-76.3953,47.835,7.7603028218027,0.595403740628938,31.925,31.46,7,0.221975582685905,1.0135106292154,8.45024039724559,0.0133690814425844,-1.5053728365035,6.93771093039908e-05,NA,0.586997238355457,21.473084244038,0.420000000000002,0.0123282846952335,0.012558161871425,0.00804767819858872,0.0560416666666669,0.148774127617588,0.218996333409929,1.43775056282039,-4.15878379961474
"Acmena_graveolens","Acmena","Myrtaceae","Myrtales",NA,138.7453151,0.32,NA,61.2345,NA,NA,NA,NA,NA,NA,NA,NA,NA,NA,25.55,1918.1,-16.10325,145.4461667,61.2345,8.82984636911002,NA,NA,NA,NA,NA,NA,8.71988094216304,NA,NA,0.0016722599188366,NA,NA,NA,NA,NA,NA,NA,NA,NA,NA,2.1422183275744,-2.77669621939493
"Acmena_graviolens","Acmena","Myrtaceae","Myrtales",1,NA,NA,0.39,256.32,78.2,33.51,NA,NA,NA,NA,NA,NA,NA,NA,23.6875,3054,-16.144616,145.430116,256.71,18.0790852514435,0.539513137912371,NA,NA,NA,0,1,10.1531172290862,NA,NA,NA,NA,0.526718839468695,23.8578339575531,NA,0,0,0,0,0,0,NA,NA
"Acrisione_denticulata","Acrisione","Asteraceae","Asterales",0,NA,NA,0.15,81.55,43.495,14.605,NA,81.55,43.495,80.805,38.505,0,125.5,3,10.28333378,1416,-37.8412,-73.1959,81.7,10.0958260916212,0.693033427450119,43.495,38.505,127,3.32739516311366,1.13021909117734,8.9670517926887,0.122400837917465,1.1995163807994,NA,NA,0.527632510023376,23.8967139093351,0.744999999999997,0.0169158919158919,0.0191090445405877,0.00930415764959505,0.005878679750223,1.66913302388974,2.94309669309669,NA,NA
"Adelia_triloba","Adelia","Euphorbiaceae","Malpighiales",1,33.6,0.049155447,NA,5.35,11.2,4.6,NA,NA,NA,NA,NA,NA,NA,NA,26.39583397,2496,9.17,-79.85,5.35,2.60994857503613,0.567380125007854,NA,NA,NA,0,1,6.28226674689601,NA,NA,0.000451637003695291,NA,0.535954103849024,23.4467289719626,NA,0,0,0,0,0,0,1.52633927738984,-3.34521048250812
"Aegiphila_cordifolia var. villos","Aegiphila","Lamiaceae","Lamiales",1,36,0.261303335,0.38,122.58,45.84,18.33,NA,NA,NA,NA,NA,NA,NA,NA,25.08749962,3338,-0.7,-76.3953,122.77,12.4848216453036,0.681513789935696,NA,NA,NA,0,1,9.40977495663589,NA,NA,0.000502609001708666,NA,0.732371377353696,17.1696549067938,NA,0,0,0,0,0,0,1.55630250076729,-3.29876973747565
"Aegiphila_panamensis","Aegiphila","Lamiaceae","Lamiales",1,74.1,0.091622918,NA,25.47,23.46,9.79,NA,NA,NA,NA,NA,NA,NA,NA,26.39583397,2496,9.17,-79.85,25.47,5.69468271323386,0.581683627500905,NA,NA,NA,0,1,7.84267147497946,NA,NA,0.000329593996970346,NA,0.581544286710521,21.6086219081272,NA,0,0,0,0,0,0,1.86981820797933,-3.4820207068851
"Aextoxicon_punctatum","Aextoxicon","Aextoxicaceae","Berberidopsidales",1,NA,NA,0.113333333333333,19.6316666666667,20.0183333333333,8.635,NA,NA,NA,NA,NA,NA,NA,NA,10.9041665416667,1185.33333333333,-37.3502,-72.8463333333333,19.745,4.86083216929777,0.565051205853323,NA,NA,NA,0,1,7.4414310441544,NA,NA,NA,NA,0.58294235844999,21.591466406454,NA,0,0,0,0,0,0,NA,NA
"Agastachys_odorata","Agastachys","Proteaceae","Proteales",1,289.18502365,0.19399520925,0.0825,4.08819166675,9.6275,4.0775,NA,NA,NA,NA,NA,NA,NA,NA,8.1583333015,2262,-42.3,146,4.12944166675,2.28796561430561,0.550520758930159,NA,NA,NA,0,1,6.01449827152947,NA,NA,0.0093198274398672,NA,0.526243887736692,24.2751729855961,NA,0,0,0,0,0,0,2.46117579790818,-2.0305921286983
"Aglaia_borneensis","Aglaia","Meliaceae","Sapindales",1,NA,NA,NA,42.875,30.77,13.055,NA,NA,NA,NA,NA,NA,NA,NA,24.77499962,2225,5.016667,117.8125,42.875,7.38609181725741,0.565804387574966,NA,NA,NA,0,1,8.36214688992955,NA,NA,NA,NA,0.568888775670537,22.0917761652965,NA,0,0,0,0,0,0,NA,NA
"Aglaia_vitiensis","Aglaia","Meliaceae","Sapindales",1,107.1,0.132805557,0.34,100.54,41.96,17.09,NA,NA,NA,NA,NA,NA,NA,NA,25.32083321,2450,-16.633333,179.083333,100.88,10.8034594485179,0.61910978429177,NA,NA,NA,0,1,9.01742383017663,NA,NA,0.000202971000457016,NA,0.63607155640038,19.9652139860351,NA,0,0,0,0,0,0,2.02978947083186,-3.69256600760976
"Agonis_flexuosa","Agonis","Myrtaceae","Myrtales",1,102.1235301,0.07306932575,0.025,3.7293,20.78,9.365,NA,NA,NA,NA,NA,NA,NA,NA,16.52499962,1147,-34.1,115.1,3.7418,2.17936789402936,0.2409345918339,NA,NA,NA,0,1,5.91872952669481,NA,NA,0.00145730414100156,NA,0.116758252755915,109.18132831071,NA,0,0,0,0,0,0,2.00912581863175,-2.83644980102726
"Aidia_densiflora","Aidia","Rubiaceae","Gentianales",1,84.8625,0.1352160745,0.10875,74.2,42.21875,16.61625,NA,NA,NA,NA,NA,NA,NA,NA,24.722916125,2346.75,3.20653575,101.7750415,74.30875,9.50099141602433,0.576125918476301,NA,NA,NA,0,1,8.82034179493137,NA,NA,0.00034774435648688,NA,0.529399237677043,24.6004078185676,NA,0,0,0,0,0,0,1.92871582168245,-3.45873990940635
"Ailanthus_altissima","Ailanthus","Simaroubaceae","Sapindales",0,54.35,0.0774023866666667,0.035,25.5783333333333,31.1316666666667,10.8516666666667,NA,25.5783333333333,31.1316666666667,25.5366666666667,30.2783333333333,0,2,NA,10.14999962,1210,41.5037,-72.546983,25.6133333333333,5.68210608771269,0.522391211464979,31.1316666666667,30.2783333333333,2,0.0666336001623899,1.02748092412474,7.82825073750005,0.0263333176724756,-2.71282634568602,0.000242559645576991,NA,0.329130186059247,38.2229050767137,0.0416666666666673,0.00135253193856882,0.00139113367268928,0.00168600229102588,0.0208333333333336,0.0813500884385533,0.0649982223910812,1.73519954842231,-3.61518145062946
"Akebia_quinata","Akebia","Lardizabalaceae","Ranunculales",1,101.4,NA,NA,9.665,13.93,5.545,NA,NA,NA,NA,NA,NA,NA,NA,13.67083359,3366,30.2999,130.5799,9.665,3.5065235261337,0.632269919235694,NA,NA,NA,0,1,6.8720298340118,NA,NA,NA,NA,0.625364598508586,20.0945146191042,NA,0,0,0,0,0,0,2.00603795499732,NA
"Alangium_javanicum","Alangium","Cornaceae","Cornales",1,NA,NA,NA,183.415,68.03,29.97,NA,NA,NA,NA,NA,NA,NA,NA,24.77499962,2225,5.016667,117.8125,183.415,15.2786554282052,0.50976354848076,NA,NA,NA,0,1,9.81611686597818,NA,NA,NA,NA,0.497752093008562,25.2527182718128,NA,0,0,0,0,0,0,NA,NA
"Alchornea_castanaefolium","Alchornea","Euphorbiaceae","Malpighiales",NA,82.30723645,0.22,NA,24.2992,NA,NA,NA,NA,NA,NA,NA,NA,NA,NA,24.88333333,3432.6,-12.56735,-70.10526667,24.2992,5.562256947088,NA,NA,NA,NA,NA,NA,7.79561361398196,NA,NA,0.00199183512214394,NA,NA,NA,NA,NA,NA,NA,NA,NA,NA,1.91543802004999,-2.70074661395782
"Alchornea_latifolia","Alchornea","Euphorbiaceae","Malpighiales",0,95.45,0.1516025145,0.665,71.635,36.415,11.58,NA,71.635,36.415,69.865,33.38,0,26,NA,20.09166718,2083,18.15399777,-66.80487416,72.3,9.56912623043907,0.825302210899498,36.415,33.38,26,0.777933580511535,1.08934017677265,8.87535640839904,0.0852050795924009,-0.251387860388368,0.000319284499415193,NA,0.676957955039094,18.5727834034033,1.77,0.0481221507198062,0.0525986788900257,0.0244807920933683,0.0674107142857143,0.366048203756067,0.714204387606855,1.97977593272969,-3.49582216502414
"Alchorneopsis_floribunda","Alchorneopsis","Euphorbiaceae","Malpighiales",0,26.55,0.136709062,1.03,60.06,41.445,18.1,NA,60.06,41.445,58.53,40.885,0,25,NA,25.09583282,3334,-0.6859,-76.3953,61.09,8.81710450967372,0.487646078155523,41.445,40.885,25,0.610530412143031,1.01341053844706,8.71646688932395,0.0133041226896484,-0.493941410214057,0.000307840592596915,NA,0.441036434028322,28.6012070754092,1.53,0.0366195268643624,0.0371434207859584,0.0252897978016351,0.0605958132045089,0.415599474056662,0.60235846148241,1.42406452541749,-3.51167411361927
"Alectryon_excelsus","Alectryon","Sapindaceae","Sapindales",0.5,119.7307773,0.108,0.08,13.7654,16.325,6.79,NA,19,20.35,18.84,20.26,0,6.5,0,9.920833588,1596,-38.8,176.4,13.8054,4.12239039677427,0.571110521371291,20.35,20.26,6.5,0.320829220138203,1.00222112537019,7.15713389186011,0.00221620653403337,-0.443699141359001,0.000786206338721201,NA,0.553654861605003,22.7359886953299,0.0800000000000001,0.00393120393120393,0.00394866732477789,0.00421052631578948,0.00615384615384616,0.342105263157895,0.319410319410319,2.07820580198088,-3.10446345903979
"Alectryon_grandifolius","Alectryon","Sapindaceae","Sapindales",1,102.9,0.1629918095,0.305,130.925,55.64,23.31,NA,NA,NA,NA,NA,NA,NA,NA,25.32083321,2450,-16.633333,179.083333,131.23,12.910488557485,0.553681080184653,NA,NA,NA,0,1,9.47724396841028,NA,NA,0.000202441000188306,NA,0.529826389818829,23.7256484855134,NA,0,0,0,0,0,0,2.01241537476243,-3.69370152566482
"Alepis_flavida","Alepis","Loranthaceae","Santalales",1,159.7,NA,0.025,3.345,9.04,3.565,NA,NA,NA,NA,NA,NA,NA,NA,7.729166508,1681,-39.25,175.933333,3.37,2.04986023892148,0.591910211048843,NA,NA,NA,0,1,5.77776733074657,NA,NA,NA,NA,0.523308314241953,24.5524525153255,NA,0,0,0,0,0,0,2.20330491613848,NA
"Alibertia_edulis","Alibertia","Rubiaceae","Gentianales",1,NA,0.150646321,NA,45.46,36.45,15.98,NA,NA,NA,NA,NA,NA,NA,NA,26.39583397,2496,9.17,-79.85,45.46,7.60798723077665,0.47609431982332,NA,NA,NA,0,1,8.42200300441249,NA,NA,0.000499215002878026,NA,0.429976014743889,29.2257479102508,NA,0,0,0,0,0,0,NA,-3.30171237130394
"Allenanthus_hondurensis","Allenanthus","Rubiaceae","Gentianales",1,NA,0.0344090266666667,NA,5.764,10.26,3.814,NA,NA,NA,NA,NA,NA,NA,NA,25.19583321,942,19.5,-105.05,5.764,2.67553511796441,0.699310868995471,NA,NA,NA,0,1,6.30283363059189,NA,NA,0.000326106335407328,NA,0.67203770305415,18.7183055547339,NA,0,0,0,0,0,0,NA,-3.48664076388734
"Allophylus_crassinervis","Allophylus","Sapindaceae","Sapindales",0,75.5,0.1317826235,0.26,28.885,24.585,9.91,NA,28.885,24.585,28.37,23.725,0,29,NA,23.96249962,1997,18.4095,-66.9706,29.145,6.08475734463127,0.613719002800631,24.585,23.725,29,1.22741613384424,1.03635151975381,7.97290007246149,0.0357030810854177,0.19912694776393,0.00059607549788251,NA,0.598744980133702,20.9995853157871,0.514999999999999,0.0207623264898391,0.0215033350034446,0.0175098203429995,0.0181899641577061,1.01986300143743,1.18404377450761,1.87794695162919,-3.22469872979462
"Allophylus_edulis","Allophylus","Sapindaceae","Sapindales",0,NA,NA,NA,2.25,14.17,2.67,NA,2.25,14.17,2.08,13.61,0,15,2,19.32500076,629,-24.58,-64.7,2.25,1.69256875064327,0.633920880390737,14.17,13.61,17,1.24908155767818,1.04114621601763,5.41610040220442,0.0403222370392144,0.222408527392842,NA,NA,0.140816219832412,89.2395111111111,0.17,0.0119971771347918,0.0124908155767818,0.0755555555555555,0.0113333333333333,7.55555555555556,1.19971771347918,NA,NA
"Allophylus_psilospermus","Allophylus","Sapindaceae","Sapindales",0,47.8,NA,NA,56.43,40.51,17.71,NA,56.43,40.51,55.6,40.4,0,12,NA,26.39583397,2496,9.17,-79.85,56.43,8.4763734880788,0.478620750315009,40.51,40.4,12,0.297029702970297,1.00272277227723,8.63817111796914,0.0027190722474947,-1.2139231351791,NA,NA,0.432111105357012,29.0813414850257,0.829999999999998,0.0204887682053813,0.0205445544554455,0.0147084883926989,0.0691666666666665,0.212652844231792,0.296223154776598,1.67942789661212,NA
"Alnus_crispa","Alnus","Betulaceae","Fagales",0,76.325,0.11718504725,0.1825,28.9625,37.4125,7.2625,NA,28.9625,37.4125,27.935,22.4575,0,127.75,16,7.385416746,1311.5,51.236666665,-138.0141631,29.145,6.06858997153036,0.836331096559619,37.4125,22.4575,135.75,6.0398378191787,1.65804195334536,7.96214372582425,0.502163610490925,1.79777973295122,0.000483273757116753,NA,0.268900115629735,48.9474633254159,1.0275,0.0271725545069924,0.0453399135438785,0.0355966762329177,0.00811006001424067,4.74225657370406,3.67053285523938,1.8826668129707,-3.3158067874161
"Alnus_crispa ssp. Maximowiczii","Alnus","Betulaceae","Fagales",0,78.55,0.10782005,0.24,32.595,37.99,7.975,NA,32.595,37.99,31.995,23.795,0,151.5,NA,3.191666603,2028,36.8103,139.3796,32.835,6.44989335410401,0.809651560660361,37.99,23.795,151.5,6.40846309398775,1.59797146666695,8.08677615325878,0.468640429678726,1.85253580859783,0.000356415449454947,NA,0.281953869644327,44.6377095814995,0.599999999999998,0.0157406465732352,0.0251301863027089,0.0184692262288559,0.00398241863711717,4.76504875024338,4.00558465794595,1.89514618937599,-3.44804347896847
"Alnus_matsumurae","Alnus","Betulaceae","Fagales",0,68.4,0.1169233115,0.365,48.84,33.995,8.935,NA,48.84,33.995,48.21,29.275,0,68.5,3,3.191666603,2028,36.8103,139.3796,49.205,7.90774364802585,0.884827600100874,33.995,29.275,70,2.41396825679659,1.16280049976226,8.49741242180229,0.150634809552253,0.871531189493468,0.000287735499455934,NA,0.530241584683384,23.7008339065545,0.629999999999999,0.0186184357745408,0.0216906341231934,0.0130563437361338,0.00919871794871794,1.45375424549523,2.07109303580195,1.83505610172012,-3.54100655358853
"Alnus_oregona","Alnus","Betulaceae","Fagales",0,78.0363636363636,0.1319367687,0.184090909090909,36.2981818181818,29.2372727272727,9.04,NA,36.2981818181818,29.2372727272727,34.6359090909091,24.3072727272727,0,49.1363636363636,24.6875,9.68863639063636,1659.81818181818,45.1970871372727,-123.316005554545,36.4822727272727,6.51107248257001,0.725151887391377,29.2372727272727,24.3072727272727,67.0909090909091,2.97920301689074,1.20459089886053,8.0239897577469,0.184652435267419,1.03205880188184,0.000534136377323898,NA,0.499862516983326,25.573923397082,1.66227272727273,0.0530589805572777,0.0647827846297562,0.0470053753874046,0.042201717815123,2.45042841263303,2.47280258804979,1.89229702379967,-3.27234784342565
"Alnus_rugosa","Alnus","Betulaceae","Fagales",0,74.9708333333333,0.0912340358333333,0.10375,13.6370833333333,20.1716666666667,5.60916666666667,NA,13.6370833333333,20.1716666666667,13.355,15.4608333333333,0,89.75,4.75,10.04374981,1224.5,41.5100665,-72.5442,13.7408333333333,4.14014828027035,0.741312896892933,20.1716666666667,15.4608333333333,91.125,5.9392938242643,1.30580468367583,7.18083584688344,0.265806807279661,1.77314274800949,0.000684289307512941,NA,0.41618903193977,30.6900308157804,0.282083333333333,0.0138815444528286,0.0181322943708305,0.0212008301528069,0.00312578320555811,7.1409076633584,4.54095437317445,1.8748923382445,-3.1647602460981
"Alnus_serrulata","Alnus","Betulaceae","Fagales",0,NA,0.132002093,NA,30.05,25.53,9.33,NA,30.05,25.53,29.78,23.83,0,63,NA,11.59166718,1075,39.92,-76.75,30.05,6.18553541088333,0.662972712849232,25.53,23.83,63,2.64372639530004,1.07133864876206,8.00803284696931,0.0689089401427417,0.972189435280882,0.000579851998548441,NA,0.5793656073099,21.6898801996672,0.27,0.0105757931844888,0.0113302559798573,0.00898502495840265,0.00428571428571428,2.09650582362729,2.46768507638073,NA,-3.23668284163699
"Alnus_sinuata","Alnus","Betulaceae","Fagales",0,58.5625,0.08368285025,0.16625,50.93125,41.7625,9.24125,NA,50.93125,41.7625,49.7425,29.64125,0,121.875,10.25,3.056249976,1447,53.802890065,-135.9754372,51.0975,6.93389396231323,0.726081849403422,41.7625,29.64125,127,4.82980803901383,1.43080510733491,7.87694957822649,0.340069747591527,1.45578299031957,0.000308802623977559,NA,0.246892505577259,60.4630212923652,1.18875,0.0227608112384677,0.0331665064863123,0.0281627357442161,0.00857918265233987,5.9499801680129,3.22554127675517,1.76761960823185,-3.51031901800556
"Alphitonia_excelsa","Alphitonia","Rhamnaceae","Rosales",NA,125.4435806,0.15,NA,14.9071,NA,NA,NA,NA,NA,NA,NA,NA,NA,NA,17.38333333,701.3,-28.08541667,151.72905,14.9071,4.35663967035622,NA,NA,NA,NA,NA,NA,7.30700779551175,NA,NA,0.00150934789462739,NA,NA,NA,NA,NA,NA,NA,NA,NA,NA,2.09844844180583,-2.82121064670344
"Alphitonia_franguloides","Alphitonia","Rhamnaceae","Rosales",1,172.15,0.120593284,0.165,12.895,17.26,7.425,NA,NA,NA,NA,NA,NA,NA,NA,24.46666718,2982,-16.75001585,179.0199514,13.06,4.07732852215485,0.54929311070126,NA,NA,NA,0,1,7.1742550564544,NA,NA,0.00111452449187362,NA,0.544037475587325,23.1037859682134,NA,0,0,0,0,0,0,2.23590702704069,-2.95291038338052
"Alseis_blackiana","Alseis","Rubiaceae","Gentianales",1,32.4,0.097426505,NA,114.67,59.27,25.08,NA,NA,NA,NA,NA,NA,NA,NA,26.39583397,2496,9.17,-79.85,114.67,12.0831444001461,0.48178406699147,NA,NA,NA,0,1,9.3472286240383,NA,NA,8.27759996207816e-05,NA,0.410194489723549,30.6351521758088,NA,0,0,0,0,0,0,1.51054501020661,-4.08209556591062
"Alstonia_pacifica","Alstonia","Apocynaceae","Gentianales",1,48.65,0.1021605585,0.145,19.96,23.06,8.075,NA,NA,NA,NA,NA,NA,NA,NA,25.32083321,2450,-16.633333,179.083333,20.105,5.02530665579095,0.62190945894286,NA,NA,NA,0,1,7.57883220176275,NA,NA,0.000546627145765458,NA,0.483966084264141,26.6744323168721,NA,0,0,0,0,0,0,1.68708284460437,-3.26230880483617
"Alstonia_scholaris","Alstonia","Apocynaceae","Gentianales",1,NA,NA,0.41,81.94,43.95,19.3,NA,NA,NA,NA,NA,NA,NA,NA,23.6875,3054,-16.144616,145.430116,82.35,10.2396912311329,0.530553949799634,NA,NA,NA,0,1,9.01614864261174,NA,NA,NA,NA,0.533074692200176,23.5733768611179,NA,0,0,0,0,0,0,NA,NA
"Alstonia_vitiensis","Alstonia","Apocynaceae","Gentianales",1,82.3,0.223069502,1.665,159.64,53.235,20.54,NA,NA,NA,NA,NA,NA,NA,NA,25.32083321,2450,-16.633333,179.083333,161.305,14.172608035281,0.698780041903825,NA,NA,NA,0,1,9.64348275623635,NA,NA,0.000309293282321881,NA,0.69962818188765,18.0144060117314,NA,0,0,0,0,0,0,1.91539983521227,-3.50962951252906
"Alyxia_olivaeformis","Alyxia","Apocynaceae","Gentianales",1,NA,0.260848126,0.04,10.345,12.545,4.57,NA,NA,NA,NA,NA,NA,NA,NA,20.72083282,4667,21.3279,-157.755,10.385,3.63024469178269,0.793804789477015,NA,NA,NA,0,1,6.93886789024431,NA,NA,0.0065637540146038,NA,0.82302071787229,15.2689047240141,NA,0,0,0,0,0,0,NA,-2.18284770307628
"Amelanchier_arborea","Amelanchier","Rosaceae","Rosales",0,29.7666666666667,0.0767579866666667,0.146666666666667,30.2966666666667,35.4033333333333,9.23,NA,30.2966666666667,35.4033333333333,29.1333333333333,23.4333333333333,0,92.3333333333333,29.3333333333333,10.23750019,1143,40.63,-75.85,30.4433333333333,6.18577738646588,0.669271023237352,35.4033333333333,23.4333333333333,121.666666666667,5.2203123751659,1.50996975240182,7.99448414350337,0.412067591497647,1.65111062206102,0.000204259000013042,NA,0.299439966543398,41.9969273302309,1.16333333333333,0.0329929437014701,0.0498166230222941,0.0399336592382756,0.0126165596919127,4.19020621467311,3.45847924151873,1.47373020416888,-3.68981879859046
"Amelanchier_laevis","Amelanchier","Rosaceae","Rosales",0,59.0166666666667,0.108918989111111,0.178333333333333,17.6372222222222,23.545,6.28055555555556,NA,17.6372222222222,23.545,17.1444444444444,16.9355555555556,0,73.0555555555556,4.46666666666667,8.45555575833333,1112,41.4333333333333,-75.8833333333333,17.6966666666667,4.6574901050643,0.745924194147536,23.545,16.9355555555556,77.1111111111111,4.61784618884819,1.36903501866586,7.39981247385236,0.310711769789824,1.5262342500563,0.00121793317300205,NA,0.409328023601451,31.8293839426374,0.492777777777779,0.0215699346592586,0.0292333393506747,0.0303917382418062,0.00673215918355717,4.83245502909481,3.41479410541095,1.77097467637447,-2.91437654043275
"Amomyrtus_luma","Amomyrtus","Myrtaceae","Myrtales",1,NA,NA,0.0783333333333333,8.45722222222222,12.6916666666667,5.35,NA,NA,NA,NA,NA,NA,NA,NA,10.9041665416667,1185.33333333333,-37.3502,-72.8463333333333,8.53555555555556,3.17460034751873,0.6043193348271,NA,NA,NA,0,1,6.58455702566138,NA,NA,NA,NA,0.626365656720764,20.3301018274294,NA,0,0,0,0,0,0,NA,NA
"Amorpha_fruticosa","Amorpha","Fabaceae","Fabales",1,69.3,0.0394466856666667,0.01,2.31666666666667,6.345,2.45166666666667,NA,NA,NA,NA,NA,NA,NA,NA,15.97708321,1190,34.76,-79.475,2.32166666666667,1.69508245449257,0.690115783063665,NA,NA,NA,0,1,5.38773730858396,NA,NA,0.000711193092091452,NA,0.700962596890893,17.9532466780402,NA,0,0,0,0,0,0,1.84073323461181,-3.14801247037465
"Ampelocera_edentula","Ampelocera","Ulmaceae","Rosales",1,80.3,0.19172897,0.36,71.365,44.82,20.095,NA,NA,NA,NA,NA,NA,NA,NA,25.09583282,3334,-0.6859,-76.3953,71.725,9.41668826877252,0.46798264752492,NA,NA,NA,0,1,8.8182428435266,NA,NA,0.00051981103038583,NA,0.432447210930557,29.06516268762,NA,0,0,0,0,0,0,1.90471554527868,-3.28415450901186
"Amphirrhox_surinamensis","Amphirrhox","Violaceae","Malpighiales",0,NA,NA,NA,54.5366666666667,38.63,16.38,NA,54.5366666666667,38.63,53.7,38.03,0,15.3333333333333,NA,26.97500038,2237,-3,-58.97,54.5366666666667,8.30791266756031,0.507306791031355,38.63,38.03,15.3333333333333,0.407936044825089,1.01599505814575,8.59173847763459,0.0158560911282294,-0.908661411421564,NA,NA,0.456297724709201,27.5606568811549,0.836666666666664,0.0212550136765917,0.0215682511715438,0.0149704743532445,0.0558562091503266,0.29222121041483,0.401412045577909,NA,NA
"Amyris_elemifera","Amyris","Rutaceae","Sapindales",1,131.2,0.0726254635,0.055,7.01,13.28,5.54,NA,NA,NA,NA,NA,NA,NA,NA,25.17499924,1157,17.96999997,-66.87083829,7.065,2.99794449100399,0.541074941160238,NA,NA,NA,0,1,6.55859500931517,NA,NA,0.000749115179704559,NA,0.499151357007751,25.2200400570844,NA,0,0,0,0,0,0,2.11793383503964,-3.12545140250831
"Anacardium_excelsum","Anacardium","Anacardiaceae","Sapindales",1,92,0.288295011,NA,140.62,57.26,24,NA,NA,NA,NA,NA,NA,NA,NA,26.39583397,2496,9.17,-79.85,140.62,13.3806929858157,0.557528874408989,NA,NA,NA,0,1,9.55123140275911,NA,NA,0.000591053999199901,NA,0.538957190263379,23.316083060731,NA,0,0,0,0,0,0,1.96378782734556,-3.22837283979009
"Andira_inermis","Andira","Fabaceae","Fabales",1,57.5,NA,NA,29.42,26.18,11.08,NA,NA,NA,NA,NA,NA,NA,NA,26.39583397,2496,9.17,-79.85,29.42,6.12035190214652,0.552378330518639,NA,NA,NA,0,1,7.98684490116138,NA,NA,NA,NA,0.539402863927944,23.2968184908226,NA,0,0,0,0,0,0,1.75966784468963,NA
"Andromeda_polifolia","Andromeda","Ericaceae","Ericales",1,106.4,0.071342205,0.02,1.485,6.455,2.785,NA,NA,NA,NA,NA,NA,NA,NA,7.320833206,3540,55.32333333,-131.595,1.495,1.37934517885518,0.495219754033643,NA,NA,NA,0,1,5.00635031875472,NA,NA,0.00355923791207135,NA,0.447481002836434,28.0915793780687,NA,0,0,0,0,0,0,2.02694162795903,-2.44864298124414
"Aniba_guianensis","Aniba","Lauraceae","Laurales",1,NA,NA,NA,36.345,35.1825,15.3275,NA,NA,NA,NA,NA,NA,NA,NA,26.97500038,2237,-3,-58.97,36.345,6.43101188689138,0.4178336215914,NA,NA,NA,0,1,7.96002423379015,NA,NA,NA,NA,0.325258306171221,38.7958985420377,NA,0,0,0,0,0,0,NA,NA
"Annona_acuminata","Annona","Annonaceae","Magnoliales",1,64.3,0.058795212,NA,4.96,13.2,5.84,NA,NA,NA,NA,NA,NA,NA,NA,26.39583397,2496,9.17,-79.85,4.96,2.51301972572569,0.430311596870837,NA,NA,NA,0,1,6.20657592672493,NA,NA,0.000696950998815513,NA,0.357720375615367,35.1290322580645,NA,0,0,0,0,0,0,1.80821097292422,-3.1567977551762
"Annona_ambotay","Annona","Annonaceae","Magnoliales",1,53.7,0.246656827666667,0.506666666666667,128.146666666667,54.1066666666667,23.16,NA,NA,NA,NA,NA,NA,NA,NA,25.09583282,3334,-0.6859,-76.3953,128.653333333333,12.7479536364662,0.550055463690032,NA,NA,NA,0,1,9.44600035402549,NA,NA,0.000475019000867322,NA,0.545605467186916,23.1269871105796,NA,0,0,0,0,0,0,1.72997428569956,-3.32328901815032
"Anodopetalum_biglandulosum","Anodopetalum","Cunoniaceae","Oxalidales",0,188.8076632,0.08670328875,0.055,1.6509,6.695,2.725,NA,1.715,6.695,1.57,6.29,0,13,NA,8.220832825,2634,-41.8,145.6,1.6784,1.45997858402423,0.549675334611128,6.695,6.29,13,2.06729517294035,1.06423986388263,5.11797555730908,0.0622225149700927,0.726114679918563,0.00453002929581465,NA,0.479126668193156,26.3190399036808,0.145,0.0215053643421928,0.0229445240822064,0.0826797385620915,0.0111538461538462,7.66941864465084,1.94292768518477,2.27601961717568,-2.34389898938463
"Anopterus_glandulosus","Anopterus","Escalloniaceae","Escalloniales",NA,80.769529,0.27,NA,23.2142,NA,NA,NA,NA,NA,NA,NA,NA,NA,NA,10.65833333,759.3,-42.67931667,146.6689833,23.2142,5.43665682560441,NA,NA,NA,NA,NA,NA,7.74993434638806,NA,NA,0.00314031928733275,NA,NA,NA,NA,NA,NA,NA,NA,NA,NA,1.90724755034081,-2.50302619343084
"Antidesma_cariaceum","Antidesma","Phyllanthaceae","Malpighiales",1,48.05,0.121091462,0.16,60.785,36.345,14.815,NA,NA,NA,NA,NA,NA,NA,NA,27.47916603,2255,3.083,101.583,60.945,8.80228993655431,0.596312828769328,NA,NA,NA,0,1,8.71211475706717,NA,NA,0.000241080085400778,NA,0.580688904961468,21.7325999257613,NA,0,0,0,0,0,0,1.68169339200456,-3.6178386633586
"Antidesma_japonica","Antidesma","Phyllanthaceae","Malpighiales",1,44.95,0.11059398,0.13,42.6,31.04,13.21,NA,NA,NA,NA,NA,NA,NA,NA,19.19166565,3068,30.3492,130.6644,42.73,7.08840505172162,0.530561525667312,NA,NA,NA,0,1,8.19410291907887,NA,NA,0.000308715904496252,NA,0.501715022610502,25.3423942260163,NA,0,0,0,0,0,0,1.65272969606925,-3.51044099585956
"Antidesma_japonicum","Antidesma","Phyllanthaceae","Malpighiales",1,42.2,0.0549587835,0.025,10.805,16.735,7.47,NA,NA,NA,NA,NA,NA,NA,NA,17.95416641,3064,30.31,130.63,10.83,3.71090508788285,0.496744744368775,NA,NA,NA,0,1,6.98482261883177,NA,NA,0.00027937350026901,NA,0.484122470148722,25.9571792388646,NA,0,0,0,0,0,0,1.62531245096167,-3.55381479089452
"Antirhea_acutata","Antirhea","Rubiaceae","Gentianales",1,94.15,0.0818309525,0.025,2.62,7.605,3.21,NA,NA,NA,NA,NA,NA,NA,NA,25.17499924,1157,17.96999997,-66.87083829,2.645,1.83207154090395,0.570681839237277,NA,NA,NA,0,1,5.57114823584876,NA,NA,0.00254002098100938,NA,0.566716410621857,22.1855448931046,NA,0,0,0,0,0,0,1.97382032435268,-2.59516269601826
"Antirhea_lucida","Antirhea","Rubiaceae","Gentianales",1,66.7,0.106915602,0.06,19.09,21.205,7.465,NA,NA,NA,NA,NA,NA,NA,NA,25.97916603,837,17.934795,-66.929542,19.12,4.92077768973612,0.659038949287679,NA,NA,NA,0,1,7.54514371628297,NA,NA,0.00052172277275319,NA,0.530717971219323,23.6780608824572,NA,0,0,0,0,0,0,1.82412583391655,-3.28256020628089
"Apeiba_membranacea","Apeiba","Malvaceae","Malvales",1,NA,0.223678389,NA,38.23,28.65,11.39,NA,NA,NA,NA,NA,NA,NA,NA,26.39583397,2496,9.17,-79.85,38.23,6.97681501798817,0.612538631956819,NA,NA,NA,0,1,8.24879073369641,NA,NA,0.00130871100459418,NA,0.585281651741943,21.4706382422182,NA,0,0,0,0,0,0,NA,-2.88315624570804
"Apeiba_tibourbou","Apeiba","Malvaceae","Malvales",0,NA,0.214140645,NA,32.59,26.09,10.22,NA,32.59,26.09,32.53,26.05,0,43,NA,26.39583397,2496,9.17,-79.85,32.59,6.4416517107741,0.630298601836997,26.09,26.05,43,1.65067178502879,1.00153550863724,8.08917567883756,0.001534330949261,0.501182347494186,0.00140706400248592,NA,0.601652971929384,20.8864099416999,0.0600000000000023,0.00229973169796866,0.00230326295585421,0.00184105553850881,0.00139534883720936,1.31942313593127,1.64814105021081,NA,-2.85168614755866
"Apoplanesia_paniculata","Apoplanesia","Fabaceae","Fabales",1,NA,0.034126249,NA,8.205,12.1783333333333,4.54833333333333,NA,NA,NA,NA,NA,NA,NA,NA,25.19583321,942,19.5,-105.05,8.205,3.21580679891639,0.714958061528885,NA,NA,NA,0,1,6.68904798828163,NA,NA,0.000195455499592853,NA,0.696352884151581,18.1618126740128,NA,0,0,0,0,0,0,NA,-3.70895210517941
"Aralidium_pinnatifidum","Aralidium","Torricelliaceae","Apiales",1,68.3,0.1876765005,0.185,71.68,38.935,15.485,NA,NA,NA,NA,NA,NA,NA,NA,26.72083282,2181,2.409143,101.850166,71.865,9.56548798461807,0.618994438317769,NA,NA,NA,0,1,8.87989835280402,NA,NA,0.000490121000441648,NA,0.597427164089968,21.1757117093791,NA,0,0,0,0,0,0,1.83442070368153,-3.30969668867176
"Arbutus_unedo","Arbutus","Ericaceae","Ericales",0,64.06609537,0.1244282465,0.13,11.155616665,15.04,5.67,NA,10.93,15.04,10.09,13.95,0,41.5,NA,16.12916756,784,36.416864,-5.581529,11.220616665,3.77866092276486,0.661318375974866,15.04,13.95,41.5,2.98908012162457,1.07833027488963,7.02175884771551,0.0753950534661834,1.08178585453098,0.00140112570759681,NA,0.606405000156846,20.7284895132987,0.839999999999999,0.0559122891058925,0.060309286834017,0.0772761806153183,0.0205378250591016,3.84397523128227,2.76931834919725,1.80662825589544,-2.85352289849974
"Archeria_serpyllifolia","Archeria","Ericaceae","Ericales",1,227.8056951,0.0833430075,0.015,0.1047,1.26,0.44,NA,NA,NA,NA,NA,NA,NA,NA,8.220832825,2634,-41.8,145.6,0.1122,0.377300729877201,0.830310947579917,NA,NA,NA,0,1,2.41047986076328,NA,NA,0.0624720360457024,NA,0.713259505761809,17.658,NA,0,0,0,0,0,0,2.35756457716006,-1.20431433959577
"Archidendropsis_xanthoxyla","Archidendropsis","Fabaceae","Fabales",1,NA,NA,0.09,16.75,18.37,7.49,NA,NA,NA,NA,NA,NA,NA,NA,23.6875,3054,-16.144616,145.430116,16.84,4.63048096134086,0.618221757188365,NA,NA,NA,0,1,7.42892719480227,NA,NA,NA,NA,0.623743973794924,20.1466805970149,NA,0,0,0,0,0,0,NA,NA
"Ardisia_crispa","Ardisia","Primulaceae","Ericales",0,63.15,0.1216731845,0.07,15.295,20.985,9.115,NA,15.295,20.985,15.12,20.67,0,47,NA,14.71249962,3273,30.3101,130.5899,15.365,4.40574045541915,0.483197700973678,20.985,20.67,47,2.27962917624016,1.01538334777204,7.32152044664817,0.0152644837830065,0.82345099172299,0.000985552046655426,NA,0.432317624485549,29.0895376547161,0.175,0.008367579840905,0.00849702437003276,0.0117411437751174,0.00372562358276644,3.14561522306101,2.24495960974737,1.80037335489135,-3.00632043584075
"Ardisia_densapunta","Ardisia","Primulaceae","Ericales",1,79.2,0.1745672535,0.23,46.53,33.13,14.155,NA,NA,NA,NA,NA,NA,NA,NA,25.09583282,3334,-0.6859,-76.3953,46.76,7.71403648143995,0.545062546882497,NA,NA,NA,0,1,8.44917919529038,NA,NA,0.000652318000129535,NA,0.532692694920151,23.6363375562254,NA,0,0,0,0,0,0,1.89872518158949,-3.18554063734587
"Ardisia_elliptica","Ardisia","Primulaceae","Ericales",1,NA,NA,NA,98.025,49.61,21.695,NA,NA,NA,NA,NA,NA,NA,NA,24.77499962,2225,5.016667,117.8125,98.025,11.1514283028098,0.515012695456833,NA,NA,NA,0,1,9.18307565682887,NA,NA,NA,NA,0.499480365478808,25.1700127505115,NA,0,0,0,0,0,0,NA,NA
"Ardisia_escallonoides","Ardisia","Primulaceae","Ericales",1,101.233333333333,0.187312704666667,0.2,25.5366666666667,24.9133333333333,10.92,NA,NA,NA,NA,NA,NA,NA,NA,23.32500076,1309,26.17,-81.34,25.7366666666667,5.70072254866982,0.526337814675031,NA,NA,NA,0,1,7.83610161885891,NA,NA,0.00142154333607624,NA,0.518722524374393,24.3775470385637,NA,0,0,0,0,0,0,2.0053235371986,-2.84723989620435
"Ardisia_obovata","Ardisia","Primulaceae","Ericales",1,256.1,0.27607583575,0.275,49.045,32.0475,12.94,NA,NA,NA,NA,NA,NA,NA,NA,23.24791622,2085.5,18.28985,-66.9803,49.32,7.49488879628303,0.570720185255281,NA,NA,NA,0,1,8.28346666875926,NA,NA,0.00173821684739925,NA,0.525450978575282,24.0692356334592,NA,0,0,0,0,0,0,2.40840957846843,-2.75989604505977
"Ardisia_pachyrhachis","Ardisia","Primulaceae","Ericales",1,NA,NA,0.22,87.81,48.19,20.27,NA,NA,NA,NA,NA,NA,NA,NA,23.6875,3054,-16.144616,145.430116,88.03,10.586938987405,0.522295953991367,NA,NA,NA,0,1,9.08284785146091,NA,NA,NA,NA,0.47516012572617,26.4466017537866,NA,0,0,0,0,0,0,NA,NA
"Ardisia_pusilla","Ardisia","Primulaceae","Ericales",0,59.75,0.070358404,0.055,4.44,10.785,3.485,NA,4.44,10.785,4.33,9.1,0,26.5,NA,19.19166565,3068,30.3492,130.6644,4.495,2.38553202758395,0.683552882077187,10.785,9.1,26.5,2.93480744085666,1.18576258087095,6.0967317415575,0.170365798669632,1.07183218358272,0.00110750550801518,NA,0.476722953479725,26.3609262796721,0.11,0.00998228176318065,0.0118140855202718,0.0239609233468468,0.00418091168091168,6.12493316791852,2.47359550561798,1.77633790962018,-2.95565410520002
"Ardisia_quinquegona","Ardisia","Primulaceae","Ericales",1,82.45,0.14896725375,0.095,37.7975,31.9775,14.03,NA,NA,NA,NA,NA,NA,NA,NA,18.57291603,3066,30.3296,130.6472,37.8925,6.85256967848484,0.487710269246727,NA,NA,NA,0,1,8.18505602465267,NA,NA,0.000574735001680783,NA,0.453032000194468,28.7532505387027,NA,0,0,0,0,0,0,1.91619065998054,-3.24053235328576
"Ardisia_semibulada","Ardisia","Primulaceae","Ericales",0,79.2,0.3388594615,0.465,229.185,74.505,32.465,NA,229.185,74.52,228.565,74.36,0,42.5,NA,25.08749962,3338,-0.7,-76.3953,229.65,17.0973685557049,0.526604774964452,74.52,74.36,42.5,0.57492401767501,1.0021719623091,10.0411830149479,0.00216804190747412,-0.707150065570606,0.000500401999163774,NA,0.518659100045092,24.2324806820802,0.620000000000005,0.00833884415399184,0.00836042973023384,0.00272727406821511,0.0173660714285718,0.188593720343832,0.573157765070474,1.89872518158949,-3.30068096391854
"Argyrodendron_actinophyllum","Argyrodendron","Malvaceae","Malvales",NA,71.61753844,0.1888,NA,37.07723077,NA,NA,NA,NA,NA,NA,NA,NA,NA,NA,17.21666667,1585.7,-28.21913333,153.1272,37.07723077,6.87082210697056,NA,NA,NA,NA,NA,NA,8.21817324131865,NA,NA,0.000961383556962984,NA,NA,NA,NA,NA,NA,NA,NA,NA,NA,1.85501938983566,-3.01710331010555
"Argyrodendron_trifoliatum","Argyrodendron","Malvaceae","Malvales",NA,90.75652315,0.1528,NA,20.56777778,NA,NA,NA,NA,NA,NA,NA,NA,NA,NA,17.21666667,1585.7,-28.21913333,153.1272,20.56777778,5.11739269714776,NA,NA,NA,NA,NA,NA,7.62889585173151,NA,NA,0.0011351659012333,NA,NA,NA,NA,NA,NA,NA,NA,NA,NA,1.95787784986503,-2.94494066294226
"Aristotelia_chilensis","Aristotelia","Elaeocarpaceae","Oxalidales",0,NA,NA,0.1775,15.965,19.44875,6.80625,NA,15.965,19.44875,15.3425,17.015,0,38.125,2,10.74895835125,1243,-37.47295,-72.933725,16.1425,4.40053638880057,0.654454879267713,19.44875,17.015,39.125,2.32849768912513,1.13116229596292,7.25550152601949,0.120290552242518,0.832672931799292,NA,NA,0.521064092867777,24.929621555754,0.6225,0.0293928237548683,0.0338461676979402,0.0373045890768161,0.0154373808160061,2.88650656860477,2.06532533623161,NA,NA
"Aristotelia_serrata","Aristotelia","Elaeocarpaceae","Oxalidales",0,122.211475,0.18,1.175,53.0763,37.905,13.09,NA,61.365,37.905,60.195,34.89,0,76,NA,9.920833588,1596,-38.8,176.4,53.6638,8.18548691863418,0.674118586971769,37.905,34.89,76,2.22873296005788,1.08209259327775,8.55030819744746,0.0787013685706573,0.795116625726932,0.000723414516517965,NA,0.543763029835581,23.5709276428206,1.17,0.0290803399030796,0.0316405414960616,0.0179953832834824,0.0148541994063209,1.32271103944018,2.06501906415725,2.0871119857364,-3.14061278064436
"Aronia_arbutifolia","Aronia","Rosaceae","Rosales",0,68.25,0.1143169535,0.08,14.2125,19.6958333333333,6.695,NA,14.2125,19.6958333333333,13.9508333333333,16.5991666666667,0,128.916666666667,6.91666666666667,9.3958334945,1090,41.21,-74.475,14.2525,4.22217534097607,0.633256975886311,19.6958333333333,16.5991666666667,135.833333333333,8.18895588056496,1.17967259767455,7.22346471594336,0.162291289043727,2.10018863313504,0.000979841816238695,NA,0.475440651941147,27.9492953876242,0.261666666666666,0.0133142277191352,0.0156412630346557,0.018786707639585,0.00203073242452244,9.9099372672203,6.98853371522942,1.83410265571279,-3.00884403030712
"Arytera_brackenridgei","Arytera","Sapindaceae","Sapindales",1,92.5,0.074504806,0.04,28.61,24.61,9.95,NA,NA,NA,NA,NA,NA,NA,NA,24.46666718,2982,-16.75001585,179.0199514,28.65,6.03972788763388,0.607007827902903,NA,NA,NA,0,1,7.96032362914884,NA,NA,0.000193750998851575,NA,0.593614491350424,21.169245019224,NA,0,0,0,0,0,0,1.96614173273903,-3.71275604988173
"Asimina_triloba","Asimina","Annonaceae","Magnoliales",1,NA,0.146003206,NA,68.09,35.08,14.02,NA,NA,NA,NA,NA,NA,NA,NA,11.59166718,1075,39.92,-76.75,68.09,9.31100857055868,0.664123293192488,NA,NA,NA,0,1,8.82600054548297,NA,NA,0.00031306999797736,NA,0.695302880865658,18.073232486415,NA,0,0,0,0,0,0,NA,-3.50435854955711
"Aspidosperma_blancimpreso","Aspidosperma","Apocynaceae","Gentianales",1,51.4333333333333,0.123279204,0.0733333333333333,39.2066666666667,28.5066666666667,12.23,NA,NA,NA,NA,NA,NA,NA,NA,25.09583282,3334,-0.6859,-76.3953,39.28,7.05670056407242,0.576978889298696,NA,NA,NA,0,1,8.26725731610731,NA,NA,0.00038804266659782,NA,0.603702696296639,20.8228895791008,NA,0,0,0,0,0,0,1.71124467134349,-3.41112051963969
"Aspidosperma_carapanauba","Aspidosperma","Apocynaceae","Gentianales",1,NA,NA,NA,66.98,30.065,12.445,NA,NA,NA,NA,NA,NA,NA,NA,26.97500038,2237,-3,-58.97,66.98,7.12585987630999,0.616869375875085,NA,NA,NA,0,1,7.25498156006158,NA,NA,NA,NA,0.61469772964135,20.7539949672974,NA,0,0,0,0,0,0,NA,NA
"Aspidosperma_cruenta","Aspidosperma","Apocynaceae","Gentianales",1,135.4,0.152290423,NA,37.98,27.68,11.46,NA,NA,NA,NA,NA,NA,NA,NA,26.39583397,2496,9.17,-79.85,37.98,6.95396562466637,0.6068032831297,NA,NA,NA,0,1,8.24222989137223,NA,NA,0.000610646996775117,NA,0.622920542071133,20.1733122696156,NA,0,0,0,0,0,0,2.13161866434913,-3.2142097744647
"Aspidosperma_spruceanum","Aspidosperma","Apocynaceae","Gentianales",1,NA,0.185485316,0.315,63.7,43.11,18.145,NA,NA,NA,NA,NA,NA,NA,NA,25.29999924,4740,2.970351018,-78.18942184,64.015,9.00398415227744,0.497044804899562,NA,NA,NA,0,1,8.75356370598902,NA,NA,0.000554626328796706,NA,0.42897465966885,29.301586517996,NA,0,0,0,0,0,0,NA,-3.25599951777345
"Asterotrichion_discolor","Asterotrichion","Malvaceae","Malvales",0,NA,0.110302171,0.25,18.94,24.215,9.815,NA,18.94,24.215,18.335,22.49,0,45,NA,11.29166698,792,-42.9,147.3,19.19,4.94120560891536,0.503414403676683,24.215,22.49,45,2.00179547413964,1.07665329948034,7.55808879193335,0.0738515907164244,0.693427891755043,0.000639152309841673,NA,0.40553333271283,30.9992854195814,0.604999999999999,0.0249406270992896,0.0268623100712652,0.0318229401792065,0.0134881422924901,2.38520056968191,1.85952069752454,NA,-3.19439563723799
"Astrotricha_floccosa","Astrotricha","Araliaceae","Apiales",1,61.62544745,0.177333333,1.28333333333333,46.8212333333333,46.6366666666667,19.4033333333333,NA,NA,NA,NA,NA,NA,NA,NA,17.102083205,1213,-33.655233335,151.17985835,47.4629,7.57207260841749,0.464797421108993,NA,NA,NA,0,1,8.3627511667707,NA,NA,0.00108230064196783,NA,0.363726832923972,35.0158539142343,NA,0,0,0,0,0,0,1.78976008562176,-2.96565208395082
"Atherosperma_moschatum","Atherosperma","Atherospermataceae","Laurales",NA,80.98101203,0.19,NA,15.1517,NA,NA,NA,NA,NA,NA,NA,NA,NA,NA,10.65833333,759.3,-42.67931667,146.6689833,15.1517,4.39223674338756,NA,NA,NA,NA,NA,NA,7.32328292286938,NA,NA,0.00238257093263462,NA,NA,NA,NA,NA,NA,NA,NA,NA,NA,1.90838319989965,-2.62295416091283
"Atriplex_stipitata","Atriplex","Amaranthaceae","Caryophyllales",1,130.2247427,0.10474490275,0.03,3.00471666666667,16.1666666666667,6.91333333333333,NA,NA,NA,NA,NA,NA,NA,NA,17.09166635,324.55,-33.661881665,142.83159835,3.01971666666667,1.71708177304279,0.388662876613371,NA,NA,NA,0,1,5.08769250218221,NA,NA,0.00814631005117028,NA,0.276023639212223,47.3829790230185,NA,0,0,0,0,0,0,2.11469350802003,-2.08903906454835
"Ayenia_micrantha","Ayenia","Malvaceae","Malvales",0,NA,0.1105669935,NA,30.485,28.16,8.97,NA,30.485,28.16,29.57,24.035,0,76,1,25.19583321,942,19.5,-105.05,30.485,6.22974023119554,0.695269127984451,28.16,24.035,76.5,3.17926949155243,1.17070215590194,8.0221450011655,0.157021035763818,1.15545513655879,0.000401596502056754,NA,0.489123971826135,26.1787671370106,0.914999999999999,0.0325689039699845,0.0380753730862464,0.0300415932696289,0.0120787689097548,2.51485112486141,2.71432520636873,NA,-3.39621007859228
"Azara_integrifolia","Azara","Salicaceae","Malpighiales",0.5,NA,NA,0.0475,8.16833333333333,11.7358333333333,4.61666666666667,NA,5.965,10.5475,5.91,10.33,0,1.25,0,11.877083305,881.5,-35.90395,-72.5953,8.21583333333333,3.18257844764279,0.694865180607061,10.5475,10.33,1.25,0.119280104390682,1.00685838030428,6.64515488026392,0.00676804318142404,-1.19284686858949,NA,NA,0.725543981151107,17.4799773333191,0.0183333333333334,0.00172043029992879,0.00176371154054996,0.00295780400281694,0.00500000000000004,0.20280508207385,0.11632454529947,NA,NA
"Azara_microphylla","Azara","Salicaceae","Malpighiales",1,NA,NA,0.01,0.56,3.14,1.255,NA,NA,NA,NA,NA,NA,NA,NA,10.28333378,1416,-37.8412,-73.1959,0.57,0.851874810263631,0.679146858712126,NA,NA,NA,0,1,4.04289735064078,NA,NA,NA,NA,0.713874678498852,17.6064944178628,NA,0,0,0,0,0,0,NA,NA
"Baccaurea_lanceolata","Baccaurea","Phyllanthaceae","Malpighiales",1,NA,NA,NA,273.93,74.9,31.27,NA,NA,NA,NA,NA,NA,NA,NA,24.77499962,2225,5.016667,117.8125,273.93,18.6743619562226,0.597256127177993,NA,NA,NA,0,1,10.2177748772915,NA,NA,NA,NA,0.613602278499761,20.4809225476952,NA,0,0,0,0,0,0,NA,NA
"Baccaurea_macrocarpa","Baccaurea","Phyllanthaceae","Malpighiales",1,NA,NA,NA,264.07,66.735,25.895,NA,NA,NA,NA,NA,NA,NA,NA,24.77499962,2225,5.016667,117.8125,264.07,18.1949227944581,0.699892408915088,NA,NA,NA,0,1,10.150153535335,NA,NA,NA,NA,0.729830069042462,17.3428113633565,NA,0,0,0,0,0,0,NA,NA
"Baccaurea_parviflora","Baccaurea","Phyllanthaceae","Malpighiales",1,85,0.1308994025,0.125,22.95,22.255,8.995,NA,NA,NA,NA,NA,NA,NA,NA,25.29166603,2035,2.917,102.25,23.075,5.37840066112026,0.598654088217571,NA,NA,NA,0,1,7.71261061659761,NA,NA,0.000742569504081001,NA,0.577234477104193,21.8124797623594,NA,0,0,0,0,0,0,1.92941892571429,-3.12926289039305
"Baccaurea_stylaris","Baccaurea","Phyllanthaceae","Malpighiales",1,68.3,0.095398477,0.135,19.525,17.755,7.06,NA,NA,NA,NA,NA,NA,NA,NA,24.46666718,2982,-16.75001585,179.0199514,19.66,4.77931179898332,0.679841572908336,NA,NA,NA,0,1,7.3914059221294,NA,NA,0.000570213504507175,NA,0.710662663599932,17.6826844659408,NA,0,0,0,0,0,0,1.83442070368153,-3.24396250140135
"Baeckea_sp.","Baeckea","Myrtaceae","Myrtales",NA,603.2967033,0.0628,NA,0.121333333,NA,NA,NA,NA,NA,NA,NA,NA,NA,NA,16.52499962,1147,-34.1,115.1,0.121333333,0.393047576853134,NA,NA,NA,NA,NA,NA,2.49595648322733,NA,NA,0.032504175913473,NA,NA,NA,NA,NA,NA,NA,NA,NA,NA,2.78053095213137,-1.48806084026188
"Baloghia_inophylla","Baloghia","Euphorbiaceae","Malpighiales",NA,126.2170797,0.31,NA,65.769625,NA,NA,NA,NA,NA,NA,NA,NA,NA,NA,17.21666667,1585.7,-28.21913333,153.1272,65.769625,9.15098286482946,NA,NA,NA,NA,NA,NA,8.7913282915974,NA,NA,0.00146116083222308,NA,NA,NA,NA,NA,NA,NA,NA,NA,NA,2.10111812763049,-2.83530197797215
"Banara_portoricensis","Banara","Salicaceae","Malpighiales",0,98,0.117567024,0.09,27.68,25.815,9.805,NA,27.68,25.815,27.085,23.675,0,40,NA,18.68333435,1961,18.1702,-66.5703,27.77,5.94392987365334,0.609557611620777,25.815,23.675,40,1.67488669473191,1.08973497798379,7.92756636366509,0.085889123121626,0.506046561319086,0.000504456428060029,NA,0.525968508923003,24.0820548562564,0.595000000000001,0.0231849939040451,0.0252460007745348,0.0215743710497483,0.0155208333333334,1.43335086091134,1.53507640535068,1.9912260756925,-3.29717633957633
"Banksia_attenuata","Banksia","Proteaceae","Proteales",NA,255.4990503,0.13,NA,4.8963,NA,NA,NA,NA,NA,NA,NA,NA,NA,NA,18.26666667,773.9,-31.68866667,115.8855167,4.8963,2.49683054749151,NA,NA,NA,NA,NA,NA,6.19365000383071,NA,NA,0.00345158589138737,NA,NA,NA,NA,NA,NA,NA,NA,NA,NA,2.40738929018409,-2.46198131489006
"Banksia_grandis","Banksia","Proteaceae","Proteales",NA,220.2939693,0.3505,NA,138.4385,NA,NA,NA,NA,NA,NA,NA,NA,NA,NA,16.52499962,1147,-34.1,115.1,138.4385,13.2764970046251,NA,NA,NA,NA,NA,NA,9.53559636967776,NA,NA,0.000887399458965533,NA,NA,NA,NA,NA,NA,NA,NA,NA,NA,2.34300260820124,-3.05188084040237
"Banksia_ilicifolia","Banksia","Proteaceae","Proteales",0,307.2328779,0.228858499,0.135,18.1289,22.68,7.17,NA,17.405,22.68,15.795,17.385,0,14.5,NA,16.52499962,1147,-34.1,115.1,18.1964,4.8111159921994,0.658584791311418,22.68,17.385,14.5,0.833888663521523,1.304474913524,7.5045104747844,0.26574601237297,-0.182028150617787,0.00292347584921292,NA,0.424536531401251,29.6381613011962,1.61,0.0707686012900256,0.0924851417465141,0.0917000432635014,0.110428571428572,0.835260947921892,0.639139796321592,2.48746768898485,-2.53410048951162
"Banksia_marginata","Banksia","Proteaceae","Proteales",0.5,189.0439425,0.109764707458333,0.0975,3.96360833341667,18.9166666666667,7.98083333333333,NA,10.8666666666667,28.2033333333333,10.68,27.08,0,13.3333333333333,NA,12.5531252865,1378.75,-38.037381945,147.5605,4.01235833341667,2.02417549660798,0.312670042298917,28.2033333333333,27.08,13.3333333333333,0.243642459382715,1.02153840369077,5.57421982222853,0.0418488816503369,-0.736894970433137,0.00524343478971496,NA,0.174169028658947,72.8085398012131,0.186666666666666,0.00324709811990702,0.00336505039695351,0.00833117181430231,0.00713663243075007,0.618578990981764,0.233330942350587,2.27656276590394,-2.28038412875491
"Banksia_menziesii","Banksia","Proteaceae","Proteales",1,NA,0.3071711485,0.28,150.985,155.51,28.755,NA,NA,NA,NA,NA,NA,NA,NA,16.52499962,1147,-34.1,115.1,151.265,13.8779167517606,0.490000532643876,NA,NA,NA,0,1,9.6242033854328,NA,NA,0.000626928000218868,NA,0.0913572312093287,168.245544832081,NA,0,0,0,0,0,0,NA,-3.20278233301798
"Barringtonia_sarcostachys","Barringtonia","Lecythidaceae","Ericales",1,NA,NA,NA,417.375,105.8,45.435,NA,NA,NA,NA,NA,NA,NA,NA,24.77499962,2225,5.016667,117.8125,417.375,23.0310669988298,0.508115421950776,NA,NA,NA,0,1,10.6354288399137,NA,NA,NA,NA,0.469615960987193,26.8276453547667,NA,0,0,0,0,0,0,NA,NA
"Bedfordia_salicina","Bedfordia","Asteraceae","Asterales",1,118.4823956,0.21035046425,0.275,11.0942,22.33,10.255,NA,NA,NA,NA,NA,NA,NA,NA,11.29166698,792,-42.9,147.3,11.2317,3.77844186258648,0.360861264983735,NA,NA,NA,0,1,7.02049079973956,NA,NA,0.00394206251770186,NA,0.263843121238516,47.6306345690737,NA,0,0,0,0,0,0,2.07365382661834,-2.40427649246712
"Beilschmiedia_bancrofti","Beilschmiedia","Lauraceae","Laurales",1,NA,NA,0.14,75.77,44.34,19.37,NA,NA,NA,NA,NA,NA,NA,NA,23.6875,3054,-16.144616,145.430116,75.91,9.83115526481228,0.507545444750247,NA,NA,NA,0,1,8.93471861401677,NA,NA,NA,NA,0.484301454892269,25.9474145440148,NA,0,0,0,0,0,0,NA,NA
"Beilschmiedia_oligandra","Beilschmiedia","Lauraceae","Laurales",1,NA,NA,0.13,34.26,29.08,12.54,NA,NA,NA,NA,NA,NA,NA,NA,23.6875,3054,-16.144616,145.430116,34.39,6.61715255555154,0.527683616870139,NA,NA,NA,0,1,8.14293601043227,NA,NA,NA,NA,0.509106237841189,24.6831990659661,NA,0,0,0,0,0,0,NA,NA
"Beilschmiedia_pendula","Beilschmiedia","Lauraceae","Laurales",1,NA,0.139380505,NA,28.32,25.53,10.83,NA,NA,NA,NA,NA,NA,NA,NA,26.39583397,2496,9.17,-79.85,28.32,6.00484337072166,0.554463838478454,NA,NA,NA,0,1,7.94873845481361,NA,NA,0.000685978996259005,NA,0.546011114775919,23.0148622881356,NA,0,0,0,0,0,0,NA,-3.16368918159421
"Beilschmiedia_tawa","Beilschmiedia","Lauraceae","Laurales",1,163.9627916,0.128,0.2,10.7074,16.73,7.4,NA,NA,NA,NA,NA,NA,NA,NA,9.920833588,1596,-38.8,176.4,10.8074,3.6917641399463,0.511898972845068,NA,NA,NA,0,1,6.96630899732072,NA,NA,0.00156637794221687,NA,0.492829199777889,25.7458118215313,NA,0,0,0,0,0,0,2.2147453039245,-2.80510344124634
"Beilschmiedia_tooram","Beilschmiedia","Lauraceae","Laurales",1,NA,NA,0.32,106.79,73.08,20.87,NA,NA,NA,NA,NA,NA,NA,NA,23.6875,3054,-16.144616,145.430116,107.11,11.6780429711739,0.559561234843022,NA,NA,NA,0,1,9.27902652976463,NA,NA,NA,NA,0.251271581478256,50.011109654462,NA,0,0,0,0,0,0,NA,NA
"Bellendena_montana","Bellendena","Proteaceae","Proteales",0,219.1384301,0.10185173675,0.025,1.1298,5.975,1.925,NA,1.085,5.975,1.06,5.745,0,4.5,NA,8.220832825,2634,-41.8,145.6,1.1423,1.20514150326401,0.617181345982482,5.975,5.745,4.5,0.788168668702086,1.04074379814142,4.73534673272752,0.0397969528796362,-0.249626458786686,0.00914921194768341,NA,0.380791883610894,33.0784183673469,0.025,0.00420688572741847,0.0043945638516774,0.0237094837935174,0.0055,4.23169267707083,0.755613852173231,2.34071854605377,-2.03861631156323
"Berberidopsis_corallina","Berberidopsis","Berberidopsidaceae","Berberidopsidales",0,NA,NA,0.12,45.28,37.68,11.065,NA,45.28,37.68,43.54,29.625,0,35.5,1,12.13333321,863,-35.8258,-72.5033,45.4,7.59429536968406,0.686416390325336,37.68,29.625,36,1.21328571428571,1.27012857142857,8.41611333633565,0.238795245189197,0.192922660619256,NA,NA,0.402425032297042,31.3621555384948,1.74,0.0457918339049326,0.0583171428571429,0.038099962597689,0.0485977564102565,0.7959014941239,0.95516856624762,NA,NA
"Berberis_darwinii","Berberis","Berberidaceae","Ranunculales",0,NA,NA,0.0075,2.12,6.41,2.375,NA,2.12,6.41,1.9775,5.91,0,5.75,NA,9.6208333975,1604.5,-39.04195,-73.27215,2.1275,1.60370113660657,0.679178783210885,6.41,5.91,5.75,0.97926555756714,1.08666770199618,5.25295679543124,0.0830170165093352,-0.0226170923077436,NA,NA,0.619298613296673,20.3837082390488,0.1425,0.0223499914822444,0.0243011978530843,0.0758564851993442,0.024875,3.0424074485334,0.900691734445639,NA,NA
"Berberis_thunbergii","Berberis","Berberidaceae","Ranunculales",1,59.15,0.0514717957777778,0.0075,1.97722222222222,7.75444444444444,3.09111111111111,NA,NA,NA,NA,NA,NA,NA,NA,10.0791664133333,1219.66666666667,41.5085,-72.543611,1.97888888888889,1.56157220436069,0.51169697692992,NA,NA,NA,0,1,5.21859012861055,NA,NA,0.00155231701956672,NA,0.409639595156374,34.5106287533207,NA,0,0,0,0,0,0,1.77195474896395,-2.80901958089433
"Berchemia_scandens","Berchemia","Rhamnaceae","Rosales",0,50.4666666666667,0.0596514253333333,0.0466666666666667,8.52,12.89,5.35,NA,8.52,12.89,8.22,12.6866666666667,0,17.6666666666667,NA,19.07916641,1198,31.86,-82.11,8.56666666666667,3.26633536500062,0.611611275913985,12.89,12.6866666666667,17.6666666666667,1.43215964046706,1.01593168139839,6.70672810986478,0.0157968062503122,0.343454994548392,0.000437234111652399,NA,0.631158428351548,19.9116529052035,0.3,0.0230434412833773,0.0234158715288162,0.0361072490345725,0.0170479302832244,2.29927858192847,1.41006705860454,1.70300462044439,-3.35928596308899
"Berlinia_grandifolia","Berlinia","Fabaceae","Fabales",NA,82.81616907,0.36,NA,216.8,NA,NA,NA,NA,NA,NA,NA,NA,NA,NA,21.58333333,1671.9,2.159533333,16.15345,216.8,16.6144013824929,NA,NA,NA,NA,NA,NA,9.98414545555358,NA,NA,0.000597785977859778,NA,NA,NA,NA,NA,NA,NA,NA,NA,NA,1.91811513693381,-3.22345427633178
"Bertya_cunninghamii","Bertya","Euphorbiaceae","Malpighiales",1,NA,0.104722916333333,0.0133333333333333,0.576666666666667,7.92666666666667,3.63666666666667,NA,NA,NA,NA,NA,NA,NA,NA,17.35833359,415,-32.966,146.15472,0.59,0.866661692708437,0.23846434902379,NA,NA,NA,0,1,4.07724679742625,NA,NA,0.0188810113820033,NA,0.115496785957455,109.072533466923,NA,0,0,0,0,0,0,NA,-1.72397474595644
"Betula_alleghaniensis","Betula","Betulaceae","Fagales",0,42.2666666666667,0.122320637166667,0.154583333333333,28.5070833333333,32.57375,8.65333333333333,NA,28.5070833333333,32.57375,27.25375,22.2495833333333,0,71.3333333333333,21.4583333333333,7.5333333015,1116.5,42.6175,-72.7475,28.6616666666667,5.88421123289151,0.675902064185497,32.57375,22.2495833333333,92.7916666666667,4.14768847982805,1.45278391588704,7.85670168466029,0.371341838591912,1.41533079422167,0.000621286125100327,NA,0.325004649936591,39.0019966744875,1.25333333333333,0.0380880520592323,0.0552921709593455,0.0475440407822835,0.0178870163803349,3.59321751753481,2.85870542388921,1.62599799882605,-3.20670834517918
"Betula_ermanii","Betula","Betulaceae","Fagales",0,73.25,NA,0.17,26.32,33.1,8.195,NA,26.32,33.1,25.435,23.27,0,97.5,NA,3.191666603,2028,36.8103,139.3796,26.49,5.80626945910968,0.708578867899735,33.1,23.27,97.5,4.20355090713833,1.42399336827781,7.88102682476318,0.352901519319244,1.4309938504956,NA,NA,0.301907381741573,41.7025485544857,0.885000000000002,0.0267370451742324,0.0380794368360445,0.0336914076621718,0.009114010989011,3.72122839074496,2.94544377187083,1.86480762902615,NA
"Betula_grossa","Betula","Betulaceae","Fagales",0,94.75,0.109517045,0.265,31.945,35.41,8.575,NA,31.945,35.41,30.78,23.76,0,87,NA,6.700000286,1960,36.7198,139.4699,32.21,6.40083448821781,0.746906704773959,35.41,23.76,87,3.66063497487106,1.49084122754215,8.07547678411851,0.399300628388334,1.29761317520733,0.000377489500824506,NA,0.319817169122049,39.2925828072443,1.165,0.0327723634399044,0.0488019909426162,0.036248245140256,0.0133211968754138,2.72631172998919,2.45576197519133,1.97657921864011,-3.42309512296828
"Betula_lenta","Betula","Betulaceae","Fagales",0,41.86875,0.104574633180556,0.154166666666667,38.3077777777778,39.7791666666667,10.1301388888889,NA,38.3077777777778,39.7791666666667,36.9677777777778,26.5231944444444,0,98.9722222222222,39.25,9.10763891633333,1153.83333333333,41.5058945,-74.4070721666667,38.4105555555556,6.87564311202965,0.679346078094962,39.7791666666667,26.5231944444444,138.222222222222,5.36892936481381,1.51160245613419,8.17968537947072,0.408098541173673,1.65113392850053,0.000308918594923313,NA,0.296628020802707,44.139761054633,1.34,0.0331206000618571,0.0501708010778186,0.0371560156378208,0.0143957045784533,4.22393634246106,3.52165800638522,1.62188999513518,-3.51015594916203
"Betula_maximowicziana","Betula","Betulaceae","Fagales",0,75.4,0.114175742,0.675,77.195,70.385,11.75,NA,77.195,70.385,75.32,36.91,0,221,NA,6.700000286,1960,36.7198,139.4699,77.87,9.93389224342191,0.846145221962709,70.385,36.91,221,6.00627883781568,1.90201565048049,8.95078774421896,0.642492907646107,1.79219229096253,0.000167461181649049,NA,0.197716669172536,64.1968859479477,1.87500000000001,0.0266153798097012,0.0506340249969666,0.0243244007043233,0.00845134197178474,2.89517704231301,3.16372198777002,1.87737134586977,-3.77608584862366
"Betula_nana","Betula","Betulaceae","Fagales",0,103.4,0.0660483435,0.035,3.25,9.395,2.34,NA,3.25,9.395,2.885,6.695,0,25,NA,3.283333302,689,59.64000081,-151.4799961,3.285,2.02909036861211,0.865024486752378,9.395,6.695,25,3.81989670393285,1.40438216831289,5.76277274816317,0.339574736392982,1.32104981694642,0.00133410598557351,NA,0.454101489355323,27.7018203577727,0.365,0.0382019689183332,0.0535938800246029,0.111892164273117,0.015,8.34971025447216,2.71655005881989,2.01452053875792,-2.87480966733
"Betula_nigra","Betula","Betulaceae","Fagales",0,72.7,0.0828564615555556,0.0933333333333333,16.2922222222222,19.6422222222222,6.32111111111111,NA,16.2922222222222,19.6422222222222,15.7055555555556,16.7166666666667,0,45.6666666666667,10.1111111111111,15.9555556,1168.33333333333,35.32,-79.4133333333333,16.3544444444444,4.5049839370067,0.720066750232082,19.6422222222222,16.7166666666667,55.7777777777778,3.41447502348007,1.17005376410782,7.34674328951273,0.154863449308156,1.21924875693786,0.000482536034585271,NA,0.535222466808363,24.0729892579809,0.586666666666667,0.028019664006252,0.0332731236020325,0.0341048115384785,0.0128319831502995,3.73947343688317,2.94382459948092,1.86153441085904,-3.31647024908249
"Betula_papyrifera","Betula","Betulaceae","Fagales",0,68.2866666666667,0.1045302864,0.202666666666667,21.828,24.5573333333333,6.70166666666667,NA,21.828,24.5573333333333,20.6593333333333,18.763,0,57.5666666666667,9.83333333333333,4.9191666126,922.6,50.200156156,-104.0348413,22.0306666666667,5.05876805284962,0.759504983900233,24.5573333333333,18.763,63.4666666666667,3.53816208481224,1.3086483005658,7.49607163887559,0.2632462438858,1.24960431234345,0.000715853900989598,NA,0.424508045884125,30.7679693947532,1.16866666666667,0.0420879914390927,0.0586977989030328,0.0559883013165142,0.019950725924945,3.99815124911271,2.74385701039938,1.83433591366137,-3.1451756040446
"Betula_platyphylla var. japonica","Betula","Betulaceae","Fagales",0,87.1,0.087901481,0.24,20.11,23.93,6.405,NA,20.11,23.93,19.67,19.28,0,94.5,NA,3.191666603,2028,36.8103,139.3796,20.35,5.08460773235183,0.793410865863005,23.93,19.28,94.5,4.87454584474226,1.23964676993026,7.61382696797602,0.214474164445489,1.57698654320322,0.000386502041018064,NA,0.442314948615515,28.4881221035825,0.44,0.0183629269443719,0.0227743561483104,0.0218860393174334,0.00471346375143843,4.66794731064764,3.92262822727669,1.94001815500766,-3.41284820834192
"Betula_populifolia","Betula","Betulaceae","Fagales",0,58.8444444444444,0.0896538445277778,0.186666666666667,16.3577777777778,21.7019444444444,6.70083333333333,NA,16.3577777777778,21.7019444444444,15.6763888888889,18.4191666666667,0,43.5555555555556,19.7083333333333,8.00277773533333,1078.66666666667,42.3333333333333,-73.48,16.5444444444444,4.42089530120249,0.660635821178462,21.7019444444444,18.4191666666667,56.6944444444444,3.02628707378557,1.17436182401576,7.25660548142986,0.154682368370855,1.07420876437557,0.000589428020729504,NA,0.42963511209841,31.015836238677,0.681388888888889,0.0289299843164983,0.0353214499540399,0.0432849276954529,0.0149029873232676,3.88101058053492,2.54275927463728,1.76970546699232,-3.22956922213567
"Betula_schmidtii","Betula","Betulaceae","Fagales",0,48.1,NA,0.055,15.305,20.835,5.8,NA,15.305,20.835,14.755,16,0,71,54,6.700000286,1960,36.7198,139.4699,15.36,4.42202140412457,0.762646139500918,20.835,16,125,7.79550398839739,1.30146314170688,7.33666218003973,0.26280026713184,2.04287083670742,NA,NA,0.445567938833275,28.3857108737011,0.55,0.0265699205395916,0.0344202445550249,0.036018782639599,0.00798421372191864,8.14073140039417,5.96570959992608,1.68214507637383,NA
"Beyeria_opaca","Beyeria","Euphorbiaceae","Malpighiales",1,163.6996248,0.0530964076666667,0.01,0.6288,7.07666666666667,3.18333333333333,NA,NA,NA,NA,NA,NA,NA,NA,17.35833359,415,-32.966,146.15472,0.632133333333333,0.860940516509312,0.346388337679836,NA,NA,NA,0,1,3.97986668002898,NA,NA,0.00487293013430105,NA,0.23817316951304,53.8248065081712,NA,0,0,0,0,0,0,2.21404768400891,-2.31220981527683
"Beyeria_viscosa","Beyeria","Euphorbiaceae","Malpighiales",1,145.6467453,0.09717200975,0.04,2.8067,8.505,3.72,NA,NA,NA,NA,NA,NA,NA,NA,11.29166698,792,-42.9,147.3,2.8267,1.89242472703068,0.505763926297999,NA,NA,NA,0,1,5.63426670009887,NA,NA,0.00344944210058548,NA,0.475851664814638,26.4086779075148,NA,0,0,0,0,0,0,2.16330078409555,-2.46225114035567
"Bischofia_javanica","Bischofia","Phyllanthaceae","Malpighiales",0,67.95,NA,0.195,15.585,18.175,6.425,NA,15.585,18.175,15.25,16.86,0,32,NA,25.32083321,2450,-16.633333,179.083333,15.78,4.4623069021042,0.692955337043293,18.175,16.86,32,1.90639606622069,1.07851905194675,7.34588012015062,0.0755621261048381,0.643003266783361,NA,NA,0.58633797074487,21.5222355984123,0.334999999999999,0.0183496620338725,0.0197794952177557,0.0216841143647227,0.01046875,2.12301137959982,1.76684134578871,1.83218946106851,NA
"Blakea_rosea","Blakea","Melastomataceae","Myrtales",1,113.35,0.111035055,0.245,39.665,29.41,12.17,NA,NA,NA,NA,NA,NA,NA,NA,25.09583282,3334,-0.6859,-76.3953,39.91,7.09799962653951,0.581981408242646,NA,NA,NA,0,1,8.27459232260204,NA,NA,0.000312109749049988,NA,0.569806936836118,22.1064453043958,NA,0,0,0,0,0,0,2.05442152446254,-3.50569266551446
"Blastus_cochinchinensis","Blastus","Melastomataceae","Myrtales",1,53.95,0.0668896585,0.14,20.08,21.715,8.8,NA,NA,NA,NA,NA,NA,NA,NA,17.95416641,3064,30.31,130.63,20.22,5.04203067042709,0.572800644226515,NA,NA,NA,0,1,7.58644339578337,NA,NA,0.00022707949913105,NA,0.531582154525751,23.6832256202061,NA,0,0,0,0,0,0,1.73199144901893,-3.64382207236833
"Blepharocalyx_gigantea","Blepharocalyx","Myrtaceae","Myrtales",1,NA,NA,NA,5.21833333333333,10.2183333333333,4.22833333333333,NA,NA,NA,NA,NA,NA,NA,NA,19.32500076,629,-24.58,-64.7,5.21833333333333,2.47711055615359,0.578163074409227,NA,NA,NA,0,1,6.05370901004516,NA,NA,NA,NA,0.568095567151615,22.7793852809023,NA,0,0,0,0,0,0,NA,NA
"Blumeodendron_tokbrai","Blumeodendron","Euphorbiaceae","Malpighiales",1,NA,NA,NA,333.86,75.045,30.055,NA,NA,NA,NA,NA,NA,NA,NA,24.77499962,2225,5.016667,117.8125,333.86,20.4225199626437,0.67878809619242,NA,NA,NA,0,1,10.377503952307,NA,NA,NA,NA,0.729939233410844,17.2174845931303,NA,0,0,0,0,0,0,NA,NA
"Bobea_elatior","Bobea","Rubiaceae","Gentianales",1,NA,0.2693353805,0.08,14.26,16.405,6.225,NA,NA,NA,NA,NA,NA,NA,NA,20.72083282,4667,21.3279,-157.755,14.34,4.27229209160414,0.686322231114749,NA,NA,NA,0,1,7.26759019145078,NA,NA,0.00506489699530128,NA,0.666146369307337,18.9032566115995,NA,0,0,0,0,0,0,NA,-2.29542938245121
"Boquila_trifoliolata","Boquila","Lardizabalaceae","Ranunculales",0.5,NA,NA,0.04325,7.61275,10.8385,3.91575,NA,9.943,12.587,9.8185,12.2775,0,5.3,NA,10.74895835125,1243,-37.47295,-72.933725,7.656,2.85149195281756,0.72643636803631,12.587,12.2775,5.3,0.225204460987466,1.01734723424178,6.30774219851447,0.0338190467556734,-1.34091009533637,NA,NA,0.672739131191149,19.6066358411839,0.1245,0.00647688021707018,0.0067943866593471,0.0186574010845578,0.0268958333333333,0.459574764681804,0.219046728132782,NA,NA
"Boronia_ledifolia","Boronia","Rutaceae","Sapindales",1,214.0670194,0.0881583815,0.06,1.12286666683333,7.64,3.36666666666667,NA,NA,NA,NA,NA,NA,NA,NA,17.010416795,867.5,-33.27476389,148.721,1.14286666683333,1.16902924841978,0.436497080301045,NA,NA,NA,0,1,4.60934488272433,NA,NA,0.00743050498843639,NA,0.355895023362975,35.5041363459216,NA,0,0,0,0,0,0,2.33054976212907,-2.12898166992196
"Boronia_pilosa","Boronia","Rutaceae","Sapindales",1,NA,NA,NA,0.12,1.82,0.79,NA,NA,NA,NA,NA,NA,NA,NA,8.095833778,1890,-42.8,146.4,0.12,0.390541963181889,0.494580102265791,NA,NA,NA,0,1,2.48142231512995,NA,NA,NA,NA,0.454547546154621,27.6464335664336,NA,0,0,0,0,0,0,NA,NA
"Bossiaea_walkeri","Bossiaea","Fabaceae","Fabales",1,NA,0.2151722465,0.1,11.4166666666667,44.2966666666667,20.5966666666667,NA,NA,NA,NA,NA,NA,NA,NA,17.35833359,415,-32.966,146.15472,11.4833333333333,3.81370430674872,0.187852223951927,NA,NA,NA,0,1,7.03560234563741,NA,NA,0.00375076208020898,NA,0.0755205431685047,172.519135641817,NA,0,0,0,0,0,0,NA,-2.42588048331114
"Bourreria_succulenta","Bourreria","Ehretiaceae","Boraginales",1,106.766666666667,0.134343230166667,0.0983333333333333,20.305,18.3516666666667,6.98666666666667,NA,NA,NA,NA,NA,NA,NA,NA,25.7902774833333,1017.33333333333,17.9556716566667,-67.00016843,20.4033333333333,5.06370346219934,0.725846988398254,NA,NA,NA,0,1,7.59424663715689,NA,NA,0.000922270947962088,NA,0.74717832067836,16.8878285477399,NA,0,0,0,0,0,0,2.02843568394416,-3.03514147165982
"Brachychiton_populneus","Brachychiton","Malvaceae","Malvales",1,142.6079121,0.140972849722222,0.89375,32.0158888888889,61.14625,15.7675,NA,NA,NA,NA,NA,NA,NA,NA,17.3972218833333,409,-32.97292,146.148793333333,32.6117222222222,6.10656874416314,0.472523180479396,NA,NA,NA,0,1,7.85404393371505,NA,NA,0.000885953320759701,NA,0.166763881804996,91.6460114927489,NA,0,0,0,0,0,0,2.15414362149093,-3.0525891596824
"Brackenridgea_nitida ssp. Australiana","Brackenridgea","Ochnaceae","Malpighiales",0,NA,NA,0.03,32.65,31.15,13.43,NA,32.65,31.15,32.53,30.09,0,23,NA,23.6875,3054,-16.144616,145.430116,32.68,6.45054015737792,0.480308276796569,31.15,30.09,23,0.764373546028581,1.03522765038219,8.09193345597989,0.0346213545915082,-0.268698674712804,NA,NA,0.422840860187028,29.7189127105666,0.119999999999997,0.00385232744783298,0.00398803589232295,0.00367534456355275,0.00521739130434771,0.704441041347626,0.738362760834671,NA,NA
"Brombya_platynema","Brombya","Rutaceae","Sapindales",1,NA,NA,0.25,46.11,31.93,13.29,NA,NA,NA,NA,NA,NA,NA,NA,23.6875,3054,-16.144616,145.430116,46.36,7.68292817185753,0.578098432795902,NA,NA,NA,0,1,8.44160720445964,NA,NA,NA,NA,0.56833859479852,22.110711342442,NA,0,0,0,0,0,0,NA,NA
"Brosimum_alicastrum","Brosimum","Moraceae","Rosales",1,54,0.198848064,NA,46.64,33.35,14.01,NA,NA,NA,NA,NA,NA,NA,NA,26.39583397,2496,9.17,-79.85,46.64,7.70609449503755,0.550042433621524,NA,NA,NA,0,1,8.44762872803033,NA,NA,0.000847782001641254,NA,0.526958882286334,23.8469661234991,NA,0,0,0,0,0,0,1.73239375982297,-3.07171580771455
"Brosimum_guianense","Brosimum","Moraceae","Rosales",1,35.05,0.071920148,0.075,22.12,23.3566666666667,9.9625,NA,NA,NA,NA,NA,NA,NA,NA,26.0354166,2785.5,-1.84295,-67.68265,22.1575,5.28651880481114,0.534194860370714,NA,NA,NA,0,1,7.6844668547298,NA,NA,0.000299033497435962,NA,0.510326045573062,24.7624364186924,NA,0,0,0,0,0,0,1.54468802230268,-3.52428015971318
"Brosimum_rubescens","Brosimum","Moraceae","Rosales",1,NA,NA,NA,38.64,30.635,12.845,NA,NA,NA,NA,NA,NA,NA,NA,26.97500038,2237,-3,-58.97,38.64,7.00417203295319,0.545218638676456,NA,NA,NA,0,1,8.25376903938043,NA,NA,NA,NA,0.515599556744349,24.3773484282673,NA,0,0,0,0,0,0,NA,NA
"Brosimum_utile","Brosimum","Moraceae","Rosales",1,45.8,0.248862339,0.37,161.37,59.1,24.98,NA,NA,NA,NA,NA,NA,NA,NA,25.09583282,3334,-0.6859,-76.3953,161.555,14.3415912905241,0.574162590240786,NA,NA,NA,0,1,9.68985077735771,NA,NA,0.000384204000003048,NA,0.580543029019108,21.6459689402193,NA,0,0,0,0,0,0,1.66086547800387,-3.41543811794854
"Broussaisia_arguta","Broussaisia","Hydrangeaceae","Cornales",0,98.71474647,0.371666667,1.07,106.4525,52.835,18.41,NA,113.455,52.835,112.06,46.72,0,87,5,18.11041641,3583.5,-6.144383335,-3.26916665,106.9875,11.6610611505784,0.655488422731372,52.835,46.72,92,1.96830985915493,1.13109301643193,9.27438341690906,0.123162150393116,0.677045610312628,0.00138900061698229,NA,0.510091947568295,24.6451077242796,1.395,0.0263338508572186,0.0297608568075117,0.0122308756710923,0.01594782954998,0.81177217976986,1.74044852340838,1.99438203445456,-2.85729756135242
"Brownea_grandiceps","Brownea","Fabaceae","Fabales",1,53.2,0.131676267,0.06,54.33,37.845,16.655,NA,NA,NA,NA,NA,NA,NA,NA,25.09583282,3334,-0.6859,-76.3953,54.39,8.3210293400138,0.501683781696707,NA,NA,NA,0,1,8.60100475585656,NA,NA,0.000320443663753007,NA,0.480259552302616,26.3909863980886,NA,0,0,0,0,0,0,1.72591163229505,-3.49424831145489
"Brownlowia_peltata","Brownlowia","Malvaceae","Malvales",1,NA,NA,NA,351.51,76.145,27.65,NA,NA,NA,NA,NA,NA,NA,NA,24.77499962,2225,5.016667,117.8125,351.51,21.1554706168953,0.768131196382058,NA,NA,NA,0,1,10.4673971952891,NA,NA,NA,NA,0.763842971179971,16.5124296900768,NA,0,0,0,0,0,0,NA,NA
"Brunellia_comocladiifolia","Brunellia","Brunelliaceae","Oxalidales",0,112.175,0.15410769725,0.045,23.77,27.1175,9.65,NA,23.77,27.1175,23.2625,23.6875,0,33.25,NA,19.387500765,2022,18.162098885,-66.68758708,23.805,5.37677876939572,0.558826879160411,27.1175,23.6875,33.25,1.42888281458321,1.15476169558088,7.67638207212241,0.141101725161625,0.338078186311294,0.00100373472976483,NA,0.390983892168983,33.8842976545746,0.507499999999999,0.0192102969975449,0.022005271046994,0.0248369941488212,0.0155977491877161,1.60391835323697,1.24340028479517,2.04989607820511,-2.99838104876613
"Brunfelsia_densifolia","Brunfelsia","Solanaceae","Solanales",1,106.85,0.072647393,0.05,2.87,13.855,6.32,NA,NA,NA,NA,NA,NA,NA,NA,22.53333282,2174,18.1702,-66.99,2.92,1.90964189466794,0.301944785695087,NA,NA,NA,0,1,5.63774006447258,NA,NA,0.00181965060049403,NA,0.184104867215778,68.2588901586801,NA,0,0,0,0,0,0,2.02877452650009,-2.74001199489672
"Buchanania_attenuata","Buchanania","Anacardiaceae","Sapindales",1,145,0.1089065,0.175,20.93,21.71,9.075,NA,NA,NA,NA,NA,NA,NA,NA,24.46666718,2982,-16.75001585,179.0199514,21.105,5.15135865649995,0.575471760571762,NA,NA,NA,0,1,7.62941364794686,NA,NA,0.000561986497537343,NA,0.560103629113446,22.6227017567646,NA,0,0,0,0,0,0,2.16136800223497,-3.2502741188001
"Bucida_buceras","Bucida","Combretaceae","Myrtales",1,81.4333333333333,0.112950385666667,0.0466666666666667,8.64166666666667,12.1083333333333,4.47166666666667,NA,NA,NA,NA,NA,NA,NA,NA,25.0388882966667,1330.33333333333,18.10476499,-66.9236600966667,8.68833333333333,3.26577445661705,0.72728729072347,NA,NA,NA,0,1,6.69291572705409,NA,NA,0.00172967356207859,NA,0.708474474145749,17.7823289667218,NA,0,0,0,0,0,0,1.91080221225377,-2.76203585268919
"Buddleja_globosa","Buddleja","Scrophulariaceae","Lamiales",0,NA,NA,0.15,22.4,28.37,12.22,NA,22.4,28.37,21.955,28.14,0,92.5,NA,10.28333378,1416,-37.8412,-73.1959,22.475,5.3257300199201,0.43489156560888,28.37,28.14,92.5,3.27322860494767,1.0084837117925,7.69975748170676,0.00844163160043173,1.18457489621466,NA,NA,0.345806885432949,36.3651663572187,0.445,0.0155439101809825,0.0156696856876013,0.0198663085675705,0.00477380952380953,4.17527163570533,3.24629829599444,NA,NA
"Bunchosia_glandulosa","Bunchosia","Malpighiaceae","Malpighiales",1,76.6,0.110901691,0.06,14.525,17.41,7.38,NA,NA,NA,NA,NA,NA,NA,NA,25.97916603,837,17.934795,-66.929542,14.585,4.24502499413733,0.571300055604941,NA,NA,NA,0,1,7.22410661274361,NA,NA,0.000887926497843078,NA,0.579092290260365,21.8281699335904,NA,0,0,0,0,0,0,1.8842287696326,-3.05162298343576
"Bunchosia_palmeri","Bunchosia","Malpighiaceae","Malpighiales",1,NA,0.072438556,NA,35.1388888888889,25.4766666666667,10.0011111111111,NA,NA,NA,NA,NA,NA,NA,NA,25.19583321,942,19.5,-105.05,35.1388888888889,6.58430733976013,0.65913982837552,NA,NA,NA,0,1,8.09895635770267,NA,NA,0.000201134999147598,NA,0.658787995415846,19.235678694579,NA,0,0,0,0,0,0,NA,-3.69651235200823
"Bursaria_spinosa","Bursaria","Pittosporaceae","Apiales",1,147.2714049,0.08952592025,NA,1.6299,7.47,3.35,NA,NA,NA,NA,NA,NA,NA,NA,11.29166698,792,-42.9,147.3,1.6299,1.43688619102244,0.421166466906217,NA,NA,NA,0,1,5.08323476023024,NA,NA,0.00495583867000393,NA,0.354141913400506,36.3235319104849,NA,0,0,0,0,0,0,2.16811842980458,-2.30488283988021
"Bursera_arborea","Bursera","Burseraceae","Sapindales",1,NA,0.03596877975,NA,7.215,12.8933333333333,5.24666666666667,NA,NA,NA,NA,NA,NA,NA,NA,25.19583321,942,19.5,-105.05,7.215,2.98924844349552,0.572560059278636,NA,NA,NA,0,1,6.52356068993873,NA,NA,0.000204796499044389,NA,0.531562983263781,23.7250829179181,NA,0,0,0,0,0,0,NA,-3.68867747181095
"Bursera_excelsa","Bursera","Burseraceae","Sapindales",0,NA,NA,NA,3.295,9.27,3,NA,3.295,9.27,2.965,7.55,0,23.5,5,25.19583321,942,19.5,-105.05,3.295,2.03306487774499,0.676335425728207,9.27,7.55,28.5,3.63909673022589,1.22069200516803,5.76758803695252,0.197936770451556,1.22732121846163,NA,NA,0.481475937281486,26.2594208312958,0.33,0.0354748616698999,0.0433550324421791,0.101677261613692,0.01509375,8.2122249388753,2.93348209592798,NA,NA
"Bursera_instabilis","Bursera","Burseraceae","Sapindales",1,NA,0.0681283213333333,NA,21.5966666666667,20.97,8.01666666666667,NA,NA,NA,NA,NA,NA,NA,NA,25.19583321,942,19.5,-105.05,21.5966666666667,5.20523322219278,0.647096668819683,NA,NA,NA,0,1,7.64835922210307,NA,NA,0.000225441333043776,NA,0.606239828914835,21.0475142413432,NA,0,0,0,0,0,0,NA,-3.64696645622618
"Bursera_simaruba","Bursera","Burseraceae","Sapindales",1,73.2277777777778,0.0818129985,0.03,18.6894444444444,18.4077777777778,7.22611111111111,NA,NA,NA,NA,NA,NA,NA,NA,24.9055557266667,1174.66666666667,20.70073999,-71.80365443,18.7155555555556,4.79201361953234,0.662447297514352,NA,NA,NA,0,1,7.46013730117075,NA,NA,0.000502199530954894,NA,0.666449347696633,19.0092097834091,NA,0,0,0,0,0,0,1.86467585492762,-3.29912369724595
"Buxus_sempervirens","Buxus","Buxaceae","Buxales",1,NA,NA,0.05,7.7,12.71,5.46,NA,NA,NA,NA,NA,NA,NA,NA,16.12916756,784,36.416864,-5.581529,7.75,3.14127465715711,0.575325028783353,NA,NA,NA,0,1,6.65286302935335,NA,NA,NA,NA,0.59897609216657,20.9797532467532,NA,0,0,0,0,0,0,NA,NA
"Byrsonima_wadsworthii","Byrsonima","Malpighiaceae","Malpighiales",1,182.75,NA,NA,9.875,12.28,4.21,NA,NA,NA,NA,NA,NA,NA,NA,18.68333435,1961,18.1702,-66.5703,9.875,3.54386366338354,0.841550833545405,NA,NA,NA,0,1,6.89290388267831,NA,NA,NA,NA,0.822214869026882,15.2844223649321,NA,0,0,0,0,0,0,2.2618573856299,NA
"Byttneria_aculeata","Byttneria","Malvaceae","Malvales",0,NA,0.0589992075,NA,14.99,17.89,6.905,NA,14.99,17.89,14.74,17.44,0,15.5,NA,25.19583321,942,19.5,-105.05,14.99,4.34947143355712,0.629079570020858,17.89,17.44,15.5,0.896644226022765,1.025782698515,7.29479640857355,0.0254558989770615,-0.115306459666929,0.000254660000114596,NA,0.582127720966534,21.6063053323318,0.249999999999999,0.0141968338774546,0.0145621559957809,0.0176680726422241,0.0160833333333333,1.07786079596938,0.874131426126061,NA,-3.59403926506285
"Caesalpinia_eriostachys","Caesalpinia","Fabaceae","Fabales",1,37.09243195,0.0147399585,NA,0.3593,1.01,0.41,NA,NA,NA,NA,NA,NA,NA,NA,25.33958327,1153.95,19.499958335,-105.0465,0.3593,0.586308459902427,0.615934856967724,NA,NA,NA,0,1,2.88771691904516,NA,NA,0.00143620006447777,NA,0.612910344321262,20.6175,NA,0,0,0,0,0,0,1.56928530860066,-2.84278505811133
"Caesalpinia_major","Caesalpinia","Fabaceae","Fabales",1,NA,NA,NA,10.645,13.025,4.92,NA,NA,NA,NA,NA,NA,NA,NA,24.77499962,2225,5.016667,117.8125,10.645,3.67403176259652,0.748472873035177,NA,NA,NA,0,1,6.96209278729497,NA,NA,NA,NA,0.787173975333921,15.9765916038751,NA,0,0,0,0,0,0,NA,NA
"Caesalpinia_platyloba","Caesalpinia","Fabaceae","Fabales",1,NA,0.0826770053333333,NA,6.875,10.9983333333333,4.245,NA,NA,NA,NA,NA,NA,NA,NA,25.19583321,942,19.5,-105.05,6.875,2.8850649795629,0.678106257530507,NA,NA,NA,0,1,6.43097199425589,NA,NA,0.00119715666458767,NA,0.676002160561427,18.6866979624048,NA,0,0,0,0,0,0,NA,-2.92184901240575
"Caesalpinia_sclerocarpa","Caesalpinia","Fabaceae","Fabales",1,NA,0.0251100065,NA,1.005,4.1375,1.5425,NA,NA,NA,NA,NA,NA,NA,NA,25.19583321,942,19.5,-105.05,1.005,1.12700004109619,0.737687838284257,NA,NA,NA,0,1,4.59514352962366,NA,NA,0.00078050150044035,NA,0.735733127805419,17.1570821326301,NA,0,0,0,0,0,0,NA,-3.10762625771068
"Calliandra_carbonaria","Calliandra","Fabaceae","Fabales",1,45.7,0.067752076,0.01,11.495,15.59,6.05,NA,NA,NA,NA,NA,NA,NA,NA,25.08749962,3338,-0.7,-76.3953,11.505,3.82445098011955,0.631990620701371,NA,NA,NA,0,1,7.04491689860653,NA,NA,0.00040299960632939,NA,0.59343292549102,21.1757235597789,NA,0,0,0,0,0,0,1.65991620006985,-3.39469537809973
"Callicarpa_americana","Callicarpa","Lamiaceae","Lamiales",0,55.85,0.118179067833333,0.211111111111111,37.66,29.4738888888889,10.8072222222222,NA,37.66,29.4738888888889,36.6027777777778,26.7955555555556,0,43.1666666666667,2.5,22.0416666666667,1285.66666666667,27.65,-81.63,37.8711111111111,6.79688637480399,0.63411486239604,29.4738888888889,26.7955555555556,43.7222222222222,1.66830757564985,1.1011295839883,8.14189230302004,0.0961090340725371,0.493933574135922,0.000399205231301552,NA,0.524093693607014,24.0061394860486,1.05722222222222,0.0344619479615477,0.0379927040835828,0.02820091327767,0.0252115694781107,1.34863211173619,1.51639649553434,1.74702317745163,-3.39880377622607
"Callicarpa_longifolia","Callicarpa","Lamiaceae","Lamiales",0,NA,NA,NA,45.67,31.35,13.025,NA,45.67,31.48,45.49,31.215,0,58.5,NA,24.77499962,2225,5.016667,117.8125,45.67,7.56019191478823,0.57814420572965,31.48,31.215,58.5,1.89843559633736,1.00860942381361,8.39188442725876,0.0085719801022264,0.634076618229101,NA,NA,0.571094617164192,22.0723379833487,0.18,0.00526469262134399,0.00530540552162264,0.00331282762873882,0.00309906487434249,1.37609723507041,1.88199181891842,NA,NA
"Callicoma_serratifolia","Callicoma","Cunoniaceae","Oxalidales",0,NA,NA,0.06,14.59,21.46,8.77,NA,14.59,21.46,14.03,19.6,0,31,NA,23.6875,3054,-16.144616,145.430116,14.65,4.31890719168288,0.492463761879462,21.46,19.6,31,1.58163265306122,1.09489795918367,7.28961052145117,0.0906611709660808,0.458457638248675,NA,NA,0.398112414573724,31.5648800548321,0.56,0.0260950605778192,0.0285714285714286,0.0383824537354353,0.0180645161290323,2.12474297464016,1.44454799627213,NA,NA
"Calophyllum_brasiliense","Calophyllum","Calophyllaceae","Malpighiales",1,131.075,0.206157286,0.2675,33.97,25.5475,10.49,NA,NA,NA,NA,NA,NA,NA,NA,23.24791622,2085.5,18.28985,-66.9803,34.2375,6.50442413018976,0.624495529267656,NA,NA,NA,0,1,8.07725855342114,NA,NA,0.00133897824288127,NA,0.635420257756984,19.8028746693127,NA,0,0,0,0,0,0,2.11751986638576,-2.87322647980156
"Calophyllum_longifolium","Calophyllum","Calophyllaceae","Malpighiales",1,181.6,NA,NA,237.27,65.26,25.06,NA,NA,NA,NA,NA,NA,NA,NA,26.39583397,2496,9.17,-79.85,237.27,17.3810686316841,0.69357815768891,NA,NA,NA,0,1,10.0743689191875,NA,NA,NA,NA,0.700097546039938,17.9494567370506,NA,0,0,0,0,0,0,2.25911584418507,NA
"Calophyllum_neo-ebudicum","Calophyllum","Calophyllaceae","Malpighiales",1,109.85,0.0974087955,0.125,9.455,15.205,6.555,NA,NA,NA,NA,NA,NA,NA,NA,24.46666718,2982,-16.75001585,179.0199514,9.58,3.4883849000081,0.532196127652352,NA,NA,NA,0,1,6.86011343890442,NA,NA,0.000999355107105799,NA,0.512722179645346,24.5102242702439,NA,0,0,0,0,0,0,2.04080006125653,-3.0002801637729
"Calycogonium_krugii","Calycogonium","Melastomataceae","Myrtales",0,165.325,0.0844949315,0.0475,5.6825,11.2375,3.735,NA,5.6825,11.2375,5.5675,9.6375,0,66.25,NA,21.3125,2128.5,18.162098885,-66.89743708,5.73,2.68381999192277,0.72386238802224,11.2375,9.6375,66.25,7.07754776371408,1.17207717794203,6.32443844195341,0.157764418748987,1.93791563948872,0.00137277275287925,NA,0.558798464907859,22.5186983669145,0.115,0.0104121328207945,0.0123265211675659,0.0215866354934553,0.00173115808823529,12.4514366421623,6.00961233805925,2.21833853137602,-2.8624013493902
"Calycogonium_squamulosum","Calycogonium","Melastomataceae","Myrtales",1,175.1,0.122032843,0.12,8.31,13.635,5.395,NA,NA,NA,NA,NA,NA,NA,NA,18.68333435,1961,18.1702,-66.5703,8.37,3.21208384680801,0.591366110368909,NA,NA,NA,0,1,6.66398339802503,NA,NA,0.00131671218131412,NA,0.546839872219183,22.9929968302401,NA,0,0,0,0,0,0,2.24328614608345,-2.88050914662339
"Calyptranthes_bipennis","Calyptranthes","Myrtaceae","Myrtales",1,59.9,0.0667667505,0.06,11.44,17.47,7.1,NA,NA,NA,NA,NA,NA,NA,NA,25.09583282,3334,-0.6859,-76.3953,11.5,3.82538487480583,0.538740758286507,NA,NA,NA,0,1,7.04633018013453,NA,NA,0.000387897001519794,NA,0.470642097398443,26.7089505142525,NA,0,0,0,0,0,0,1.77742682238931,-3.41128357752405
"Calyptranthes_pelopalida","Calyptranthes","Myrtaceae","Myrtales",1,74.8333333333333,0.122684501,0.256666666666667,80.6833333333333,42.4966666666667,17.3733333333333,NA,NA,NA,NA,NA,NA,NA,NA,25.09583282,3334,-0.6859,-76.3953,80.94,10.1299031561647,0.582451990831129,NA,NA,NA,0,1,8.99014668824512,NA,NA,0.000186571666872074,NA,0.559174560871945,22.5109760646058,NA,0,0,0,0,0,0,1.87409509061968,-3.7291543083676
"Camellia_japonica","Camellia","Theaceae","Ericales",0,135.35,0.16436165275,0.15,19.2375,21.9625,8.8,NA,19.2375,21.9625,19.05,21.18,0,62,NA,16.952082635,3170.5,30.32965,130.62715,19.3875,4.93291425355015,0.559179686918226,21.9625,21.18,62,2.95943605332859,1.03809344951688,7.54106866664626,0.0369345254879216,1.04677750537548,0.00144721315638491,NA,0.494400105617749,25.7099775345684,0.1875,0.00868381184438505,0.00905824359633326,0.0106419290689677,0.00320724990971471,3.41496629090962,2.84818390811922,2.13145826010653,-2.83946749802815
"Campsidium_valdivianum","Campsidium","Bignoniaceae","Lamiales",0,NA,NA,NA,1.375,5.285,2.16,NA,1.375,5.285,1.335,5.05,0,9.5,NA,8.958333015,1793,-40.2427,-73.3484,1.375,1.30684374083839,0.60302130442487,5.285,5.05,9.5,1.87748301935153,1.04591983852364,4.87341687124538,0.0448884584536879,0.629838864768951,NA,NA,0.601721915521112,20.8925891812866,0.04,0.00745194947830862,0.00779748173779315,0.0296783625730994,0.00414772727272727,7.26608187134503,1.79498444078345,NA,NA
"Campsis_radicans","Campsis","Bignoniaceae","Lamiales",0,37.85,0.0766622026666667,0.1125,24.895,25.6683333333333,8.49166666666667,NA,24.895,25.6683333333333,23.3433333333333,21.795,0,16.5,1,18.13749981,1215,33.02,-80.745,24.9983333333333,5.63244676384053,0.66292420412809,25.6683333333333,21.795,16.6666666666667,0.760586096877547,1.17888489533889,7.81730515533547,0.164252518936576,-0.276871306521004,0.000245488779138668,NA,0.47359750272511,26.5526942035299,1.55166666666667,0.0611940639597515,0.0727437246217862,0.0646289715723088,0.100548615127563,0.667014340302648,0.646393404270919,1.57806588383609,-3.60996835392606
"Canarium_denticulatum","Canarium","Burseraceae","Sapindales",0,NA,NA,NA,179.415,64.83,26.47,NA,179.415,64.83,174.93,61.56,0,108,NA,24.77499962,2225,5.016667,117.8125,179.415,14.9431100862147,0.565424823926823,64.83,61.56,108,1.84035563181189,1.05901492847719,9.74881063699308,0.0567322112907929,0.565320712638239,NA,NA,0.521245751825868,24.1763501018447,4.48499999999999,0.0744195149800807,0.0803484502849863,0.0312084883818019,0.0395974298452661,0.687239972027509,1.72219968038729,NA,NA
"Canarium_harveyi","Canarium","Burseraceae","Sapindales",1,121,0.136132239,0.235,42.51,27.885,11.075,NA,NA,NA,NA,NA,NA,NA,NA,24.46666718,2982,-16.75001585,179.0199514,42.745,7.34207469771843,0.667187838509841,NA,NA,NA,0,1,8.3411822980732,NA,NA,0.000437914117288964,NA,0.684835606341201,18.3916116555412,NA,0,0,0,0,0,0,2.08278537031645,-3.3586110539815
"Canella_winterana","Canella","Canellaceae","Canellales",1,144.95,0.12917782675,0.0575,12.1975,16.2025,6.715,NA,NA,NA,NA,NA,NA,NA,NA,25.69583321,1107.5,17.966109985,-67.035481645,12.255,3.92021186887774,0.588083116127456,NA,NA,NA,0,1,7.08111918363165,NA,NA,0.00150160115186966,NA,0.579522404188608,21.7900137189566,NA,0,0,0,0,0,0,2.16121821969102,-2.82344540724177
"Capparis_cynophallophora","Capparis","Capparaceae","Brassicales",1,193.2,0.14123155275,0.1725,16.9175,18.7025,7.615,NA,NA,NA,NA,NA,NA,NA,NA,25.577082635,997,17.952397485,-66.900190145,17.09,4.53929141810382,0.59450802686004,NA,NA,NA,0,1,7.33644645730383,NA,NA,0.00134973144228586,NA,0.576843120889302,22.5116716196186,NA,0,0,0,0,0,0,2.28600712207947,-2.86975263501305
"Capparis_flexuosa","Capparis","Capparaceae","Brassicales",1,192.25,0.14030149725,0.0875,22.4975,19.315,7.465,NA,NA,NA,NA,NA,NA,NA,NA,26.097916605,947.5,17.9485075,-67.0648335,22.585,5.22867261831644,0.698863613209063,NA,NA,NA,0,1,7.61886032704954,NA,NA,0.000986542412331112,NA,0.714456438386493,17.6447571344236,NA,0,0,0,0,0,0,2.28386634847347,-3.00588423930644
"Capparis_frondosa","Capparis","Capparaceae","Brassicales",1,NA,0.186057061,NA,69.78,42.94,17.87,NA,NA,NA,NA,NA,NA,NA,NA,26.39583397,2496,9.17,-79.85,69.78,9.42585038241217,0.527467844566993,NA,NA,NA,0,1,8.85051762174672,NA,NA,0.00049609099954081,NA,0.475572516817578,26.4236686729722,NA,0,0,0,0,0,0,NA,-3.30443865219223
"Capparis_indica","Capparis","Capparaceae","Brassicales",1,144.4,0.1132297665,0.15,20.925,20.115,8.355,NA,NA,NA,NA,NA,NA,NA,NA,25.97916603,837,17.934795,-66.929542,21.075,5.17746777943751,0.619924619118275,NA,NA,NA,0,1,7.65121705482736,NA,NA,0.000608351997600262,NA,0.649453877783188,19.3507819085044,NA,0,0,0,0,0,0,2.15956719323362,-3.21584506154833
"Capparis_sola","Capparis","Capparaceae","Brassicales",1,71.7,0.081800498,0.715,80.11,39.685,16.495,NA,NA,NA,NA,NA,NA,NA,NA,25.09583282,3334,-0.6859,-76.3953,80.825,10.1207468445658,0.614258997041783,NA,NA,NA,0,1,8.98808278526488,NA,NA,8.29026929416237e-05,NA,0.637769696537469,19.7177103519599,NA,0,0,0,0,0,0,1.8555191556678,-4.08143136196249
"Carallia_brachiata","Carallia","Rhizophoraceae","Malpighiales",1,NA,NA,0.12,48.33,28.74,11.39,NA,NA,NA,NA,NA,NA,NA,NA,23.6875,3054,-16.144616,145.430116,48.45,7.85419989193162,0.689569788580476,NA,NA,NA,0,1,8.48570252432487,NA,NA,NA,NA,0.735280640765042,17.0905772811918,NA,0,0,0,0,0,0,NA,NA
"Carapa_guianensis","Carapa","Meliaceae","Sapindales",1,NA,0.261174742,0.195,27.185,22.845,9.105,NA,NA,NA,NA,NA,NA,NA,NA,25.29999924,4740,2.970351018,-78.18942184,27.38,5.90434486389253,0.64944622988505,NA,NA,NA,0,1,7.91498240557943,NA,NA,0.00257013699871133,NA,0.654697533867194,19.1984584909985,NA,0,0,0,0,0,0,NA,-2.59004372639688
"Cardwellia_sublimis","Cardwellia","Proteaceae","Proteales",1,130.4294766,0.2,0.22,48.222266665,34.35,14.65,NA,NA,NA,NA,NA,NA,NA,NA,24.61875,2486.05,-16.123933,145.43814135,48.332266665,7.82317849103168,0.573597655106604,NA,NA,NA,0,1,8.47227534737387,NA,NA,0.000970766970703124,NA,0.588315175562124,21.3599293989862,NA,0,0,0,0,0,0,2.11537575150377,-3.01288500848905
"Cariniana_decandra","Cariniana","Lecythidaceae","Ericales",1,NA,NA,NA,33.4266666666667,25.0033333333333,9.36,NA,NA,NA,NA,NA,NA,NA,NA,26.97500038,2237,-3,-58.97,33.4266666666667,6.2877772451318,0.659369344076851,NA,NA,NA,0,1,7.95246829640995,NA,NA,NA,NA,0.608273133155969,21.8204316369496,NA,0,0,0,0,0,0,NA,NA
"Carmichaelia_australis","Carmichaelia","Fabaceae","Fabales",1,NA,NA,0,0.05,1.06,0.39,NA,NA,NA,NA,NA,NA,NA,NA,7.729166508,1681,-39.25,175.933333,0.05,0.252313252202016,0.653835005706221,NA,NA,NA,0,1,1.6094379124341,NA,NA,NA,NA,0.574356130647101,22.672,NA,0,0,0,0,0,0,NA,NA
"Carmichaelia_nana","Carmichaelia","Fabaceae","Fabales",1,248.85,NA,0,0.195,3.725,1.685,NA,NA,NA,NA,NA,NA,NA,NA,7.729166508,1681,-39.25,175.933333,0.195,0.496251652409403,0.300014795202524,NA,NA,NA,0,1,2.95404146908447,NA,NA,NA,NA,0.183088045521087,71.1584782608696,NA,0,0,0,0,0,0,2.39593764508004,NA
"Carmichaelia_odorata","Carmichaelia","Fabaceae","Fabales",1,NA,NA,0,0.015,0.51,0.195,NA,NA,NA,NA,NA,NA,NA,NA,7.729166508,1681,-39.25,175.933333,0.015,0.136207414435062,0.695884166479199,NA,NA,NA,0,1,0.346573590279973,NA,NA,NA,NA,0.716060053350762,19.26,NA,0,0,0,0,0,0,NA,NA
"Carpinus_carolinia","Carpinus","Betulaceae","Fagales",0,48.3416666666667,0.0773015385333333,0.0916666666666667,25.3646666666667,32.9233333333333,8.834,NA,25.3646666666667,32.9233333333333,24.4086666666667,22.5206666666667,0,90.6,33.1333333333333,8.7116667746,1137.8,41.682,-75.058,25.438,5.67310091647326,0.645007450254636,32.9233333333333,22.5206666666667,123.733333333333,5.47140447404352,1.45579040665942,7.82818182349433,0.3691535209415,1.69277346522677,0.000244611595517017,NA,0.309891447405977,43.7076415626425,0.956,0.0288782235251899,0.0420835475175715,0.0376846218812397,0.0105005405944601,4.92589380023168,3.77087520366091,1.68432161941997,-3.61152295960679
"Carpinus_caroliniana","Carpinus","Betulaceae","Fagales",0,48.4,0.0604050374444444,0.0488888888888889,11.2566666666667,18.0922222222222,5.89333333333333,NA,11.2566666666667,18.0922222222222,10.7877777777778,14.3866666666667,0,64.2222222222222,13.3333333333333,17.5499995566667,1203.33333333333,33.4534756666667,-80.288985,11.3055555555556,3.65990318285529,0.624985771384809,18.0922222222222,14.3866666666667,77.5555555555556,5.71397449729904,1.25591448885982,6.88368206990327,0.227795244687214,1.71745909601415,0.000407578235415816,NA,0.406258000401528,31.0847453803257,0.468888888888889,0.0250286782938307,0.031467267475961,0.0448004504425919,0.00723521806206211,8.86407789365584,4.55600103884775,1.68484536164441,-3.38978901527204
"Carpinus_cordata","Carpinus","Betulaceae","Fagales",0,29.65,0.049039601,0.105,26.195,37.52,8.335,NA,26.195,37.52,25.575,22.205,0,157.5,40,6.700000286,1960,36.7198,139.4699,26.3,5.78495750926723,0.694053786343917,37.52,22.205,197.5,8.89549602590521,1.68906722970572,7.87351598478374,0.524104711626942,2.18553745973527,9.43015187649793e-05,NA,0.234145703304754,53.7434568312487,0.620000000000001,0.016544479783366,0.0279355008983586,0.0237092241231193,0.00394848484848486,7.54808833034699,5.26751582564968,1.47202469770028,-4.02548131271402
"Carpinus_japonica","Carpinus","Betulaceae","Fagales",0,37.5,0.043674308,0.08,16.72,29.42,7.395,NA,16.72,29.42,16.04,18.265,0,114,NA,6.700000286,1960,36.7198,139.4699,16.8,4.50831362122285,0.625941593151902,29.42,18.265,114,6.55591120222542,1.6128798354785,7.32160283839555,0.478008632173101,1.86367441834176,0.000136047671225406,NA,0.234799538231557,53.7459262422912,0.680000000000001,0.0222302242873388,0.0358271041443045,0.0415225540082937,0.00580179900744418,8.09657340547836,4.06111964118586,1.57403126772772,-3.86630888778802
"Carpodetus_serratus","Carpodetus","Rousseaceae","Asterales",0,109.92744,0.08375,0.125,7.410125,12.32,3.84,NA,7.255,12.32,7.15,10.89,0,27,NA,9.920833588,1596,-38.8,176.4,7.472625,3.08136554076939,0.796707257112074,12.32,10.89,27,2.50242009863331,1.13121889125182,6.6122505815359,0.123294922357085,0.907431324542203,0.000927142196226166,NA,0.598371336534392,21.0015573464861,0.105,0.00853411960143885,0.00965371628059424,0.01462689912057,0.00392413793103448,3.82055532371988,2.2125372699686,2.04110611419873,-3.03285365280218
"Carpotroche_longifolia","Carpotroche","Achariaceae","Malpighiales",0,62.4,0.516037208,0.81,489.84,120.7,50.14,NA,489.84,120.7,486.49,116.92,0,54,NA,25.09583282,3334,-0.6859,-76.3953,490.65,24.9942990024587,0.498490207468263,120.7,116.92,54,0.461854259322614,1.03232979815258,10.8009012286406,0.0318181878604406,-0.772505893678771,0.000542738000693845,NA,0.422522236809559,29.7413236975339,3.34999999999997,0.0277547638773817,0.02865206979131,0.0068389678262289,0.0620370370370364,0.110240078392945,0.447390223695112,1.79518458968242,-3.26540976951344
"Carya_cordiformis","Carya","Juglandaceae","Fagales",0,52.8,0.11491822025,0.11,27.8333333333333,28.3033333333333,10.2816666666667,NA,27.8333333333333,28.3033333333333,27.2816666666667,24.625,0,78.3333333333333,NA,10.8708334,1142.5,40.7126835,-74.6462165,27.8516666666667,5.62383142437891,0.532899880810279,28.3033333333333,24.625,78.3333333333333,3.09417369886423,1.13188408615538,7.69957766311904,0.121186282656004,1.12180763772538,0.0010088551652209,NA,0.384450537937103,32.9745894441747,0.551666666666667,0.0172969191220316,0.020027139590438,0.0194906168284275,0.00625678584273705,3.48361683770503,2.72985557432655,1.72263392253381,-2.99617117812411
"Carya_floridana","Carya","Juglandaceae","Fagales",0,83.4166666666667,NA,NA,13.84,21.065,7.92833333333333,NA,13.84,21.065,13.5933333333333,18.6166666666667,0,45.8333333333333,NA,22.4375,1243,27.18,-81.35,13.84,4.16687701103503,0.525874130693716,21.065,18.6166666666667,45.8333333333333,2.44834561980088,1.12993275618346,7.20305028471928,0.121827174447835,0.887987869433805,NA,NA,0.386984734534766,32.5109978229825,0.246666666666667,0.0115691420628442,0.0130984284421913,0.0178934215779404,0.0054084013470806,3.36656874968846,2.16393032504621,1.92125283143169,NA
"Carya_glabra","Carya","Juglandaceae","Fagales",0,62.75,0.148724402,0.0625,28.5644444444444,27.6118055555556,11.0302777777778,NA,28.5644444444444,27.6118055555556,27.99375,25.6498611111111,0,65.25,7.29166666666667,14.4874998738333,1200.16666666667,36.3883333333333,-77.7183333333333,28.5777777777778,5.69892601894664,0.520059328583573,27.6118055555556,25.6498611111111,70.1111111111111,3.10388799549642,1.08145337945997,7.71436310491277,0.0776446754315646,0.998817770284079,0.000869689082673553,NA,0.421782425094147,30.3328779914687,0.570694444444445,0.0192389412741867,0.0209267350842756,0.0222395860424777,0.00901229859956015,3.98887593409346,2.83879890349849,1.79761373015308,-3.06063598164937
"Carya_illinoinensis","Carya","Juglandaceae","Fagales",0,44.5666666666667,0.072644001,NA,27.3033333333333,25.5866666666667,10.4133333333333,NA,27.3033333333333,25.5866666666667,26.73,24.3833333333333,0,42.3333333333333,1.5,19.07916641,1198,31.86,-82.11,27.3033333333333,5.82641926612738,0.572338525151963,25.5866666666667,24.3833333333333,43.3333333333333,1.83125912795718,1.04680584676086,7.86276375787709,0.0456709717055153,0.593256951966275,0.000316945998876156,NA,0.527510334731273,24.2611501828804,0.573333333333332,0.0219713737723192,0.0230251995349496,0.0209891680710181,0.0134492745909455,1.73198919396349,1.75268850552833,1.64901015254232,-3.49901472638759
"Carya_laciniosa","Carya","Juglandaceae","Fagales",0,NA,0.300012171,NA,23.44,25.78,9.85,NA,23.44,25.78,22.83,24.59,0,48,1,11.59166718,1075,39.92,-76.75,23.44,5.46303349143973,0.554622689486267,25.78,24.59,49,1.99267995119967,1.04839365595771,7.7596141506969,0.0472591412829402,0.689480441882525,0.00383990199437428,NA,0.443201932447106,28.3536006825939,0.610000000000003,0.0236617532971297,0.0248068320455471,0.0260238907849831,0.0127083333333334,2.09044368600683,1.90069821567106,NA,-2.41567985996726
"Carya_ovalis","Carya","Juglandaceae","Fagales",0,46.8666666666667,0.126183394,0.11,28.1416666666667,24.53,9.97333333333333,NA,28.1416666666667,24.53,27.9633333333333,23.9333333333333,0,32.5,3,10.914583685,1109,40.275,-76.3,28.1783333333333,5.75777640183825,0.569687558306387,24.53,23.9333333333333,34,1.61256299453949,1.02814392939327,7.79327385596323,0.0275061130039475,-0.227902684253213,0.00068060311763343,NA,0.536245154498846,24.7553409676092,0.178333333333332,0.00786342222201799,0.00816970466565412,0.00964031073608226,0.0108501255492777,2.07145431648569,1.5393753306799,1.67086406596414,-3.16710606586628
"Carya_ovata","Carya","Juglandaceae","Fagales",0,46.2708333333333,0.097921160875,0.1025,37.7477083333333,30.634375,10.854375,NA,37.7477083333333,30.634375,36.9810416666667,26.2020833333333,0,63.125,8.875,8.98333347,1113.5,41.49384175,-75.62060825,37.785,6.17802496642013,0.572006217716482,30.634375,26.2020833333333,66.5625,2.60290699664594,1.15105625581454,7.7947786199833,0.133987768047384,0.9482375857451,0.000369251554055486,NA,0.427509128328158,31.0816561558662,0.766666666666666,0.0208822418002445,0.0246127846450552,0.0216745490040828,0.0104163382232777,2.83267797847022,2.29936202950852,1.66530732117289,-3.43267766821289
"Carya_tomentosa","Carya","Juglandaceae","Fagales",0,63.9,0.178605347833333,0.0516666666666667,58.6241666666667,36.995,15.0108333333333,NA,58.6241666666667,36.995,57.7841666666667,35.6808333333333,0,57.0833333333333,NA,10.98229170075,1139.75,40.51260675,-74.88923875,58.64,8.47112229765467,0.56757822111026,36.995,35.6808333333333,57.0833333333333,1.61384116013084,1.03673225026899,8.60013420790609,0.0359943601306005,0.46990661055377,0.000666032919011379,NA,0.52221797457591,24.4778397720442,0.840000000000001,0.0220376991652848,0.0228686408400086,0.0143865832874699,0.0145893540202276,1.08334233310468,1.55610796845231,1.8055008581584,-3.17650430507643
"Casearia_corymbosa","Casearia","Salicaceae","Malpighiales",0,NA,0.0884414,0.055,20.1075,22.665,8.635,NA,20.1075,22.665,19.585,20.75,0,27.5,NA,25.247916225,2841,11.235175509,-91.61971092,20.135,4.98950673421518,0.579105130293389,22.665,20.75,27.5,1.19612463265102,1.0803028829054,7.54860820693812,0.0747569165507692,-0.259676433814609,0.000420755747600738,NA,0.491288432576808,25.9012957133521,0.522500000000001,0.019260495314012,0.0220967293568398,0.0202143327545733,0.0140500000000001,1.13293132491824,1.05673037101636,NA,-3.37596994276928
"Casearia_guianensis","Casearia","Salicaceae","Malpighiales",0,45,NA,NA,27.6,25.49,10.46,NA,27.6,25.49,27.35,25.08,0,30,NA,26.39583397,2496,9.17,-79.85,27.6,5.92801918305689,0.56673223547389,25.49,25.08,30,1.19617224880383,1.01634768740032,7.9229859587112,0.0162155026233041,0.179126665897435,NA,NA,0.533800867387303,23.5413079710145,0.25,0.00980776775205963,0.00996810207336523,0.00905797101449275,0.00833333333333333,1.08695652173913,1.17693213024716,1.65321251377534,NA
"Casearia_prunicerob","Casearia","Salicaceae","Malpighiales",0,44.95,0.101688448,0.035,34.46,26.415,11.025,NA,34.46,26.415,34.33,26.4,0,20.5,NA,25.09583282,3334,-0.6859,-76.3953,34.495,6.58977133921302,0.599732599747506,26.415,26.4,20.5,0.757532463594356,1.00055311153668,8.12317134044988,0.00055295145447792,-0.297946232934935,0.00030920849933975,NA,0.616835619158258,20.4026921721523,0.129999999999999,0.00456489809327726,0.0045677624320346,0.00337119693621783,0.00550264550264545,0.580973072381571,0.757095637287268,1.65272969606925,-3.50974857696063
"Casearia_quinensis","Casearia","Salicaceae","Malpighiales",0,48.5,0.151530086,0.09,42.81,28.89,11.02,NA,42.81,28.89,42.13,27.45,0,61,NA,23.96249962,1997,18.4095,-66.9706,42.9,7.39066820180276,0.670659546443082,28.89,27.45,61,2.22222222222222,1.05245901639344,8.36404201192206,0.0511293465226043,0.798507696217772,0.000535229999141431,NA,0.644555039281039,19.4961948142957,0.68,0.0235375562478366,0.0247723132969035,0.0158841392198084,0.0111475409836066,1.42490072412988,2.11145725164417,1.68574173860226,-3.27145955275805
"Casearia_sylvestris","Casearia","Salicaceae","Malpighiales",0.333333333333333,76.7,0.1105056915,0.085,36.6666666666667,29.725,12.44,NA,33.36,28.6625,33.015,28.025,0,72.75,NA,23.48333359,2192,15.2444992566667,-71.2084913866667,36.7233333333333,6.61403180218299,0.528210441576613,28.6625,28.025,72.75,1.78348944207904,1.01427919612364,8.06179982290288,0.0211717470775218,0.961612328022229,0.000340022779469053,NA,0.484883966408118,26.2120996128171,0.345,0.00716158418006693,0.00732841138883674,0.00653743069867055,0.00312179404284668,1.97076138231462,1.74744290537816,1.88479536394898,-3.46849198688034
"Casimiroa_greggii","Casimiroa","Rutaceae","Sapindales",NA,126.9970859,0.14,NA,26.4573,NA,NA,NA,NA,NA,NA,NA,NA,NA,NA,22.23333333,795.3,24.7489,-99.79931667,26.4573,5.80400556572111,NA,NA,NA,NA,NA,NA,7.88070229865206,NA,NA,0.000740816334244235,NA,NA,NA,NA,NA,NA,NA,NA,NA,NA,2.10379375566407,-3.13028945047038
"Cassia_alata","Cassia","Fabaceae","Fabales",1,NA,NA,NA,46.19,29.21,11.355,NA,NA,NA,NA,NA,NA,NA,NA,24.77499962,2225,5.016667,117.8125,46.19,7.66069158774762,0.674657714074629,NA,NA,NA,0,1,8.43368245427334,NA,NA,NA,NA,0.678855225451795,18.5111210683137,NA,0,0,0,0,0,0,NA,NA
"Cassine_papillosa","Cassine","Celastraceae","Celastrales",NA,124.1302616,0.21,NA,33.2715,NA,NA,NA,NA,NA,NA,NA,NA,NA,NA,21.06666667,943,-28.07206667,32.03855,33.2715,6.50865496955062,NA,NA,NA,NA,NA,NA,8.10987136066491,NA,NA,0.00132545872593661,NA,NA,NA,NA,NA,NA,NA,NA,NA,NA,2.09387767065079,-2.87763379141415
"Cassine_xylocarpa","Cassine","Celastraceae","Celastrales",0,239.125,0.13508818625,0.045,5.445,9.8025,3.945,NA,5.445,9.8025,5.42,8.6425,0,4.25,NA,23.85416603,1665.5,18.070099985,-66.930419145,5.49,2.63725940832819,0.668266284367186,9.8025,8.6425,4.25,0.547639432623312,1.24642595592797,6.29811651749929,0.173990705760438,-0.792934774860061,0.00339811976040021,NA,0.708355698446141,17.8158130564343,0.0250000000000004,0.0025788771428729,0.00313787083368365,0.0050023864259459,0.00520833333333341,0.831489698095565,0.437367643384943,2.37862498303535,-2.46876131929734
"Cassinia_laevis","Cassinia","Asteraceae","Asterales",1,NA,0.036905702,0.0166666666666667,0.43,8.3,3.81,NA,NA,NA,NA,NA,NA,NA,NA,17.35833359,415,-32.966,146.15472,0.446666666666667,0.75320412824488,0.199592670181686,NA,NA,NA,0,1,3.79435577257067,NA,NA,0.00296644951068878,NA,0.0796986999792196,162.246630769231,NA,0,0,0,0,0,0,NA,-2.52776303900556
"Cassiope_stelleriana","Cassiope","Ericaceae","Ericales",1,NA,NA,NA,0.025,0.735,0.3,NA,NA,NA,NA,NA,NA,NA,NA,7.320833206,3540,55.32333333,-131.595,0.025,0.17750895846087,0.594349365976242,NA,NA,NA,0,1,0.895879734614027,NA,NA,NA,NA,0.580032300452405,22.4491666666667,NA,0,0,0,0,0,0,NA,NA
"Cassipourea_elliptica","Cassipourea","Rhizophoraceae","Malpighiales",0.5,71.9,0.126303430333333,0.05,30.3283333333333,24.84,10.1883333333333,NA,39.96,29.71,39.71,29.46,0,10,NA,25.847916605,3618,6.070175509,-79.01971092,30.3533333333333,6.08711577248277,0.604252953764358,29.71,29.46,10,0.169721656483367,1.00424304141208,7.92703685178132,0.0084502784400321,-1.08044831804044,0.00081765856884782,NA,0.596560910499055,21.1289710085256,0.25,0.00420733759676876,0.00424304141208418,0.00312812812812813,0.0125,0.125125125125125,0.168293503870751,1.85672889038288,-3.08742800760026
"Castanea_dentata","Castanea","Fagaceae","Fagales",0,49.12,0.172310335155556,0.181,90.5202222222222,53.3437777777778,18.6115555555556,NA,90.5202222222222,53.3437777777778,87.8624444444444,44.3486666666667,0,28.7333333333333,NA,9.67638905966667,1107.66666666667,41.0166666666667,-74.9333333333333,90.6408888888889,10.6067897817609,0.579364855786864,53.3437777777778,44.3486666666667,28.7333333333333,0.665929224700615,1.21233390481314,9.05978638775913,0.190066998121677,-0.417633741517787,0.000338465273508745,NA,0.400649621294462,32.9851617206206,2.65777777777778,0.0481586818237047,0.0592422121607426,0.0314843580484086,0.0918526661261877,0.347091051823854,0.549417389777098,1.69125835813311,-3.47048588324821
"Castanopsis_cuspidata","Castanopsis","Fagaceae","Fagales",0.5,107.816666666667,0.12201862475,0.0816666666666667,15.9,20.0216666666667,8.62666666666667,NA,18.4575,21.8325,18.32,21.7175,0,3.16666666666667,0,18.57291603,3066,30.3296,130.6472,15.9816666666667,4.39862808816354,0.509944213781893,21.8325,21.7175,3.16666666666667,0.164647810349102,1.00384415602039,7.27202204438873,0.00382644902728659,-1.99132320880505,0.00112450525067244,NA,0.472711016598359,26.728620807582,0.0916666666666668,0.00462176079860769,0.00466564376212461,0.0061396951042097,0.0180555555555559,0.223464906449423,0.163159303313987,2.03268590075684,-2.94903851236464
"Castanospermum_australe","Castanospermum","Fabaceae","Fabales",1,NA,NA,0.15,102.97,47.34,18.91,NA,NA,NA,NA,NA,NA,NA,NA,23.6875,3054,-16.144616,145.430116,103.12,11.4584668194785,0.605947478555183,NA,NA,NA,0,1,9.24106354461902,NA,NA,NA,NA,0.577383102185649,21.7643546664077,NA,0,0,0,0,0,0,NA,NA
"Ceanothus_thyrsiflorus","Ceanothus","Rhamnaceae","Rosales",NA,174.0891374,0.0855,NA,4.255797556,NA,NA,NA,NA,NA,NA,NA,NA,NA,NA,16.12916756,784,36.416864,-5.581529,4.255797556,2.32779933471218,NA,NA,NA,NA,NA,NA,6.05345237016678,NA,NA,0.00171771563468608,NA,NA,NA,NA,NA,NA,NA,NA,NA,NA,2.24077167338949,-2.76504873137125
"Cecropia_obtusifolia","Cecropia","Urticaceae","Rosales",1,NA,0.25547486,NA,266.71,248.8,27.66,NA,NA,NA,NA,NA,NA,NA,NA,26.39583397,2496,9.17,-79.85,266.71,18.4278517189692,0.666227466340173,NA,NA,NA,0,1,10.1913321117862,NA,NA,0.000244712999482658,NA,0.0541437599279715,232.092684938697,NA,0,0,0,0,0,0,NA,-3.61134295973022
"Cedrela_fissilis","Cedrela","Meliaceae","Sapindales",1,NA,NA,NA,13.03,15.5766666666667,6.05666666666667,NA,NA,NA,NA,NA,NA,NA,NA,19.32500076,629,-24.58,-64.7,13.03,3.97229351745228,0.674424404036202,NA,NA,NA,0,1,7.07281107056147,NA,NA,NA,NA,0.655943694063643,19.2719537400558,NA,0,0,0,0,0,0,NA,NA
"Ceiba_pentandra","Ceiba","Malvaceae","Malvales",1,102.8,0.162645988,NA,26.71,27.39,12.16,NA,NA,NA,NA,NA,NA,NA,NA,26.39583397,2496,9.17,-79.85,26.71,5.83165741791098,0.479577090288732,NA,NA,NA,0,1,7.89020821310996,NA,NA,0.000990404994851971,NA,0.447403819679173,28.0873118682142,NA,0,0,0,0,0,0,2.01199311465926,-3.0041871780663
"Celastrus_orbiculatus","Celastrus","Celastraceae","Celastrales",0,32.9,0.0792539395,0.146666666666667,24.4916666666667,21.365,7.1,NA,24.4916666666667,21.365,23.84,19.435,0,51.1666666666667,NA,10.14999962,1210,41.5037,-72.546983,24.6383333333333,5.49559275166568,0.787736759592322,21.365,19.435,51.1666666666667,2.78341179583089,1.09948766838813,7.7281457551569,0.0946302036100199,0.991573018388138,0.000301503383479078,NA,0.658482338293868,19.2070793393106,0.651666666666666,0.0294802162248626,0.0323908228992033,0.0268063747860747,0.012877442166147,2.48891155483029,2.52991250571542,1.51719589794997,-3.52070780983213
"Celtis_australis","Celtis","Cannabaceae","Rosales",0,38.80376893,0.1831753565,1.8,117.48561665,54.33,19.84,NA,122.97,54.33,121.32,50.04,0,57,NA,16.12916756,784,36.416864,-5.581529,118.38561665,12.2728796238375,0.635284821402903,54.33,50.04,57,1.13908872901679,1.08573141486811,9.37766114862036,0.0822538749647212,0.13022858223584,0.000283427226252378,NA,0.523515599327486,24.0038131251525,1.65000000000001,0.030369961347322,0.0329736211031176,0.0134179068065382,0.0289473684210527,0.46352768968041,1.04914411927112,1.58887390976968,-3.54755843339967
"Celtis_iguanaeus","Celtis","Cannabaceae","Rosales",0,NA,0.100332324,NA,12.4133333333333,15.1616666666667,5.30666666666667,NA,12.4133333333333,15.1616666666667,12.0916666666667,14.2933333333333,0,18,NA,22.860417365,1562.5,-7.705,-72.275,12.4133333333333,3.89598059255675,0.743924835556936,15.1616666666667,14.2933333333333,18,1.35131053076708,1.06783598191962,7.04093091001102,0.0652514386070208,0.253473868552533,0.000585266002281452,NA,0.655479644889459,19.1870854865466,0.321666666666667,0.0212332904245911,0.0226733150752002,0.0280797692190985,0.0182303507151653,1.73819023609879,1.25642777929278,NA,-3.23264670303497
"Celtis_laevigata","Celtis","Cannabaceae","Rosales",0,87.4,0.118801455,0.0833333333333333,13.5333333333333,17.9066666666667,6.51666666666667,NA,13.5333333333333,17.9066666666667,13.3533333333333,16.78,0,17.3333333333333,NA,13.20833302,1107,38.900427,-76.556955,13.6166666666667,4.15704349175433,0.637624670462601,17.9066666666667,16.78,17.3333333333333,1.05452522802942,1.06849803287446,7.20988078971822,0.0652854029151002,-0.663324550400172,0.00118507733467956,NA,0.53026092373532,23.9368100079257,0.18,0.0099287807850616,0.0109243857587879,0.0139400563752253,0.0102122153209109,1.35242180880999,0.959016160634857,1.9415114326344,-2.92625330794189
"Celtis_occidentalis","Celtis","Cannabaceae","Rosales",0,NA,0.096998285,NA,34.8,28.96,9.16,NA,34.8,28.96,33.4,23.88,0,40,2,11.59166718,1075,39.92,-76.75,34.8,6.65648076364558,0.726690039699299,28.96,23.88,42,1.75879396984925,1.21273031825796,8.15478757276852,0.192874278993114,0.564628329758967,0.000270364002670725,NA,0.521425171816932,24.1000459770115,1.4,0.048342541436464,0.0586264656616415,0.0402298850574712,0.035,1.20689655172414,1.45027624309392,NA,-3.56805113256091
"Celtis_schippii","Celtis","Cannabaceae","Rosales",1,44.8,0.079361264,NA,22.73,20.52,8.01,NA,NA,NA,NA,NA,NA,NA,NA,26.39583397,2496,9.17,-79.85,22.73,5.37965936206283,0.671617897885497,NA,NA,NA,0,1,7.72885582385254,NA,NA,0.000277087999281905,NA,0.67835118323298,18.5248746150462,NA,0,0,0,0,0,0,1.65127801399814,-3.55738228316222
"Cenarrhenes_nitida","Cenarrhenes","Proteaceae","Proteales",0,281.05270785,0.197359871375,0.185,13.96105,19.9,8.2325,NA,13.295,19.9,12.54,18.5225,0,16,NA,8.1583333015,2262,-42.3,146,14.05355,4.08172920331102,0.488456473120997,19.9,18.5225,16,0.943279811736349,1.07265347437945,7.1039063983399,0.0700850021990225,-0.099109945273632,0.00373575190720451,NA,0.395099003114427,31.9466520082659,0.755,0.0360712767065085,0.0387314025768854,0.0602828976957791,0.0470110294117647,1.62714098564146,0.880912627822975,2.44878777393299,-2.42762197315653
"Ceratopetalum_macropetalum","Ceratopetalum","Cunoniaceae","Oxalidales",1,NA,NA,0.16,61.53,37.35,15.27,NA,NA,NA,NA,NA,NA,NA,NA,23.6875,3054,-16.144616,145.430116,61.69,8.86262644562616,0.580394659176566,NA,NA,NA,0,1,8.72729202920964,NA,NA,NA,NA,0.554262589959316,22.6722330570453,NA,0,0,0,0,0,0,NA,NA
"Cerbera_floribunda","Cerbera","Apocynaceae","Gentianales",1,NA,NA,0.38,42.27,34.81,15.44,NA,NA,NA,NA,NA,NA,NA,NA,23.6875,3054,-16.144616,145.430116,42.65,7.36910215582297,0.477273455688016,NA,NA,NA,0,1,8.35819745992578,NA,NA,NA,NA,0.438363176494422,28.6665744026496,NA,0,0,0,0,0,0,NA,NA
"Cercidiphyllum_japonicum","Cercidiphyllum","Cercidiphyllaceae","Saxifragales",0,69.25,0.09647325,0.28,26.525,21.82,6.42,NA,26.525,21.82,25.745,20.085,0,50.5,NA,6.700000286,1960,36.7198,139.4699,26.805,5.83133392991466,0.908917131640835,21.82,20.085,50.5,2.5351889547483,1.08688847141392,7.88642245791008,0.0832965713240578,0.923191016675939,0.000368710119628792,NA,0.697587022411905,18.014194183615,0.779999999999999,0.0355418352274344,0.0386062214729593,0.0292911462102926,0.0156014150943396,1.94449687004722,2.33077236942405,1.84041977773649,-3.43331494257118
"Cercis_canadensis","Cercis","Fabaceae","Fabales",1,38.5333333333333,0.2204918256,0.43,71.2583333333333,33.8183333333333,10.2366666666667,NA,NA,NA,NA,NA,NA,NA,NA,15.47916698,1139,35.98,-78.91,71.6166666666667,9.31980343600938,0.906016493232207,NA,NA,NA,0,1,8.779511890279,NA,NA,0.000644161833370342,NA,0.742354744548024,16.9846791446541,NA,0,0,0,0,0,0,1.58583657936485,-3.19100501072976
"Cercis_siliquastrum","Cercis","Fabaceae","Fabales",1,64.25559274,0.244333333,0.23,84.385466665,40.84,11.71,NA,NA,NA,NA,NA,NA,NA,NA,16.12916756,784,36.416864,-5.581529,84.500466665,10.3533636627702,0.937967463204188,NA,NA,NA,0,1,9.03451628182177,NA,NA,0.000804013834406153,NA,0.712134637877125,17.646060093102,NA,0,0,0,0,0,0,1.80791093418875,-3.09473647842249
"Cestrum_macrophyllum","Cestrum","Solanaceae","Solanales",1,63.425,0.15396760825,0.395,83.2325,40.49,16.055,NA,NA,NA,NA,NA,NA,NA,NA,19.387500765,2022,18.162098885,-66.68758708,83.6275,10.2706690558252,0.647416755799441,NA,NA,NA,0,1,9.01338235960233,NA,NA,0.000296824676964677,NA,0.643504519344619,19.7953375121178,NA,0,0,0,0,0,0,1.80226047589377,-3.527499996169
"Chamaesyce_atrococca","Chamaesyce","Euphorbiaceae","Malpighiales",NA,92.63640678,0.064,NA,22.25,NA,NA,NA,NA,NA,NA,NA,NA,NA,NA,15.5,2500,-33.61666667,151.2166667,22.25,5.32255388609241,NA,NA,NA,NA,NA,NA,7.70751219460034,NA,NA,0.000184089887640449,NA,NA,NA,NA,NA,NA,NA,NA,NA,NA,1.9667817011126,-3.73497006734918
"Chamaesyce_remyi","Chamaesyce","Euphorbiaceae","Malpighiales",NA,108.185576,0.125833333,NA,65.20333333,NA,NA,NA,NA,NA,NA,NA,NA,NA,NA,15.5,2500,-33.61666667,151.2166667,65.20333333,9.11150165693363,NA,NA,NA,NA,NA,NA,8.78268077830713,NA,NA,0.000242840770329201,NA,NA,NA,NA,NA,NA,NA,NA,NA,NA,2.03416936168382,-3.61467839814635
"Chamissoa_altissima","Chamissoa","Amaranthaceae","Caryophyllales",1,NA,NA,NA,4.695,11.15,4.785,NA,NA,NA,NA,NA,NA,NA,NA,19.32500076,629,-24.58,-64.7,4.695,2.43448019895353,0.507905592434108,NA,NA,NA,0,1,6.13440164171561,NA,NA,NA,NA,0.469156466526812,26.8722686054811,NA,0,0,0,0,0,0,NA,NA
"Chamissoa_maximiliani","Chamissoa","Amaranthaceae","Caryophyllales",1,NA,0.058965677,NA,6.3,13.82,5.67,NA,NA,NA,NA,NA,NA,NA,NA,19.32500076,629,-24.58,-64.7,6.3,2.83220923164789,0.4995078009961,NA,NA,NA,0,1,6.44571981938558,NA,NA,0.00055189699429656,NA,0.414509346290548,30.316253968254,NA,0,0,0,0,0,0,NA,-3.25814197115302
"Cheirodendron_platyphyllum","Cheirodendron","Araliaceae","Apiales",0,76.01962012,0.148242184,0.1,38.1625,24.355,7.735,NA,32.725,24.355,32.43,23.4,0,12.5,NA,18.11041641,3583.5,-6.144383335,-3.26916665,38.2125,6.95291313423888,0.83789004871915,24.355,23.4,12.5,0.529619070246298,1.04079551754178,8.23527717452124,0.0399853084886586,-0.645521289805176,0.000705205113744401,NA,0.691689691547022,18.1703500233145,0.295,0.0120188491811657,0.0125095694411446,0.00893811020840825,0.0236666666666666,0.378150998324308,0.508841582600131,1.88092569504609,-3.15168454710595
"Cheirodendron_trigynum","Cheirodendron","Araliaceae","Apiales",0,NA,0.154523943,0.065,35.125,25.68,9.87,NA,35.125,25.68,34.57,24.945,0,8.5,NA,20.72083282,4667,21.3279,-157.755,35.19,6.69333543882029,0.678157115403153,25.68,24.945,8.5,0.340434189794592,1.02946026162471,8.16572855663295,0.0290343119612804,-1.09241113570954,0.000710528500607543,NA,0.669576124443444,18.7885815001864,0.555,0.0215947911915137,0.0222333273548827,0.0158523332393251,0.0657857142857142,0.242992886782903,0.330645787435581,NA,-3.14841849703512
"Chimaphila_sp","Chimaphila","Ericaceae","Ericales",0,125.45,0.1172606325,0.045,4.045,12.125,4.2,NA,4.045,12.125,3.895,10.21,0,25.5,NA,4.995833397,2177,45.31500016,-121.746664,4.09,2.27838303774894,0.542657260382633,12.125,10.21,25.5,2.51772443630837,1.18675999331864,6.0073501266079,0.171191565535252,0.91835411820205,0.00344402601326643,NA,0.347161570448521,36.3617985956446,0.15,0.0123954476895653,0.0147076855936516,0.0372618163820837,0.0058923076923077,6.39507547636724,2.12344028520499,2.09847066565063,-2.46293357691194
"Chimarrhis_barbata","Chimarrhis","Rubiaceae","Gentianales",1,NA,NA,NA,19.13,17.815,6.84,NA,NA,NA,NA,NA,NA,NA,NA,26.97500038,2237,-3,-58.97,19.13,4.70508851783012,0.670962517580674,NA,NA,NA,0,1,7.35526185967406,NA,NA,NA,NA,0.667352517209628,19.25460810961,NA,0,0,0,0,0,0,NA,NA
"Chionanthus_domingensis","Chionanthus","Oleaceae","Lamiales",1,123.55,0.0913513875,0.385,35.2,30.745,12.865,NA,NA,NA,NA,NA,NA,NA,NA,22.53333282,2174,18.1702,-66.99,35.585,6.6659539153945,0.534611592398296,NA,NA,NA,0,1,8.13778297878981,NA,NA,0.000234542501697597,NA,0.479518761325753,26.9387416336774,NA,0,0,0,0,0,0,2.0918427497381,-3.62977844684989
"Chionanthus_holdrigii","Chionanthus","Oleaceae","Lamiales",1,219.8,0.137274764,0.06,16.375,16.815,6.68,NA,NA,NA,NA,NA,NA,NA,NA,25.17499924,1157,17.96999997,-66.87083829,16.435,4.57219028790555,0.684292903543534,NA,NA,NA,0,1,7.40259650277087,NA,NA,0.00114736267251904,NA,0.727176835493611,17.2813958590737,NA,0,0,0,0,0,0,2.34202768808747,-2.94029928325147
"Chionanthus_pluriflorus","Chionanthus","Oleaceae","Lamiales",1,NA,NA,NA,224.215,71.23,31.1,NA,NA,NA,NA,NA,NA,NA,NA,24.77499962,2225,5.016667,117.8125,224.215,16.8955958024508,0.543374730890133,NA,NA,NA,0,1,10.0176477566548,NA,NA,NA,NA,0.555479484425966,22.6287864108972,NA,0,0,0,0,0,0,NA,NA
"Chionanthus_sleurneri","Chionanthus","Oleaceae","Lamiales",1,NA,NA,0.07,206.19,68.74,29.74,NA,NA,NA,NA,NA,NA,NA,NA,23.6875,3054,-16.144616,145.430116,206.26,16.2055048825106,0.544906014879307,NA,NA,NA,0,1,9.93430769487601,NA,NA,NA,NA,0.548350706112646,22.9166671516562,NA,0,0,0,0,0,0,NA,NA
"Chionanthus_virginicus","Chionanthus","Oleaceae","Lamiales",1,42.4416666666667,0.140390833233333,0.249583333333333,68.5125,35.8641666666667,14.5366666666667,NA,NA,NA,NA,NA,NA,NA,NA,16.337500095,1185.5,35.08,-79.145,68.71,9.14945895915245,0.631640530119453,NA,NA,NA,0,1,8.75438362375816,NA,NA,0.000347544941120785,NA,0.645433368053221,19.6263645373478,NA,0,0,0,0,0,0,1.62779243012855,-3.45898902871762
"Chione_seminervis","Chione","Rubiaceae","Gentianales",1,84.05,0.0746808235,0.02,4.165,8.64,3.42,NA,NA,NA,NA,NA,NA,NA,NA,18.68333435,1961,18.1702,-66.5703,4.175,2.30313916591617,0.673550002573617,NA,NA,NA,0,1,6.0300145072984,NA,NA,0.00134585100259498,NA,0.699622829513404,17.9617209967891,NA,0,0,0,0,0,0,1.92453771777549,-2.87100301762512
"Chloranthus_glaber","Chloranthus","Chloranthaceae","Chloranthales",0,67.925,0.125580041,0.17125,31.415,35.24875,12.42,NA,31.415,35.24875,30.11125,28.4325,0,26.75,1,16.3822913175,3192.75,30.3173,130.61605,31.58625,6.18691798348461,0.50276883352122,35.24875,28.4325,26.875,0.962209699340821,1.24301241354005,7.96233236357934,0.216423143605536,-0.055339496358639,0.000652456776764633,NA,0.307177021093123,42.1468819153531,1.30375,0.035582999424968,0.0439628766287047,0.0417127349726587,0.0480577963702964,0.981579908493302,0.772497261109643,1.83202964708993,-3.18544825369754
"Chomelia_comun","Chomelia","Rubiaceae","Gentianales",1,39.15,0.0635277655,0.06,28.855,23.58,9.63,NA,NA,NA,NA,NA,NA,NA,NA,25.08749962,3338,-0.7,-76.3953,28.915,6.05721867454126,0.628565805321752,NA,NA,NA,0,1,7.96267190367538,NA,NA,0.00013967549858377,NA,0.649265825019016,19.3686768717546,NA,0,0,0,0,0,0,1.59273176639396,-3.85487976971333
"Chondrodendron_tomentosum","Chondrodendron","Menispermaceae","Ranunculales",1,117.5,NA,NA,95.88,38.06,11.94,NA,NA,NA,NA,NA,NA,NA,NA,26.39583397,2496,9.17,-79.85,95.88,11.0489007394042,0.925368571139383,NA,NA,NA,0,1,9.16826759555427,NA,NA,NA,NA,0.831764386806873,15.1080892782645,NA,0,0,0,0,0,0,2.07003786660776,NA
"Chrysochlamys_membranacea","Chrysochlamys","Clusiaceae","Malpighiales",1,42.6,0.1927336975,0.595,75.04,41.76,17.97,NA,NA,NA,NA,NA,NA,NA,NA,25.08749962,3338,-0.7,-76.3953,75.635,9.72330981788818,0.552211532203239,NA,NA,NA,0,1,8.89388029544229,NA,NA,0.000507607000601061,NA,0.548197929129371,23.3531710208002,NA,0,0,0,0,0,0,1.62940959910272,-3.29447239701578
"Chrysophyllum_amazonicum","Chrysophyllum","Sapotaceae","Ericales",1,73.95,0.192829824,1.08,153.475,60.52,25.595,NA,NA,NA,NA,NA,NA,NA,NA,25.09583282,3334,-0.6859,-76.3953,154.555,14.0277346900379,0.54813382157565,NA,NA,NA,0,1,9.64563689052038,NA,NA,0.000246850038303203,NA,0.526980265245524,23.8669165921641,NA,0,0,0,0,0,0,1.86893817833291,-3.60756680105588
"Chrysophyllum_argenteum ssp. argente","Chrysophyllum","Sapotaceae","Ericales",1,59.95,0.211008085,0.52,155.055,52.285,20.505,NA,NA,NA,NA,NA,NA,NA,NA,25.09583282,3334,-0.6859,-76.3953,155.575,14.0423246512842,0.68756347115389,NA,NA,NA,0,1,9.6431964282621,NA,NA,0.000290078500690304,NA,0.713633640778496,17.6599229071953,NA,0,0,0,0,0,0,1.77778918743487,-3.53748445795213
"Chrysophyllum_marginatum","Chrysophyllum","Sapotaceae","Ericales",1,NA,NA,NA,6.37,11.35,4.765,NA,NA,NA,NA,NA,NA,NA,NA,19.32500076,629,-24.58,-64.7,6.37,2.82642015945561,0.590914350833236,NA,NA,NA,0,1,6.42625275293251,NA,NA,NA,NA,0.608978764833192,20.741238238191,NA,0,0,0,0,0,0,NA,NA
"Chrysophyllum_minor","Chrysophyllum","Sapotaceae","Ericales",1,75.35,0.106091328,0.29,57.375,43.295,19.415,NA,NA,NA,NA,NA,NA,NA,NA,25.09583282,3334,-0.6859,-76.3953,57.665,8.4274579204449,0.43082561144487,NA,NA,NA,0,1,8.59222961407703,NA,NA,0.000203081753643997,NA,0.368018746938206,34.5243460316075,NA,0,0,0,0,0,0,1.87708325665065,-3.6923290950477
"Chrysophyllum_tremi","Chrysophyllum","Sapotaceae","Ericales",1,54.5666666666667,0.107276587333333,0.663333333333333,55.6866666666667,37.4833333333333,15.4966666666667,NA,NA,NA,NA,NA,NA,NA,NA,25.09583282,3334,-0.6859,-76.3953,56.35,8.24960271513847,0.530862093449084,NA,NA,NA,0,1,8.5292040068897,NA,NA,0.000232481032708268,NA,0.468826107364408,27.1271269523743,NA,0,0,0,0,0,0,1.73692742469228,-3.63361247385427
"Chuquiraga_avellanedae","Chuquiraga","Asteraceae","Asterales",NA,438.3010432,0.21,NA,0.671,NA,NA,NA,NA,NA,NA,NA,NA,NA,NA,13.65833333,201.1,-42.7903,-64.09165,0.671,0.924307164592645,NA,NA,NA,NA,NA,NA,4.20618404397764,NA,NA,0.0657228017883755,NA,NA,NA,NA,NA,NA,NA,NA,NA,NA,2.64177250431918,-1.18228393070115
"Cinnamomum_camphora","Cinnamomum","Lauraceae","Laurales",1,91.4,0.146398426333333,0.163333333333333,18.62,19.8166666666667,8.00333333333333,NA,NA,NA,NA,NA,NA,NA,NA,20.36249924,1305,29.6,-82.2,18.7833333333333,4.87021534656553,0.612843412467059,NA,NA,NA,0,1,7.5211928070992,NA,NA,0.00117609518433235,NA,0.592801079772384,21.2182100643974,NA,0,0,0,0,0,0,1.96094619573383,-2.92955752829605
"Cinnamomum_daphnoides","Cinnamomum","Lauraceae","Laurales",1,213.6,0.153744989,0.155,9.98,13.19,5.19,NA,NA,NA,NA,NA,NA,NA,NA,19.19166565,3068,30.3492,130.6644,10.135,3.57818735446696,0.692004346516116,NA,NA,NA,0,1,6.90540978623808,NA,NA,0.00236908400003834,NA,0.717482604579742,17.528997272618,NA,0,0,0,0,0,0,2.32960124835652,-2.62541954032984
"Cinnamomum_insularimontana","Cinnamomum","Lauraceae","Laurales",1,109.166666666667,0.139221581333333,0.195,23.745,22.8983333333333,9.69,NA,NA,NA,NA,NA,NA,NA,NA,17.28611056,3135,30.3231,130.6281,23.94,5.46815371516288,0.564288068612971,NA,NA,NA,0,1,7.74176201950713,NA,NA,0.000878651665896775,NA,0.558069592178511,22.6467180129112,NA,0,0,0,0,0,0,2.03809004960814,-3.05618326322167
"Cinnamomum_subavenium","Cinnamomum","Lauraceae","Laurales",1,NA,NA,NA,41.58,28.72,12.295,NA,NA,NA,NA,NA,NA,NA,NA,24.77499962,2225,5.016667,117.8125,41.58,7.16908139727021,0.579897657112775,NA,NA,NA,0,1,8.27262733432785,NA,NA,NA,NA,0.610795038483979,20.6254349243693,NA,0,0,0,0,0,0,NA,NA
"Cissampelos_pereira","Cissampelos","Menispermaceae","Ranunculales",1,52.75,0.1057133205,0.255,22.64,25.64,5.94,NA,NA,NA,NA,NA,NA,NA,NA,20.09166718,2083,18.15399777,-66.80487416,22.895,5.39645814715841,0.908459213194769,NA,NA,NA,0,1,7.7340930524548,NA,NA,0.000491670500886216,NA,0.433540140963791,29.1729572858131,NA,0,0,0,0,0,0,1.72222246396973,-3.30832584761111
"Cissus_striata","Cissus","Vitaceae","Vitales",0,NA,NA,0.01,2.215,6.61,2.4425,NA,2.215,6.61,2.0025,6.0025,0,6.75,NA,11.877083305,881.5,-35.90395,-72.5953,2.225,1.64930150741063,0.688885084505215,6.61,6.0025,6.75,1.15411664266735,1.09866455073822,5.31523688843234,0.0932739794694681,0.131901066977873,NA,NA,0.631263714040317,20.1877095818699,0.2125,0.0308215993793855,0.0340873035663278,0.0954261714554784,0.0305625,3.45736950591045,1.05202624240945,NA,NA
"Cissus_tweediana","Cissus","Vitaceae","Vitales",0,NA,NA,NA,3.7,12.29,4.37,NA,3.7,12.29,3.39,10.06,0,19,2,19.32500076,629,-24.58,-64.7,3.7,2.1704806646271,0.496677497626339,12.29,10.06,21,2.08747514910537,1.22166998011928,5.91350300563827,0.20021875890635,0.73595527305183,NA,NA,0.307827788527516,40.8227297297297,0.31,0.0252237591537836,0.0308151093439364,0.0837837837837838,0.0163157894736842,5.67567567567568,1.70870626525631,NA,NA
"Cistus_ladanifer","Cistus","Cistaceae","Malvales",1,NA,0.181214018,0.15,9.24,21.66,10.16,NA,NA,NA,NA,NA,NA,NA,NA,16.12916756,784,36.416864,-5.581529,9.39,3.45770434321143,0.340325230631046,NA,NA,NA,0,1,6.84481547920826,NA,NA,0.00349718001274806,NA,0.247494145815757,50.7744155844156,NA,0,0,0,0,0,0,NA,-2.45628201237733
"Cistus_salvifolius","Cistus","Cistaceae","Malvales",NA,137.2979271,0.1061,NA,1.4878944445,NA,NA,NA,NA,NA,NA,NA,NA,NA,NA,19.275,531.4,32.098658335,34.936058335,1.4878944445,1.36600984208625,NA,NA,NA,NA,NA,NA,4.97202240139002,NA,NA,0.00763327867228692,NA,NA,NA,NA,NA,NA,NA,NA,NA,NA,2.13766398038441,-2.11728888230237
"Citharexylum_caudatum","Citharexylum","Verbenaceae","Lamiales",1,175.65,0.189048901,0.085,15.62,17.77,7.295,NA,NA,NA,NA,NA,NA,NA,NA,18.68333435,1961,18.1702,-66.5703,15.705,4.46825086121555,0.612638512807891,NA,NA,NA,0,1,7.35604780092174,NA,NA,0.00210976900645264,NA,0.620444407454927,20.2647821841556,NA,0,0,0,0,0,0,2.24464815412804,-2.67576509196042
"Citronella_mucronata","Citronella","Cardiopteridaceae","Aquifoliales",0,NA,NA,0.115,34.395,26.1825,8.6075,NA,34.395,26.1825,33.825,23.955,0,31.25,NA,11.877083305,881.5,-35.90395,-72.5953,34.4975,6.54858182082151,0.75784531393152,26.1825,23.955,31.25,1.30182068681291,1.09560552223095,8.09657122343151,0.0907550695655702,0.263587423172192,NA,NA,0.613638658791125,20.953078097214,0.570000000000001,0.0215967169159463,0.0239000078166656,0.018037868885719,0.0184166666666667,0.961726568418751,1.19013527319276,NA,NA
"Citronella_smythii","Citronella","Cardiopteridaceae","Aquifoliales",1,NA,NA,0.1,65.18,38.44,15.04,NA,NA,NA,NA,NA,NA,NA,NA,23.6875,3054,-16.144616,145.430116,65.28,9.11685677634081,0.606173987788618,NA,NA,NA,0,1,8.78385589664394,NA,NA,NA,NA,0.554316060926018,22.6700460263885,NA,0,0,0,0,0,0,NA,NA
"Citrus_sinensis","Citrus","Rutaceae","Sapindales",0,NA,NA,NA,28.285,24.2,9.675,NA,28.285,24.2,27.89,24.005,0,21,NA,19.32500076,629,-24.58,-64.7,28.285,5.99833832355037,0.620071490105458,24.2,24.005,21,0.877634309142271,1.0081306127069,7.94563867801835,0.00809767030277051,-0.143853536069643,NA,NA,0.606173794421373,20.7408715876083,0.395,0.0164047432002133,0.0165396906743998,0.0142227314790652,0.0185416666666667,0.751707262237889,0.870504566728349,NA,NA
"Clarisia_ilicifolia","Clarisia","Moraceae","Rosales",0,NA,NA,NA,55.19,35.665,13.925,NA,55.19,35.665,55.19,35.665,0,1,NA,26.97500038,2237,-3,-58.97,55.19,8.38227858010472,0.602352544586381,35.665,35.665,1,0.0280623264545947,1,8.61573858448401,0,-3.57374855673743,NA,NA,0.545962305663076,23.0491257457171,0,0,0,0,0,0.0181269586697788,0.0280623264545947,NA,NA
"Clausena_excavata","Clausena","Rutaceae","Sapindales",1,NA,NA,NA,14.875,18.885,7.935,NA,NA,NA,NA,NA,NA,NA,NA,24.77499962,2225,5.016667,117.8125,14.875,4.35126858456977,0.550052768672524,NA,NA,NA,0,1,7.3042289118007,NA,NA,NA,NA,0.526089120574002,23.9805119575546,NA,0,0,0,0,0,0,NA,NA
"Clematis_forsteri","Clematis","Ranunculaceae","Ranunculales",0,NA,NA,0.08,3.415,8.18,2.935,NA,3.415,8.18,3.31,7.75,0,1,NA,7.729166508,1681,-39.25,175.933333,3.495,2.10890760521111,0.725554843930239,8.18,7.75,1,0.129890590222842,1.05289647636159,5.8553879116909,0.0510877799084696,-2.04437781995894,NA,NA,0.658591466171272,19.671452814783,0.105,0.011688858019227,0.0126354214153549,0.0294714224323163,0.105,0.293510958315428,0.123781291471651,NA,NA
"Clematis_virginia","Clematis","Ranunculaceae","Ranunculales",0,NA,0.143246126,NA,47.83,37.3,11.75,NA,47.83,37.3,41.58,31.56,0,10,NA,6.575000286,1156,41.88,-78.7,47.83,7.80378417337915,0.664151844542906,37.3,31.56,10,0.316856780735108,1.18187579214195,8.4728232436803,0.167102830672096,-1.14930540298363,0.000429007999456573,NA,0.432008787876575,29.0882291448881,6.25,0.167560321715818,0.198035487959442,0.130671126907798,0.625,0.209073803052478,0.268096514745308,NA,-3.36753460970931
"Clethra_barbinervis","Clethra","Clethraceae","Ericales",0,53.8,0.0986459086666667,0.135,26.4116666666667,37.8766666666667,8.94,NA,26.4116666666667,37.8766666666667,25.55,22.2266666666667,0,76.3333333333333,NA,10.8138890286667,2913,32.4398666666667,133.5299,26.5466666666667,5.65045271555039,0.6327566895599,37.8766666666667,22.2266666666667,76.3333333333333,3.62558047342852,1.72895750860311,7.76501800942294,0.534276249777928,1.25601615177569,0.0004406581950036,NA,0.233135124420133,62.2554597675997,0.861666666666668,0.0207638054508029,0.0363924923845173,0.0328431124505756,0.0111365363222535,3.69611884730182,2.10221794609692,1.73078227566639,-3.35589814881033
"Cleyera_japonica","Cleyera","Pentaphylacaceae","Ericales",1,146.95,0.124652501,0.16,10.365,16.69,7.38,NA,NA,NA,NA,NA,NA,NA,NA,13.67083359,3366,30.2999,130.5799,10.525,3.64917442558083,0.498968643298314,NA,NA,NA,0,1,6.94625154004318,NA,NA,0.00148224399678394,NA,0.47106485981592,26.9128331937901,NA,0,0,0,0,0,0,2.16716959040863,-2.82908029990956
"Clibadium_erosum","Clibadium","Asteraceae","Asterales",0,66.9,0.184216405,0.925,125.085,60.365,15.15,NA,125.085,60.365,123.02,45.45,0,149.5,21,18.68333435,1961,18.1702,-66.5703,126.01,11.9963510259904,0.771439489174606,60.365,45.45,160,3.79245081192712,1.31334307725429,9.2108115498978,0.27196020209914,1.3074977860368,0.000308274999530652,NA,0.39086157674148,32.1784626967536,2.065,0.031094675426041,0.0412446426298737,0.0169971147229665,0.013490675990676,1.90243012357528,2.9138105704131,1.82542611776782,-3.51106169423598
"Clusia_clusioides","Clusia","Clusiaceae","Malpighiales",1,534.975,0.2289493235,0.1075,28.4225,21.0525,7.51,NA,NA,NA,NA,NA,NA,NA,NA,20.608333585,2067.5,18.1702,-66.78015,28.5,5.62703396446512,0.739075378054209,NA,NA,NA,0,1,7.66140410920733,NA,NA,0.00550089949821377,NA,0.684608277896125,18.4983267722796,NA,0,0,0,0,0,0,2.72833348741238,-2.25956628956576
"Clusia_gundlachii","Clusia","Clusiaceae","Malpighiales",1,207.15,0.17504743,0.155,15.105,19.54,7.315,NA,NA,NA,NA,NA,NA,NA,NA,20.09166718,2083,18.15399777,-66.80487416,15.26,4.40782059638489,0.602592736553802,NA,NA,NA,0,1,7.33032769397917,NA,NA,0.00200955168930515,NA,0.505771438960367,25.46142401326,NA,0,0,0,0,0,0,2.31628493763431,-2.69690081848847
"Clusia_rosea","Clusia","Clusiaceae","Malpighiales",1,272.55,0.46185829475,0.5475,128.5325,45.98,15.935,NA,NA,NA,NA,NA,NA,NA,NA,23.24791622,2085.5,18.28985,-66.9803,129.08,12.2587424032612,0.789623377727083,NA,NA,NA,0,1,9.27859694659274,NA,NA,0.00192970050133851,NA,0.723644843026661,17.6092263351482,NA,0,0,0,0,0,0,2.43544618636372,-2.71451009032346
"Coccoloba_coronata","Coccoloba","Polygonaceae","Caryophyllales",1,38.4,NA,NA,94.35,46.61,18.92,NA,NA,NA,NA,NA,NA,NA,NA,26.39583397,2496,9.17,-79.85,94.35,10.9603900955104,0.579301802088288,NA,NA,NA,0,1,9.15218145780265,NA,NA,NA,NA,0.545749771640039,23.0258834128246,NA,0,0,0,0,0,0,1.58433122436753,NA
"Coccoloba_diversifolia","Coccoloba","Polygonaceae","Caryophyllales",1,170.375,0.31269728075,0.415,98.105,41.6225,16.8375,NA,NA,NA,NA,NA,NA,NA,NA,24.56874943,1577,18.189749985,-66.920719145,98.52,10.9338793356328,0.67457057421015,NA,NA,NA,0,1,9.08932748610873,NA,NA,0.00103185700067965,NA,0.698516109228611,18.1881493866433,NA,0,0,0,0,0,0,2.23140586884273,-2.98638048499452
"Coccoloba_liebmanii","Coccoloba","Polygonaceae","Caryophyllales",1,NA,0.0933523133333333,NA,52.1633333333333,30.5666666666667,11.9633333333333,NA,NA,NA,NA,NA,NA,NA,NA,25.19583321,942,19.5,-105.05,52.1633333333333,7.96923891453373,0.668368478336763,NA,NA,NA,0,1,8.4635808718541,NA,NA,0.000178038666310717,NA,0.673965911836948,18.6552091343685,NA,0,0,0,0,0,0,NA,-3.74948566768128
"Coccoloba_manzanillensis","Coccoloba","Polygonaceae","Caryophyllales",1,NA,0.087651074,NA,17.39,17.65,6.52,NA,NA,NA,NA,NA,NA,NA,NA,26.39583397,2496,9.17,-79.85,17.39,4.70548995142318,0.721700912794966,NA,NA,NA,0,1,7.46106551435428,NA,NA,0.000441789003643098,NA,0.701487645302365,17.9138872915469,NA,0,0,0,0,0,0,NA,-3.35478509814443
"Coccoloba_microstachya","Coccoloba","Polygonaceae","Caryophyllales",1,110.375,0.090678357,0.07,7.1725,12.4725,3.855,NA,NA,NA,NA,NA,NA,NA,NA,25.69583321,1107.5,17.966109985,-67.035481645,7.2425,2.99191402847687,0.775561476538894,NA,NA,NA,0,1,6.52622704637106,NA,NA,0.00090045499687738,NA,0.578694800372667,24.1260919164045,NA,0,0,0,0,0,0,2.04287071658562,-3.04553798755985
"Coccoloba_pyrifolia","Coccoloba","Polygonaceae","Caryophyllales",1,178.475,0.09797494425,0.0725,11.315,13.59,5.11,NA,NA,NA,NA,NA,NA,NA,NA,21.3125,2128.5,18.162098885,-66.89743708,11.3875,3.79521918915438,0.749703876383616,NA,NA,NA,0,1,7.02436961688957,NA,NA,0.000919909006398014,NA,0.771844930651752,16.3636078524425,NA,0,0,0,0,0,0,2.25157739063063,-3.03625512914754
"Coccoloba_sintenisii","Coccoloba","Polygonaceae","Caryophyllales",1,272.1,0.335288482,0.65,99.22,40.26,13.85,NA,NA,NA,NA,NA,NA,NA,NA,22.53333282,2174,18.1702,-66.99,99.87,11.2764548211173,0.814184463618581,NA,NA,NA,0,1,9.20903952624314,NA,NA,0.00112564700272218,NA,0.769239444576915,16.3360975609756,NA,0,0,0,0,0,0,2.43472854177976,-2.94859778071485
"Coccoloba_swartzii","Coccoloba","Polygonaceae","Caryophyllales",1,189.3,0.183166265,0.16,54.08,28.77,9.49,NA,NA,NA,NA,NA,NA,NA,NA,20.09166718,2083,18.15399777,-66.80487416,54.24,8.31026551359433,0.875686566237548,NA,NA,NA,0,1,8.59858882962023,NA,NA,0.000618544996940454,NA,0.82104474005968,15.3053420857988,NA,0,0,0,0,0,0,2.2771506139638,-3.20862870151243
"Coccoloba_univera","Coccoloba","Polygonaceae","Caryophyllales",1,194.05,0.6694972155,1.08,219.135,74.59,19.27,NA,NA,NA,NA,NA,NA,NA,NA,26.21666718,1058,17.96222,-67.200125,219.675,16.7037297314398,0.866467358677547,NA,NA,NA,0,1,9.99241416561469,NA,NA,0.00204041000120511,NA,0.498528383450768,25.3900948038319,NA,0,0,0,0,0,0,2.28791364707603,-2.69028255641239
"Colliguaja_odorifera","Colliguaja","Euphorbiaceae","Malpighiales",1,NA,NA,0.03,2.695,10.84,4.975,NA,NA,NA,NA,NA,NA,NA,NA,12.13333321,863,-35.8258,-72.5033,2.725,1.85253317524409,0.372564148483182,NA,NA,NA,0,1,5.58566807922477,NA,NA,NA,NA,0.28495143834695,44.1002005077607,NA,0,0,0,0,0,0,NA,NA
"Colubrina_elliptica","Colubrina","Rhamnaceae","Rosales",1,111.283333333333,0.122048471666667,0.085,21.2133333333333,19.4166666666667,7.49833333333333,NA,NA,NA,NA,NA,NA,NA,NA,25.7902774833333,1017.33333333333,17.9556716566667,-67.00016843,21.2983333333333,5.0830335323211,0.675071918202776,NA,NA,NA,0,1,7.55837419692613,NA,NA,0.00077415455928566,NA,0.670614986279846,18.9297688281192,NA,0,0,0,0,0,0,2.04643012584984,-3.11117232414425
"Colubrina_verrucosa","Colubrina","Rhamnaceae","Rosales",1,116.25,0.0360979125,0,0.305,2.19,0.755,NA,NA,NA,NA,NA,NA,NA,NA,25.17499924,1157,17.96999997,-66.87083829,0.305,0.622643306793521,0.827914846724817,NA,NA,NA,0,1,3.41435603582084,NA,NA,0.00449068858306679,NA,0.800558247216606,15.7300703463203,NA,0,0,0,0,0,0,2.06539296156199,-2.34768706102391
"Combretum_nigrescens","Combretum","Combretaceae","Myrtales",1,NA,NA,NA,36.715,28.52,12.105,NA,NA,NA,NA,NA,NA,NA,NA,24.77499962,2225,5.016667,117.8125,36.715,6.83508685433073,0.564568320255771,NA,NA,NA,0,1,8.20713217991132,NA,NA,NA,NA,0.566768929801556,22.1814683988289,NA,0,0,0,0,0,0,NA,NA
"Comocladia_glabra","Comocladia","Anacardiaceae","Sapindales",0,91.6,0.1606137515,0.035,38.17,40.53,12.455,NA,38.17,40.53,36.7,29.76,0,19.5,NA,23.96249962,1997,18.4095,-66.9706,38.205,6.97092891417757,0.559600505009443,40.53,29.76,19.5,0.655148391573766,1.36209965538241,8.2460677246582,0.308990459648458,-0.422926905365197,0.000685887500327305,NA,0.291733405675025,43.1680879907073,1.47,0.0362701000571489,0.0494043735893177,0.0386543569080153,0.0754210526315789,0.512141592549525,0.481053468467012,1.96189547366785,-3.16374711168932
"Comptonia_peregri","Comptonia","Myricaceae","Fagales",1,NA,0.043305618,NA,5.48,23.31,7.15,NA,NA,NA,NA,NA,NA,NA,NA,6.575000286,1156,41.88,-78.7,5.48,2.64146790727215,0.369436070947153,NA,NA,NA,0,1,6.30627528694802,NA,NA,0.000342221998241227,NA,0.126737715775508,99.1525729927007,NA,0,0,0,0,0,0,NA,-3.46569207718033
"Conceveiba_rhytidocarpa","Conceveiba","Euphorbiaceae","Malpighiales",0,59.1,0.146371329,0.35,113.86,47.59,18.16,NA,113.86,47.59,109.37,45.985,0,18.5,NA,25.08749962,3338,-0.7,-76.3953,114.21,12.0585262242513,0.66598423215462,47.59,45.985,18.5,0.401207666377077,1.03438420939067,9.34309029367506,0.0336000327509993,-0.919454983942466,0.00018922449936844,NA,0.636608767260006,19.9691900159872,4.49,0.094150525046472,0.097479856454168,0.0395102738532952,0.244166666666666,0.162918619316524,0.38715775860715,1.77158748088126,-3.72302263510281
"Connarus_turczaninowii","Connarus","Connaraceae","Oxalidales",1,77.7,0.077357615,NA,14.58,17.36,7.09,NA,NA,NA,NA,NA,NA,NA,NA,26.39583397,2496,9.17,-79.85,14.58,4.30857662833547,0.607697690879474,NA,NA,NA,0,1,7.2848209125686,NA,NA,0.00041043899852457,NA,0.607950116924059,20.6700685871056,NA,0,0,0,0,0,0,1.89042101880091,-3.38675138074381
"Coprosma_acerosa","Coprosma","Rubiaceae","Gentianales",1,NA,0.0325403675,0,0.055,1.5725,0.7125,NA,NA,NA,NA,NA,NA,NA,NA,10.341666459,1315,-39.85,175.575,0.055,0.26323136781757,0.37453455460143,NA,NA,NA,0,1,1.68335047295934,NA,NA,0.0163860006590248,NA,0.285461951058315,45.1490535714286,NA,0,0,0,0,0,0,NA,-1.78552703200983
"Coprosma_colensoi","Coprosma","Rubiaceae","Gentianales",1,85.2,0.0306935875,0.01,0.45,3.475,1.52,NA,NA,NA,NA,NA,NA,NA,NA,9.470833778,2835,-40.88825164,172.3501599,0.46,0.764169552795748,0.504956321184417,NA,NA,NA,0,1,3.82269884971432,NA,NA,0.00206233518205224,NA,0.470401261875479,26.8461,NA,0,0,0,0,0,0,1.9304395947667,-2.68564074938914
"Coprosma_grandifolia","Coprosma","Rubiaceae","Gentianales",1,96.30162746,0.236428571,0.545,31.6,26.37,10.645,NA,NA,NA,NA,NA,NA,NA,NA,9.920833588,1596,-38.8,176.4,31.8725,6.35016912016919,0.647804800767048,NA,NA,NA,0,1,8.05438752969635,NA,NA,0.00203711622394687,NA,0.652642038583101,19.8286089118197,NA,0,0,0,0,0,0,1.98363362659416,-2.69098419241423
"Coprosma_linariifolia","Coprosma","Rubiaceae","Gentianales",1,224.65,NA,0,0.31,2.905,1.295,NA,NA,NA,NA,NA,NA,NA,NA,7.729166508,1681,-39.25,175.933333,0.31,0.627927629708754,0.485322982490506,NA,NA,NA,0,1,3.43190169572648,NA,NA,NA,NA,0.461835861033104,27.2315621734587,NA,0,0,0,0,0,0,2.35150642292904,NA
"Coprosma_longifolia","Coprosma","Rubiaceae","Gentianales",1,NA,0.1989624975,0.04,8.72,14.835,6.305,NA,NA,NA,NA,NA,NA,NA,NA,20.72083282,4667,21.3279,-157.755,8.74,3.33378106002133,0.528599674168307,NA,NA,NA,0,1,6.77055790831963,NA,NA,0.0045649781184061,NA,0.497246031740036,25.2725335366498,NA,0,0,0,0,0,0,NA,-2.34056129985548
"Coprosma_lucida","Coprosma","Rubiaceae","Gentianales",1,NA,NA,NA,7.16,21.04,9.93,NA,NA,NA,NA,NA,NA,NA,NA,9.920833588,1596,-38.8,176.4,7.16,3.01933687095424,0.304062121949068,NA,NA,NA,0,1,6.57368016696065,NA,NA,NA,NA,0.203250402995769,61.8270391061452,NA,0,0,0,0,0,0,NA,NA
"Coprosma_propinqua","Coprosma","Rubiaceae","Gentianales",1,86.8,0.032030036,0.01,0.28,2.53,1.055,NA,NA,NA,NA,NA,NA,NA,NA,12.95416641,949,-40.45,175.216667,0.29,0.606197032495307,0.576340369458308,NA,NA,NA,0,1,3.35769169316734,NA,NA,0.00372156041890922,NA,0.549003379077233,22.9233333333333,NA,0,0,0,0,0,0,1.93851972517649,-2.4292749259168
"Coprosma_quadrifida","Coprosma","Rubiaceae","Gentianales",1,NA,0.036306107,0.01,0.44,3.115,1.31,NA,NA,NA,NA,NA,NA,NA,NA,11.29166698,792,-42.9,147.3,0.445,0.735492968695718,0.576115728566734,NA,NA,NA,0,1,3.70061563220651,NA,NA,0.00299973805752235,NA,0.567009655734785,22.5327109181141,NA,0,0,0,0,0,0,NA,-2.52291666699345
"Coprosma_repens","Coprosma","Rubiaceae","Gentianales",1,NA,0.122738104,0.1,5.105,8.385,3.155,NA,NA,NA,NA,NA,NA,NA,NA,12.95416641,949,-40.45,175.216667,5.205,2.33512716285113,0.730034325285863,NA,NA,NA,0,1,5.81719087299645,NA,NA,0.00595982799586904,NA,0.745675413322128,16.8539077959343,NA,0,0,0,0,0,0,NA,-2.22476627407233
"Coprosma_robusta","Coprosma","Rubiaceae","Gentianales",1,101.5772163,0.1439591955,0.1225,12.51525,13.3225,5.53,NA,NA,NA,NA,NA,NA,NA,NA,10.9319445286667,1380.33333333333,-39.35,176.005555666667,12.5969166666667,3.8766083627081,0.614264371160707,NA,NA,NA,0,1,6.99053857620193,NA,NA,0.00184977647145774,NA,0.634343025992727,19.8850207460513,NA,0,0,0,0,0,0,2.00679630691634,-2.73288074893626
"Coprosma_talbrockiei","Coprosma","Rubiaceae","Gentianales",1,NA,NA,NA,0.035,1.095,0.485,NA,NA,NA,NA,NA,NA,NA,NA,9.470833778,2835,-40.88825164,172.3501599,0.035,0.210558419090135,0.434993780505626,NA,NA,NA,0,1,1.242453324894,NA,NA,NA,NA,0.365974135789912,34.3679166666667,NA,0,0,0,0,0,0,NA,NA
"Cordia_alliodora","Cordia","Cordiaceae","Boraginales",1,NA,0.119006833,NA,28.415,22.335,8.835,NA,NA,NA,NA,NA,NA,NA,NA,25.19583321,942,19.5,-105.05,28.415,5.5809713837345,0.649729374280624,NA,NA,NA,0,1,7.62613018128633,NA,NA,0.000690752004722893,NA,0.619160129200524,20.2985363679582,NA,0,0,0,0,0,0,NA,-3.16067784598608
"Cordia_americana","Cordia","Cordiaceae","Boraginales",0,NA,NA,NA,2.69,8.06,3.43,NA,2.69,8.06,2.61,7.89,0,13,NA,19.32500076,629,-24.58,-64.7,2.69,1.85067943613625,0.539556686920189,8.06,7.89,13,1.64765525982256,1.02154626108999,5.59471137960184,0.0213174216607542,0.499353222603754,NA,NA,0.52034580830844,24.1500371747212,0.0800000000000001,0.0099255583126551,0.0101394169835235,0.0297397769516729,0.00615384615384616,4.83271375464684,1.61290322580645,NA,NA
"Cordia_bicolor","Cordia","Cordiaceae","Boraginales",0,36.6,NA,NA,31.73,24.87,10.19,NA,31.73,24.87,31.58,24.72,0,6,NA,26.39583397,2496,9.17,-79.85,31.73,6.35609083906505,0.623757687837591,24.87,24.72,6,0.242718446601942,1.00606796116505,8.0624327915832,0.00604962522582344,-1.41585316336144,NA,NA,0.644656499432136,19.4931263788213,0.150000000000002,0.00603136308805799,0.00606796116504863,0.00472738733060202,0.0250000000000004,0.189095493224078,0.241254523522316,1.56348108539441,NA
"Cordia_borinquensis","Cordia","Cordiaceae","Boraginales",1,108.3,0.22988922,0.255,51.89,31.855,12.22,NA,NA,NA,NA,NA,NA,NA,NA,18.68333435,1961,18.1702,-66.5703,52.145,8.14736840492856,0.668428858844607,NA,NA,NA,0,1,8.55879281477227,NA,NA,0.00101755899780215,NA,0.64278780888088,19.5561735969866,NA,0,0,0,0,0,0,2.03462845662532,-2.99244040109329
"Cordia_lasiocalyx","Cordia","Cordiaceae","Boraginales",1,50.5,0.105307594,NA,30.67,28.81,12.41,NA,NA,NA,NA,NA,NA,NA,NA,26.39583397,2496,9.17,-79.85,30.67,6.24902047020391,0.503547177292821,NA,NA,NA,0,1,8.02845516411425,NA,NA,0.000361581002741077,NA,0.464341097410515,27.0628007825236,NA,0,0,0,0,0,0,1.70329137811866,-3.44179439518078
"Cordia_lima","Cordia","Cordiaceae","Boraginales",0,147.2,0.085554521,0.05,3.74,8.95,3.33,NA,3.74,8.95,3.595,8.195,0,36.5,NA,22.53333282,2174,18.1702,-66.99,3.79,2.19068351767741,0.657298785283611,8.95,8.195,36.5,4.40978681212688,1.09411928575922,5.92649917715567,0.089665300462013,1.47513526321834,0.00194623984480547,NA,0.582490212697402,21.6134603327707,0.145,0.0162753374994992,0.0178440376590971,0.0398279881038501,0.00417711598746081,9.67365967365967,4.04536213596122,2.16790781000148,-2.71080364050293
"Cordia_nodosa","Cordia","Cordiaceae","Boraginales",1,45.9,0.172134676,0.29,94.34,42.095,17.115,NA,NA,NA,NA,NA,NA,NA,NA,25.09583282,3334,-0.6859,-76.3953,94.63,10.8019037171265,0.662668889710122,NA,NA,NA,0,1,9.08989194689163,NA,NA,0.00032470699931909,NA,0.683141115783711,18.947236315228,NA,0,0,0,0,0,0,1.66181268553726,-3.48850834970817
"Cordia_rickseckeri","Cordia","Cordiaceae","Boraginales",1,76.3,0.293106275,0.885,282.025,79.74,33.205,NA,NA,NA,NA,NA,NA,NA,NA,25.97916603,837,17.934795,-66.929542,282.91,18.6033933111509,0.556909284921621,NA,NA,NA,0,1,10.1686210513275,NA,NA,0.000326624499715334,NA,0.530759706406611,23.7385590271267,NA,0,0,0,0,0,0,1.88252453795488,-3.48595124246488
"Cordia_salvadorensis","Cordia","Cordiaceae","Boraginales",0.5,NA,0.0516625946666667,NA,10.315,14.07,5.68,NA,12.41,15.97,12.41,14.05,0,0.75,0,25.19583321,942,19.5,-105.05,10.315,3.52510671675113,0.624514045335608,15.97,14.05,0.75,0.0533807829181495,1.03416370106762,6.82672939919304,0.0320223916117916,-1.54401010711165,0.000234049334612385,NA,0.62751432760849,20.0990281445375,0,0,0,0,0,0.0604351329572925,0.0469630557294928,NA,-3.63069258920682
"Cordia_sulcata","Cordia","Cordiaceae","Boraginales",0,85.2,0.294705558,0.45,339.96,80.4,29.625,NA,339.96,80.4,337.045,76.185,0,53.5,NA,23.96249962,1997,18.4095,-66.9706,340.41,20.0544249231806,0.668563573180253,80.4,76.185,53.5,0.677665057201523,1.04495262934068,10.2796364502287,0.0432114971518116,-0.399339854224923,0.000283146942840535,NA,0.617912436946879,20.3503844988257,2.91499999999998,0.030221786920893,0.0324254538865996,0.00677310530276951,0.0439250614250611,0.172326301298367,0.645895565038933,1.9304395947667,-3.54798812312328
"Cornus_amomum","Cornus","Cornaceae","Cornales",1,NA,0.065488049,NA,8.605,14.305,6.045,NA,NA,NA,NA,NA,NA,NA,NA,9.083333733,1115.5,40.9,-77.725,8.605,3.26280875220756,0.535853908810174,NA,NA,NA,0,1,6.69920146903602,NA,NA,0.000651672001390613,NA,0.508574132311092,24.9412816678048,NA,0,0,0,0,0,0,NA,-3.18597093774733
"Cornus_controversa","Cornus","Cornaceae","Cornales",1,93.4,0.103583357,0.585,30.66,22.86,7.755,NA,NA,NA,NA,NA,NA,NA,NA,6.700000286,1960,36.7198,139.4699,31.245,6.26564348844923,0.807121550405923,NA,NA,NA,0,1,8.02032882404701,NA,NA,0.000345250870377287,NA,0.724921638898304,17.3889114376736,NA,0,0,0,0,0,0,1.97034687623009,-3.46186521789176
"Cornus_florida","Cornus","Cornaceae","Cornales",1,49.7166666666667,0.113939231444444,0.126333333333333,33.3029166666667,24.8680555555556,9.675,NA,NA,NA,NA,NA,NA,NA,NA,13.2951388371667,1167.16666666667,37.9384045,-76.7778258333333,33.4081944444444,6.46695067607548,0.670289110709358,NA,NA,NA,0,1,8.07872279453488,NA,NA,0.000415335403744086,NA,0.666217486168429,18.9978139969188,NA,0,0,0,0,0,0,1.69650200297842,-3.38160104747101
"Cornus_obliqua","Cornus","Cornaceae","Cornales",1,129.233333333333,0.138010602333333,0.186666666666667,8.32666666666667,12.5266666666667,4.84333333333333,NA,NA,NA,NA,NA,NA,NA,NA,9.191666603,1118,41.83,-73.75,8.51333333333333,3.27342146598995,0.679597180428915,NA,NA,NA,0,1,6.72411978108834,NA,NA,0.00232945087318546,NA,0.659085919930073,19.0737302740898,NA,0,0,0,0,0,0,2.11137454628755,-2.63274644414662
"Correa_reflexa","Correa","Rutaceae","Sapindales",0,98.73889365,0.11875335,0.075,8.7193,17.0633333333333,6.47333333333333,NA,15.35,17.0633333333333,15.2133333333333,16.91,0,4.66666666666667,NA,17.102083205,1213,-33.655233335,151.17985835,8.7443,3.01613640704125,0.678563656272424,17.0633333333333,16.91,4.66666666666667,0.267771462973875,1.00961582336075,6.32879645412866,0.00955674892696071,-1.40573355033801,0.0016312641849093,NA,0.654504591264439,19.2025253050306,0.136666666666667,0.00788338976846888,0.00794983300046123,0.0088536459267648,0.030904761904762,0.294436730848173,0.265686788459458,1.99448825672601,-2.78747569882658
"Corylus_sieboldiana","Corylus","Betulaceae","Fagales",0,38.7,0.0659748925,0.145,34.335,43.305,9.825,NA,34.335,43.305,33.265,26.125,0,186,32.5,6.700000286,1960,36.7198,139.4699,34.48,6.60979167977684,0.672708238725015,43.305,26.125,218.5,8.35988375467794,1.65698753659921,8.13584680331658,0.504988451254861,2.12342615689422,0.000127969720310004,NA,0.229313508389469,54.818783091236,1.07,0.0247169660060858,0.0409548045188704,0.0314477243844691,0.00574735315445975,6.41699585050181,5.0452046273638,1.58771096501891,-3.89289277924231
"Corymbia_gummifera","Corymbia","Myrtaceae","Myrtales",NA,259.4273264,0.208,NA,10.893,NA,NA,NA,NA,NA,NA,NA,NA,NA,NA,17.1,412,-32.97152778,146.15,10.893,3.7241641157178,NA,NA,NA,NA,NA,NA,6.9932905670884,NA,NA,0.00397172496098412,NA,NA,NA,NA,NA,NA,NA,NA,NA,NA,2.41401571993493,-2.40102083370703
"Corymbia_maculata","Corymbia","Myrtaceae","Myrtales",NA,136.9856693,0.18,NA,27.09225,NA,NA,NA,NA,NA,NA,NA,NA,NA,NA,17.38333333,701.3,-28.08541667,151.72905,27.09225,5.87323795328022,NA,NA,NA,NA,NA,NA,7.9044178951145,NA,NA,0.0011959139606345,NA,NA,NA,NA,NA,NA,NA,NA,NA,NA,2.13667513599241,-2.92230006429893
"Corymbia_opaca","Corymbia","Myrtaceae","Myrtales",NA,260.1612055,0.13,NA,7.764416667,NA,NA,NA,NA,NA,NA,NA,NA,NA,NA,20.24166667,324.2,-23.72461667,133.8628333,7.764416667,3.14419502293118,NA,NA,NA,NA,NA,NA,6.65472151639273,NA,NA,0.00217659622413461,NA,NA,NA,NA,NA,NA,NA,NA,NA,NA,2.41524253629399,-2.66222212855853
"Coscinium_blumeanum","Coscinium","Menispermaceae","Ranunculales",1,NA,NA,NA,353.87,75.245,25.53,NA,NA,NA,NA,NA,NA,NA,NA,24.77499962,2225,5.016667,117.8125,353.87,21.1936602933744,0.830111107924606,NA,NA,NA,0,1,10.4679104210717,NA,NA,NA,NA,0.782191937045863,16.0831467932939,NA,0,0,0,0,0,0,NA,NA
"Couepia_guianensis","Couepia","Chrysobalanaceae","Malpighiales",1,NA,NA,NA,27.0566666666667,24.6566666666667,10.1233333333333,NA,NA,NA,NA,NA,NA,NA,NA,26.97500038,2237,-3,-58.97,27.0566666666667,5.84039872501994,0.575572589415533,NA,NA,NA,0,1,7.88324783526072,NA,NA,NA,NA,0.552102799539185,22.8201445904011,NA,0,0,0,0,0,0,NA,NA
"Couepia_obovata","Couepia","Chrysobalanaceae","Malpighiales",1,45.45,0.12475251,0.125,22.67,23.335,9.96,NA,NA,NA,NA,NA,NA,NA,NA,25.09583282,3334,-0.6859,-76.3953,22.795,5.38564542815373,0.541772430199146,NA,NA,NA,0,1,7.73044826327725,NA,NA,0.00069185626556535,NA,0.525111229778137,24.1471269164802,NA,0,0,0,0,0,0,1.65753388755799,-3.1599841216641
"Coussapoa_magnifolia","Coussapoa","Urticaceae","Rosales",1,NA,0.470875688,NA,388.27,78.41,26.24,NA,NA,NA,NA,NA,NA,NA,NA,26.39583397,2496,9.17,-79.85,388.27,22.2342240259093,0.847340854645933,NA,NA,NA,0,1,10.5668711598904,NA,NA,0.00057105600110612,NA,0.793598415497757,15.8346720065934,NA,0,0,0,0,0,0,NA,-3.24332130019758
"Coussarea_curvigemmia","Coussarea","Rubiaceae","Gentianales",1,51.6,0.249262835,NA,35.28,30.46,12.94,NA,NA,NA,NA,NA,NA,NA,NA,26.39583397,2496,9.17,-79.85,35.28,6.70223031074407,0.517946700984859,NA,NA,NA,0,1,8.16848641712668,NA,NA,0.00176111000318133,NA,0.477835753804535,26.298514739229,NA,0,0,0,0,0,0,1.71264970162721,-2.75421351610394
"Crepidospermum_rhoifolium","Crepidospermum","Burseraceae","Sapindales",0,55.1,NA,0.045,94.15,40.96,15.85,NA,94.15,40.96,92.03,39.85,0,40,NA,25.09583282,3334,-0.6859,-76.3953,94.195,10.9404568890049,0.691356988598868,40.96,39.85,40,0.999870562624285,1.02815499813045,9.14654037714886,0.0277524102365736,-0.00253480200249543,NA,NA,0.704274541274155,17.8458699927362,2.12,0.0521801878682537,0.0536935798493106,0.0229176409715519,0.0545714285714285,0.42348680086369,0.97286676126712,1.74115159885178,NA
"Crossopetalum_rhacoma","Crossopetalum","Celastraceae","Celastrales",0,170.35,0.0679969415,NA,1.49,5.83,2.35,NA,1.49,5.83,1.42,5.565,0,19,NA,25.17499924,1157,17.96999997,-66.87083829,1.49,1.37392086665325,0.58512430345128,5.83,5.565,19,3.54070905201839,1.04801347107814,4.99391435048494,0.0468858455587288,1.15835826213657,0.00316580850366656,NA,0.548697463777383,22.9059356617647,0.07,0.0118124452442403,0.0123674509625449,0.0460018382352941,0.00471153846153846,13.6856617647059,3.37177089006227,2.2313421379039,-2.49951535868281
"Croton_betulinus","Croton","Euphorbiaceae","Malpighiales",0,115.75,0.077386076,0.025,0.95,5.015,1.63,NA,0.95,5.015,0.865,4.065,0,14.5,NA,25.17499924,1157,17.96999997,-66.87083829,0.975,1.10444725376895,0.677047262057865,5.015,4.065,14.5,3.67021990218439,1.24264248515081,4.54442523719424,0.213835209568877,1.24554772899279,0.00659643094995605,NA,0.473509543139607,28.2082228666114,0.0849999999999999,0.016914781944842,0.0203132051078777,0.0856314356728606,0.00684343434343434,17.297905077524,2.8948770556987,2.06352099968999,-2.18069097930494
"Croton_billbergianus","Croton","Euphorbiaceae","Malpighiales",1,NA,0.212404097,NA,109.16,43.9,14.96,NA,NA,NA,NA,NA,NA,NA,NA,26.39583397,2496,9.17,-79.85,109.16,11.7892675219154,0.788052641839268,NA,NA,NA,0,1,9.29798488182823,NA,NA,0.000413296999105766,NA,0.711777655918892,17.6549102235251,NA,0,0,0,0,0,0,NA,-3.38373774806099
"Croton_discolor","Croton","Euphorbiaceae","Malpighiales",0.333333333333333,159.366666666667,0.1193160015,0.0866666666666667,4.08,8.46166666666667,3.065,NA,5.1,9.5775,5.075,9.31,0,52.25,NA,25.7902774833333,1017.33333333333,17.9556716566667,-67.00016843,4.16666666666667,2.218521095932,0.718214269260962,9.5775,9.31,52.25,3.2939953037751,1.01566570472561,5.88339252534087,0.0229563796310998,1.41437027309938,0.00440379308968778,NA,0.670776653051845,18.8222463576771,0.0249999999999995,0.0014586270780584,0.00151717151587615,0.00257903693742716,0.000253396556362653,5.83525155426856,3.17747456009162,2.20239748897613,-2.35617309435919
"Croton_humilis","Croton","Euphorbiaceae","Malpighiales",1,83.7,0.112880873,0.35,15.16,16.17,6.3975,NA,NA,NA,NA,NA,NA,NA,NA,24.56874943,1577,18.189749985,-66.920719145,15.51,4.1389186719449,0.649195611957329,NA,NA,NA,0,1,7.044985324362,NA,NA,0.00117644897158875,NA,0.63184582408892,19.9904476282708,NA,0,0,0,0,0,0,1.92272545799326,-2.92942690557937
"Croton_lanjouwii","Croton","Euphorbiaceae","Malpighiales",1,NA,0.1775850386,0.183333333333333,17.6516666666667,19.9333333333333,8.08333333333333,NA,NA,NA,NA,NA,NA,NA,NA,25.29999924,4740,2.970351018,-78.18942184,17.835,4.73453741729264,0.586796987524529,NA,NA,NA,0,1,7.46034571976003,NA,NA,0.00184184946134646,NA,0.552994819568834,22.7615273756118,NA,0,0,0,0,0,0,NA,-2.73474586858989
"Cryptocarya_alba","Cryptocarya","Lauraceae","Laurales",1,NA,NA,0.0575,10.30375,11.37625,4.3925,NA,NA,NA,NA,NA,NA,NA,NA,11.877083305,881.5,-35.90395,-72.5953,10.36125,3.1831998611396,0.70779480981316,NA,NA,NA,0,1,6.20863566038,NA,NA,NA,NA,0.752143949884218,16.7827019406647,NA,0,0,0,0,0,0,NA,NA
"Cryptocarya_aschersoniana","Cryptocarya","Lauraceae","Laurales",1,68.8,0.208431557,0.65,89.91,49.905,22.07,NA,NA,NA,NA,NA,NA,NA,NA,25.08749962,3338,-0.7,-76.3953,90.56,10.675689800416,0.484162961483051,NA,NA,NA,0,1,9.08776826534137,NA,NA,0.000479824000025917,NA,0.449157159110716,27.9833124719897,NA,0,0,0,0,0,0,1.83758843823551,-3.31891803311236
"Cryptocarya_fusca","Cryptocarya","Lauraceae","Laurales",1,67.05,0.1366660765,0.15,70.405,36.08,14.43,NA,NA,NA,NA,NA,NA,NA,NA,25.32083321,2450,-16.633333,179.083333,70.555,9.46071392013686,0.655405968687922,NA,NA,NA,0,1,8.85422662318368,NA,NA,0.000266228999986687,NA,0.677206058960428,18.6804684409334,NA,0,0,0,0,0,0,1.82639878218762,-3.57474463913852
"Cryptocarya_grafitti","Cryptocarya","Lauraceae","Laurales",1,94.85,NA,0.55,128.87,60.145,23.52,NA,NA,NA,NA,NA,NA,NA,NA,26.72083282,2181,2.409143,101.850166,129.42,12.8306621067851,0.546355070960733,NA,NA,NA,0,1,9.46632853270588,NA,NA,NA,NA,0.449225580215972,28.0703744784407,NA,0,0,0,0,0,0,1.97703733522468,NA
"Cryptocarya_mackinnoniana","Cryptocarya","Lauraceae","Laurales",1,NA,NA,0.39,75.84,42.1,18.27,NA,NA,NA,NA,NA,NA,NA,NA,23.6875,3054,-16.144616,145.430116,76.23,9.85185518037905,0.539236736747622,NA,NA,NA,0,1,8.93892527198827,NA,NA,NA,NA,0.537704903150512,23.370385021097,NA,0,0,0,0,0,0,NA,NA
"Cryptocarya_murrayi","Cryptocarya","Lauraceae","Laurales",1,NA,NA,0.09,118.97,59.69,21.21,NA,NA,NA,NA,NA,NA,NA,NA,23.6875,3054,-16.144616,145.430116,119.06,12.3122662494022,0.580493458246214,NA,NA,NA,0,1,9.38479775371334,NA,NA,NA,NA,0.419608394415518,29.9478532403127,NA,0,0,0,0,0,0,NA,NA
"Cryptocarya_pleurosperma","Cryptocarya","Lauraceae","Laurales",1,NA,NA,0.19,81.01,40.05,16.19,NA,NA,NA,NA,NA,NA,NA,NA,23.6875,3054,-16.144616,145.430116,81.2,10.1679423204744,0.628038438571615,NA,NA,NA,0,1,9.00208543315572,NA,NA,NA,NA,0.634663402001703,19.8000555486977,NA,0,0,0,0,0,0,NA,NA
"Cupania_sylvatica","Cupania","Sapindaceae","Sapindales",1,41.5,0.067127607,NA,14.34,17.8,6.65,NA,NA,NA,NA,NA,NA,NA,NA,26.39583397,2496,9.17,-79.85,14.34,4.27296794646323,0.642551570896727,NA,NA,NA,0,1,7.26822302115957,NA,NA,0.000314234004291942,NA,0.568746858382497,22.094839609484,NA,0,0,0,0,0,0,1.61804809671209,-3.50274682032315
"Cupaniopsis_anacardioides","Cupaniopsis","Sapindaceae","Sapindales",NA,82.3704658,0.17,NA,41.39833333,NA,NA,NA,NA,NA,NA,NA,NA,NA,NA,27.69166667,1657.6,-12.41041667,130.8200833,41.39833333,7.26016494866912,NA,NA,NA,NA,NA,NA,8.32841080827953,NA,NA,0.000698095736599549,NA,NA,NA,NA,NA,NA,NA,NA,NA,NA,1.91577152189964,-3.15608501430265
"Cupaniopsis_leptobotrys","Cupaniopsis","Sapindaceae","Sapindales",1,138.1,NA,0.17,44.53,31.34,12.255,NA,NA,NA,NA,NA,NA,NA,NA,25.32083321,2450,-16.633333,179.083333,44.7,7.5315542403734,0.617186049320402,NA,NA,NA,0,1,8.39846228129885,NA,NA,NA,NA,0.571257247202996,22.074750222654,NA,0,0,0,0,0,0,2.14019367857863,NA
"Cyathodes_juniperina","Cyathodes","Ericaceae","Ericales",1,NA,0.046306595,0.005,0.105,2.1775,0.985,NA,NA,NA,NA,NA,NA,NA,NA,8.1583333015,2262,-42.3,146,0.11,0.3740472241137,0.381030891189531,NA,NA,NA,0,1,2.3958205720947,NA,NA,0.0197064742756114,NA,0.27956217304445,45.2907272727273,NA,0,0,0,0,0,0,NA,-1.70539106925753
"Cydista_aequinoctialis","Cydista","Bignoniaceae","Lamiales",1,NA,NA,NA,47.81,27.01,9.41,NA,NA,NA,NA,NA,NA,NA,NA,26.97500038,2237,-3,-58.97,47.81,7.80215243594921,0.829134158974411,NA,NA,NA,0,1,8.4724050086261,NA,NA,NA,NA,0.82353002812664,15.2591528968835,NA,0,0,0,0,0,0,NA,NA
"Cynanchum_grisebachianum","Cynanchum","Apocynaceae","Gentianales",1,67.5,0.059009608,0.01,3.035,7.225,2.59,NA,NA,NA,NA,NA,NA,NA,NA,26.21666718,1058,17.96222,-67.200125,3.045,1.96714500529199,0.763432244533219,NA,NA,NA,0,1,5.71486974453385,NA,NA,0.00114504757665565,NA,0.728993046049314,17.2392603106881,NA,0,0,0,0,0,0,1.82930377283102,-2.94117646804047
"Cynometra_malaccencis","Cynometra","Fabaceae","Fabales",1,85.925,0.12694507025,0.025,40.55,30.7,12.5975,NA,NA,NA,NA,NA,NA,NA,NA,26.72083282,2181,2.409143,101.850166,40.5625,7.07742447763548,0.559992631785277,NA,NA,NA,0,1,8.24247849638311,NA,NA,0.000417990250882764,NA,0.524754370360703,23.9488304238361,NA,0,0,0,0,0,0,1.93411954080926,-3.37883384750055
"Cyrilla_racemiflora","Cyrilla","Cyrillaceae","Ericales",1,196.725,0.1491253605,0.105,9.795,14.8425,6.325,NA,NA,NA,NA,NA,NA,NA,NA,20.608333585,2067.5,18.1702,-66.78015,9.9,3.5255794318914,0.557532849547979,NA,NA,NA,0,1,6.86968514670586,NA,NA,0.00232215824891795,NA,0.550390229624431,22.9480846213985,NA,0,0,0,0,0,0,2.29385955398205,-2.63410818757332
"Dalbergia_multiflora","Dalbergia","Fabaceae","Fabales",1,NA,NA,NA,5.67,11.62,4.8,NA,NA,NA,NA,NA,NA,NA,NA,26.97500038,2237,-3,-58.97,5.67,2.68321853692497,0.560417560650089,NA,NA,NA,0,1,6.33497816961311,NA,NA,NA,NA,0.526481749230523,23.8832171906256,NA,0,0,0,0,0,0,NA,NA
"Damnacanthus_indicus","Damnacanthus","Rubiaceae","Gentianales",1,60.1,0.03452400375,0,0.935,3.8575,1.32,NA,NA,NA,NA,NA,NA,NA,NA,16.952082635,3170.5,30.32965,130.62715,0.935,1.08980942181586,0.829310381691372,NA,NA,NA,0,1,4.53319117770014,NA,NA,0.00133225799299368,NA,0.788389379547066,16.0018815968682,NA,0,0,0,0,0,0,1.77887447200274,-2.87541166549303
"Daphniphyllum_macropodum","Daphniphyllum","Daphniphyllaceae","Saxifragales",1,142.9,0.174838030666667,1.07166666666667,51.4483333333333,34.0833333333333,14.56,NA,NA,NA,NA,NA,NA,NA,NA,13.48472214,3350.66666666667,30.3033,130.5699,52.52,8.11498560064967,0.5554363565001,NA,NA,NA,0,1,8.53374073935842,NA,NA,0.000641886520595916,NA,0.545103100565645,23.1825624294602,NA,0,0,0,0,0,0,2.15503222879097,-3.19254174426007
"Daphniphyllum_teijsmanii","Daphniphyllum","Daphniphyllaceae","Saxifragales",0.5,77.6666666666667,0.129260744333333,0.273333333333333,28.6533333333333,28.7766666666667,12.2166666666667,NA,23.9,26.97,23.225,26.04,0,3,0,19.19166565,3068,30.3492,130.6644,28.9266666666667,6.02666058423747,0.49342164525988,26.97,26.04,3,0.114855100585068,1.02445294511156,7.94236345842723,0.0238974133126638,-1.76053910770034,0.000588746927543393,NA,0.427041319040235,29.5047290220808,0.449999999999998,0.0169713349442863,0.0177749688616867,0.0197569357621312,0.107166666666666,0.125213272853625,0.110959434441735,1.89023466630636,-3.23007134628247
"Daphnopsis_philippiana","Daphnopsis","Thymelaeaceae","Malvales",1,85.35,0.140124233,0.085,30.4,24.585,10.325,NA,NA,NA,NA,NA,NA,NA,NA,20.09166718,2083,18.15399777,-66.80487416,30.485,6.13888745276244,0.594443870562229,NA,NA,NA,0,1,7.96248306902788,NA,NA,0.000737363000916812,NA,0.61295909803733,20.5018681063305,NA,0,0,0,0,0,0,1.93120352545075,-3.13231865802472
"Dasyphyllum_diacanthoides","Dasyphyllum","Asteraceae","Asterales",0.833333333333333,NA,NA,0.0416666666666667,5.275,8.73333333333333,3.59833333333333,NA,12.255,15.58,12.17,15.475,0,1,0,11.3458334633333,1059.66666666667,-36.5497,-72.7955,5.31666666666667,2.21315627685345,0.596281265513159,15.58,15.475,1,0.0218610498954625,1.00106162061366,5.3028306124748,0.00317185969717171,-2.03868396900749,NA,NA,0.606579683635915,20.9825403946832,0.0425,0.000822129826769685,0.000829766344578177,0.000953157677007839,0.00708333333333333,0.0292370873705803,0.0217319014269964,NA,NA
"Debregeasia_edulis","Debregeasia","Urticaceae","Rosales",0,54.75,0.053022085,0.075,18.88,32.965,14.17,NA,18.88,32.965,18.47,31.54,0,64,2,17.95416641,3064,30.31,130.63,18.955,4.8494266930313,0.346137095782851,32.965,31.54,66,2.12923333691577,1.04710686416444,7.49472615527821,0.0459941629714156,0.752526304491632,0.000160529497064359,NA,0.217207447386909,58.3327443841983,0.410000000000001,0.0127934208229892,0.0134115990955395,0.0235703921437222,0.00646824408468246,3.71664534067301,2.03219219789505,1.73838412351216,-3.79444515493971
"Decaspermum_fruticosum","Decaspermum","Myrtaceae","Myrtales",1,51.8,0.1023444345,0.03,12.815,19.04,7.87,NA,NA,NA,NA,NA,NA,NA,NA,27.47916603,2255,3.083,101.583,12.83,4.03930536214919,0.513187261410967,NA,NA,NA,0,1,7.15454455111919,NA,NA,0.000827258506683812,NA,0.443923617837519,28.410333416562,NA,0,0,0,0,0,0,1.71432975974523,-3.08235875830308
"Dendropanax_arboreus","Dendropanax","Araliaceae","Apiales",0,68.6,0.0939894705,0.265,25.215,23.415,9.845,NA,25.215,23.415,25.02,23.305,0,11.5,NA,20.09166718,2083,18.15399777,-66.80487416,25.48,5.69312859632412,0.578594388256152,23.415,23.305,11.5,0.493785971087246,1.00471801466297,7.84118627611669,0.00470683814568429,-0.714888529490715,0.000352463812914001,NA,0.578342518005561,21.8301992459276,0.195000000000002,0.00833165221635674,0.00837068305524969,0.00772488666189462,0.0170769230769233,0.454157245495828,0.49149415609691,1.83632411570675,-3.45288546493784
"Dendropanax_querceti","Dendropanax","Araliaceae","Apiales",1,47.2,0.121963266,0.035,26.42,21.7633333333333,8.83333333333333,NA,NA,NA,NA,NA,NA,NA,NA,25.09583282,3334,-0.6859,-76.3953,26.4433333333333,5.75966698891036,0.65330429925625,NA,NA,NA,0,1,7.8502950488423,NA,NA,0.00061799599863621,NA,0.692000652201092,18.17065514748,NA,0,0,0,0,0,0,1.67394199863409,-3.2090143368462
"Dendropanax_stenodontus","Dendropanax","Araliaceae","Apiales",1,53.9,NA,NA,83.6,40.12,15.99,NA,NA,NA,NA,NA,NA,NA,NA,26.39583397,2496,9.17,-79.85,83.6,10.3171132561322,0.645222842785006,NA,NA,NA,0,1,9.03121370607875,NA,NA,NA,NA,0.652670964772946,19.2537607655502,NA,0,0,0,0,0,0,1.73158876518674,NA
"Dendropanax_trifidus","Dendropanax","Araliaceae","Apiales",1,89.4083333333333,0.15000242425,0.9775,34.64,28.0416666666667,9.52583333333333,NA,NA,NA,NA,NA,NA,NA,NA,15.8125,3215,30.30495,130.60495,35.6175,6.60384107768209,0.688770718329304,NA,NA,NA,0,1,8.10206023017795,NA,NA,0.000686822317703836,NA,0.576538362015398,22.863755338498,NA,0,0,0,0,0,0,1.95137799924353,-3.16315560125406
"Desmopsis_panamensis","Desmopsis","Annonaceae","Magnoliales",1,45.2,0.142233823,NA,37.46,32.34,13.64,NA,NA,NA,NA,NA,NA,NA,NA,26.39583397,2496,9.17,-79.85,37.46,6.90619673523562,0.506319408741615,NA,NA,NA,0,1,8.22844388300403,NA,NA,0.000540055002808204,NA,0.450088177995447,27.9197971169247,NA,0,0,0,0,0,0,1.65513843481138,-3.26756200647402
"Dialium_guianense","Dialium","Fabaceae","Fabales",1,NA,NA,NA,10.05,14.9525,5.77,NA,NA,NA,NA,NA,NA,NA,NA,26.97500038,2237,-3,-58.97,10.05,3.50134965512623,0.615893300548224,NA,NA,NA,0,1,6.82485908005779,NA,NA,NA,NA,0.552843216834013,22.9213052183657,NA,0,0,0,0,0,0,NA,NA
"Dialium_pachyphyllum","Dialium","Fabaceae","Fabales",NA,46.38316834,0.19,NA,63.8276,NA,NA,NA,NA,NA,NA,NA,NA,NA,NA,21.58333333,1671.9,2.1261,16.17776667,63.8276,9.01486685234663,NA,NA,NA,NA,NA,NA,8.7613558846745,NA,NA,0.000565586047415225,NA,NA,NA,NA,NA,NA,NA,NA,NA,NA,1.66636041108899,-3.24750131279906
"Dialium_platysepalum","Dialium","Fabaceae","Fabales",1,47.1,0.0967814625,0.035,21.785,21.28,8.27,NA,NA,NA,NA,NA,NA,NA,NA,25.29166603,2035,2.917,102.25,21.82,5.24373268843666,0.639386283199706,NA,NA,NA,0,1,7.66724091086805,NA,NA,0.000434120498232043,NA,0.615008981768405,20.8110292768478,NA,0,0,0,0,0,0,1.6730209071289,-3.36238970722997
"Dichapetalum_spruceanum","Dichapetalum","Dichapetalaceae","Malpighiales",1,NA,NA,NA,158.79,62.63,23.77,NA,NA,NA,NA,NA,NA,NA,NA,26.97500038,2237,-3,-58.97,158.79,14.2189207504823,0.598187663040905,NA,NA,NA,0,1,9.6727527605261,NA,NA,NA,NA,0.508707557092767,24.7025436110586,NA,0,0,0,0,0,0,NA,NA
"Dillenia_biflora","Dillenia","Dilleniaceae","Dilleniales",0,131.15,NA,1.96,650.235,118,43.37,NA,650.235,118,641.895,112.59,0,21,2,25.32083321,2450,-16.633333,179.083333,652.195,28.2247657427577,0.653248492626835,118,112.59,22,0.194574169214229,1.05230329083525,11.0006990332726,0.0507922697636054,-1.63715003461922,NA,NA,0.55905641181958,22.5082533251363,8.33999999999997,0.0723363320532522,0.0762991639810873,0.0148013648251373,0.406635294117646,0.0365321498156603,0.18504645854864,2.11776829492637,NA
"Dillenia_excelsa","Dillenia","Dilleniaceae","Dilleniales",0,NA,NA,NA,90.275,37.405,14.63,NA,90.275,37.405,89.005,36.735,0,13,NA,24.77499962,2225,5.016667,117.8125,90.275,10.0429900302729,0.68695377355781,37.405,36.735,13,0.412279026625928,1.01647411065037,8.82700030063668,0.0163292452495786,-0.962417765690466,NA,NA,0.715754879205577,17.5610517177855,1.27,0.0307788360032401,0.0313250218245309,0.0151227171699508,0.0976923076923081,0.252624696493031,0.40630994714666,NA,NA
"Dimocarpus_dentatus","Dimocarpus","Sapindaceae","Sapindales",0,NA,NA,NA,171.37,65.88,25.965,NA,171.37,65.88,166.26,61.4,0,20.5,1,24.77499962,2225,5.016667,117.8125,171.37,14.726329528289,0.567521690591536,65.88,61.4,21.5,0.35440929945739,1.07201613410695,9.73672670939655,0.0694804553554155,-1.04856265886953,NA,NA,0.49440808426265,25.434184630474,5.11,0.0764149048956004,0.0820668993255679,0.029358171817909,0.260821256038647,0.129972568083775,0.331184251090884,NA,NA
"Dimocarpus_longan","Dimocarpus","Sapindaceae","Sapindales",1,NA,NA,NA,41.2,29.85,12.99,NA,NA,NA,NA,NA,NA,NA,NA,24.77499962,2225,5.016667,117.8125,41.2,7.23205644807121,0.556618258518273,NA,NA,NA,0,1,8.31768792950233,NA,NA,NA,NA,0.579061856000902,21.7035833243267,NA,0,0,0,0,0,0,NA,NA
"Dimorphocalyx_murinus","Dimorphocalyx","Euphorbiaceae","Malpighiales",0,NA,NA,NA,262.74,75.345,31.495,NA,262.74,75.345,258.335,74.675,0,33.5,NA,24.77499962,2225,5.016667,117.8125,262.74,18.2876740799025,0.580617461899688,75.345,74.675,33.5,0.44911827698713,1.00895986501046,10.175785351304,0.00891951514276382,-0.804308788025099,NA,NA,0.581404449215481,21.61445454233,4.405,0.0584213315639427,0.0589477457536686,0.0167468069898356,0.132889784946237,0.127958527907548,0.445167243180978,NA,NA
"Diospyros_abyssinica","Diospyros","Ebenaceae","Ericales",NA,65.03599092,0.11,NA,21.7271,NA,NA,NA,NA,NA,NA,NA,NA,NA,NA,21.58333333,1671.9,2.1359,16.18756667,21.7271,5.25963904773088,NA,NA,NA,NA,NA,NA,7.68373051529884,NA,NA,0.000556908192994003,NA,NA,NA,NA,NA,NA,NA,NA,NA,NA,1.8131537617529,-3.25421639290946
"Diospyros_durionoides","Diospyros","Ebenaceae","Ericales",1,NA,NA,NA,233.945,72.525,31.085,NA,NA,NA,NA,NA,NA,NA,NA,24.77499962,2225,5.016667,117.8125,233.945,17.2278438446774,0.554271376603689,NA,NA,NA,0,1,10.0530498198225,NA,NA,NA,NA,0.556772896579461,22.5704451976706,NA,0,0,0,0,0,0,NA,NA
"Diospyros_elliptifolia","Diospyros","Ebenaceae","Ericales",1,NA,NA,NA,138.13,48.235,18.725,NA,NA,NA,NA,NA,NA,NA,NA,24.77499962,2225,5.016667,117.8125,138.13,13.2616870096185,0.708814482660015,NA,NA,NA,0,1,9.5333627732401,NA,NA,NA,NA,0.746340808592645,16.846417144823,NA,0,0,0,0,0,0,NA,NA
"Diospyros_sumatrana","Diospyros","Ebenaceae","Ericales",1,77.825,0.12395457175,0.0425,37.9525,29.1225,11.89,NA,NA,NA,NA,NA,NA,NA,NA,27.099999425,2218,2.7460715,101.716583,37.995,6.80102912906437,0.571449586093748,NA,NA,NA,0,1,8.15540102176289,NA,NA,0.000454674750342704,NA,0.540967887877067,23.285252678703,NA,0,0,0,0,0,0,1.89111912935455,-3.34229916299593
"Diospyros_texana","Diospyros","Ebenaceae","Ericales",NA,72.35890014,0.08,NA,2.3494,NA,NA,NA,NA,NA,NA,NA,NA,NA,NA,22.23333333,795.3,24.78565,-99.51505,2.3494,1.72955167208175,NA,NA,NA,NA,NA,NA,5.45933016239574,NA,NA,0.00272409977015408,NA,NA,NA,NA,NA,NA,NA,NA,NA,NA,1.8594919569335,-2.56477699043257
"Diospyros_virginiana","Diospyros","Ebenaceae","Ericales",1,61.4333333333333,0.110136275333333,0.155,22.01,20.0616666666667,8.03166666666667,NA,NA,NA,NA,NA,NA,NA,NA,16.78541613,1206,34.2502135,-79.3784775,22.165,5.23001166827046,0.653071432775169,NA,NA,NA,0,1,7.64014142175481,NA,NA,0.000589206833121921,NA,0.666377380571487,18.9175226110975,NA,0,0,0,0,0,0,1.78840408049941,-3.22973222522055
"Diospyros_vitiensis","Diospyros","Ebenaceae","Ericales",1,148.6,0.157679202,0.19,36.85,25.625,9.925,NA,NA,NA,NA,NA,NA,NA,NA,24.46666718,2982,-16.75001585,179.0199514,37.04,6.78107461172124,0.701576147073952,NA,NA,NA,0,1,8.1659288667933,NA,NA,0.000702289502441708,NA,0.707792659878841,17.9983386303028,NA,0,0,0,0,0,0,2.17201880942456,-3.15348382320512
"Dipterocarpus_applanatus","Dipterocarpus","Dipterocarpaceae","Malvales",1,NA,NA,NA,715.435,117.73,47.965,NA,NA,NA,NA,NA,NA,NA,NA,24.77499962,2225,5.016667,117.8125,715.435,30.1732869010562,0.629134653466868,NA,NA,NA,0,1,11.176978166021,NA,NA,NA,NA,0.648994299906573,19.42485993919,NA,0,0,0,0,0,0,NA,NA
"Dipterocarpus_gracilis","Dipterocarpus","Dipterocarpaceae","Malvales",1,NA,NA,NA,455.965,91.93,37.19,NA,NA,NA,NA,NA,NA,NA,NA,24.77499962,2225,5.016667,117.8125,455.965,23.9186045413316,0.643877354403001,NA,NA,NA,0,1,10.6980332009377,NA,NA,NA,NA,0.669751881550714,18.7688243327422,NA,0,0,0,0,0,0,NA,NA
"Dirca_palustris","Dirca","Thymelaeaceae","Malvales",1,NA,0.108996796,NA,35.8,25.53,10.14,NA,NA,NA,NA,NA,NA,NA,NA,6.575000286,1156,41.88,-78.7,35.8,6.7514424904252,0.665822730811164,NA,NA,NA,0,1,8.18311807939475,NA,NA,0.000331851998275576,NA,0.690225914865039,18.2061703910615,NA,0,0,0,0,0,0,NA,-3.47905556287219
"Discaria_chacaye","Discaria","Rhamnaceae","Rosales",1,NA,NA,0.025,1.465,5.35,2.25,NA,NA,NA,NA,NA,NA,NA,NA,10.28333378,1416,-37.8412,-73.1959,1.49,1.35465469876228,0.601395962067014,NA,NA,NA,0,1,4.93630794443452,NA,NA,NA,NA,0.621762692505758,20.2108863466268,NA,0,0,0,0,0,0,NA,NA
"Discophora_guianensis","Discophora","Stemonuraceae","Aquifoliales",1,59.4,0.3792227,0.88,258.61,65.5,25.63,NA,NA,NA,NA,NA,NA,NA,NA,25.09583282,3334,-0.6859,-76.3953,259.05,18.1168412596552,0.707301177782575,NA,NA,NA,0,1,10.1523638456714,NA,NA,0.00056566450058012,NA,0.754722895268522,16.6537364946771,NA,0,0,0,0,0,0,1.77378644498119,-3.24744107543305
"Dissiliaria_laxinervis","Dissiliaria","Picrodendraceae","Malpighiales",1,NA,NA,0.07,65.81,42.59,18.56,NA,NA,NA,NA,NA,NA,NA,NA,23.6875,3054,-16.144616,145.430116,65.88,9.1586582645687,0.493462190978917,NA,NA,NA,0,1,8.79300509129753,NA,NA,NA,NA,0.455917722695531,27.5628035253001,NA,0,0,0,0,0,0,NA,NA
"Distylium_racemosum","Distylium","Hamamelidaceae","Saxifragales",0.75,160.575,0.12808675175,0.0675,15.9125,20.275,8.4,NA,16.34,19.58,16.31,19.53,0,0.5,0,16.333333015,3168.5,30.31005,130.60995,15.98,4.47580599231766,0.533860325223136,19.58,19.53,0.5,0.0128008192524322,1.00064004096262,7.34389974526825,0.00127844610688826,-2.97195174488859,0.00103204606604935,NA,0.479191799795928,27.0368401810471,0.0150000000000006,0.00038304392236978,0.000384024577572979,0.000458996328029393,0.00750000000000028,0.0152998776009792,0.0127681307456588,2.20567793068614,-2.98630091725868
"Dodonaea_triquetra","Dodonaea","Sapindaceae","Sapindales",1,NA,0.165863778,0.206666666666667,67.75,49.4033333333333,21.65,NA,NA,NA,NA,NA,NA,NA,NA,16.70416641,1278,-33.6938,151.14305,67.9566666666667,9.27917499999813,0.428480192316366,NA,NA,NA,0,1,8.81412724504452,NA,NA,0.00041493659457779,NA,0.347800589325151,36.261002748224,NA,0,0,0,0,0,0,NA,-3.38201826167052
"Dodonaea_viscosa","Dodonaea","Sapindaceae","Sapindales",0,122.612745565,0.0927134042,0.025,4.723586666,11.49,5.135,NA,3.575,11.49,3.52,11.42,0,20,NA,14.583333204,979.2,-37.073885334,147.62166534,4.728586666,2.12912301110354,0.416779068750106,11.49,11.42,20,1.75147598660474,1.00616390717177,5.52794835070437,0.00613872153154943,0.560412461349493,0.00281638775349401,NA,0.340145499710566,36.9800763526331,0.0549999999999999,0.00478429756573485,0.004812341310831,0.0153528369628271,0.00275,5.60494175564022,1.7407086456711,2.08853561733444,-2.55030755279347
"Dodonaea_viscosa ssp. angustissima","Dodonaea","Sapindaceae","Sapindales",1,NA,0.0922670446666667,0.0133333333333333,0.966666666666667,12.02,4.85666666666667,NA,NA,NA,NA,NA,NA,NA,NA,17.41666603,406,-32.97638,146.14583,0.98,1.10960701046652,0.227887832681678,NA,NA,NA,0,1,4.55878857504595,NA,NA,0.00913246977446876,NA,0.0833536507854314,151.576745860848,NA,0,0,0,0,0,0,NA,-2.03941175648841
"Dodonaea_viscosa ssp. cuneata","Dodonaea","Sapindaceae","Sapindales",0.5,NA,0.0859419196666667,0.0266666666666667,2.82333333333333,9.05,3.46333333333333,NA,3.32,9.85,3.225,9.705,0,4,0,17.41666603,406,-32.97638,146.14583,2.85,1.88148003596314,0.542362070219851,9.85,9.705,4,0.421779086633055,1.01026106548586,5.60272651481386,0.010164178146064,-0.538015025917085,0.00290427033297809,NA,0.420984889258219,30.0684742838218,0.0633333333333335,0.00649976988306754,0.00661009797946652,0.0205555555555556,0.01125,1.34343434343434,0.414210478450307,NA,-2.53696296143736
"Dodonaea_viscosa ssp. spatulata","Dodonaea","Sapindaceae","Sapindales",0,NA,0.117582297,0.25,9.53666666666667,19.5666666666667,8.31,NA,9.53666666666667,19.5666666666667,9.26333333333333,16.5133333333333,0,18.6666666666667,NA,17.41666603,406,-32.97638,146.14583,9.78666666666667,3.52873139642151,0.428820478658492,19.5666666666667,16.5133333333333,18.6666666666667,1.28409843376448,1.32830134007906,6.88478230876524,0.236189811521611,0.189878736357218,0.00143099766348892,NA,0.319506990073409,40.2881665163832,0.273333333333334,0.013904918829298,0.0181875262537833,0.0285524892467298,0.0146047307812014,1.95365547153518,0.956545395704216,NA,-2.84436107534903
"Doryphora_aromatica","Doryphora","Atherospermataceae","Laurales",0,NA,NA,0.01,14.32,18.4,7.11,NA,14.32,18.4,13.88,17.09,0,17,NA,23.6875,3054,-16.144616,145.430116,14.33,4.27147780938341,0.600770437325374,18.4,17.09,17,0.994733762434172,1.07665301345816,7.26752542782817,0.0738571674874404,-0.00528015307128347,NA,NA,0.531517093565759,23.6424581005587,0.44,0.0239130434782608,0.0257460503218256,0.0307262569832402,0.0258823529411764,1.18715083798883,0.923913043478261,NA,NA
"Doryphora_sassafrass","Doryphora","Atherospermataceae","Laurales",NA,89.29540178,0.19,NA,18.4332,NA,NA,NA,NA,NA,NA,NA,NA,NA,NA,17.21666667,1585.7,-28.21913333,153.1272,18.4332,4.84457213549475,NA,NA,NA,NA,NA,NA,7.51932357254905,NA,NA,0.00195842284573487,NA,NA,NA,NA,NA,NA,NA,NA,NA,NA,1.95082909569719,-2.70809353329744
"Dracophyllum_filifolium","Dracophyllum","Ericaceae","Ericales",1,123,NA,0.025,0.46,16.365,7.555,NA,NA,NA,NA,NA,NA,NA,NA,7.729166508,1681,-39.25,175.933333,0.485,0.784977248512463,0.103849933469337,NA,NA,NA,0,1,3.87724077373519,NA,NA,NA,NA,0.0215847107324686,582.473604651163,NA,0,0,0,0,0,0,2.0899051114394,NA
"Dracophyllum_longifolium var. septentrionale","Dracophyllum","Ericaceae","Ericales",1,171.55,NA,0.06,0.54,14.705,6.76,NA,NA,NA,NA,NA,NA,NA,NA,9.470833778,2835,-40.88825164,172.3501599,0.6,0.865038201353511,0.127353548877953,NA,NA,NA,0,1,4.05250276877362,NA,NA,NA,NA,0.0307958593560142,408.123397058824,NA,0,0,0,0,0,0,2.23439072239219,NA
"Dracophyllum_palustre","Dracophyllum","Ericaceae","Ericales",1,68.5,NA,0.03,0.11,3.54,1.54,NA,NA,NA,NA,NA,NA,NA,NA,9.470833778,2835,-40.88825164,172.3501599,0.14,0.422200824564475,0.274156379587322,NA,NA,NA,0,1,2.63905732961526,NA,NA,NA,NA,0.110305209835896,113.923636363636,NA,0,0,0,0,0,0,1.83569057149243,NA
"Dracophyllum_pronum","Dracophyllum","Ericaceae","Ericales",1,468.8,NA,0.01,0.06,1.68,0.7,NA,NA,NA,NA,NA,NA,NA,NA,9.470833778,2835,-40.88825164,172.3501599,0.07,0.298541066072092,0.426487237245846,NA,NA,NA,0,1,1.94591014905531,NA,NA,NA,NA,0.267142232448112,47.04,NA,0,0,0,0,0,0,2.67098760301003,NA
"Dracophyllum_pubescens","Dracophyllum","Ericaceae","Ericales",1,203.1,NA,0.085,0.365,5.535,2.515,NA,NA,NA,NA,NA,NA,NA,NA,9.470833778,2835,-40.88825164,172.3501599,0.45,0.755767103631987,0.310076530559644,NA,NA,NA,0,1,3.80045122977104,NA,NA,NA,NA,0.160039264330708,84.3636737804878,NA,0,0,0,0,0,0,2.30770992340481,NA
"Dracophyllum_recurvum","Dracophyllum","Ericaceae","Ericales",1,177.1,NA,0.03,0.21,3.82,1.71,NA,NA,NA,NA,NA,NA,NA,NA,7.729166508,1681,-39.25,175.933333,0.24,0.551705654433073,0.322634885633376,NA,NA,NA,0,1,3.17017965186388,NA,NA,NA,NA,0.18075684700702,70.089176201373,NA,0,0,0,0,0,0,2.24821856119007,NA
"Dracophyllum_strictum","Dracophyllum","Ericaceae","Ericales",1,251.85,NA,0.285,1.135,10.18,4.745,NA,NA,NA,NA,NA,NA,NA,NA,7.729166508,1681,-39.25,175.933333,1.42,1.30553486496224,0.285998361412203,NA,NA,NA,0,1,4.83413570999382,NA,NA,NA,NA,0.128176085768724,98.4017673698693,NA,0,0,0,0,0,0,2.40114195519373,NA
"Dracophyllum_subulatum","Dracophyllum","Ericaceae","Ericales",1,53,NA,0.065,0.125,4.21,1.92,NA,NA,NA,NA,NA,NA,NA,NA,7.729166508,1681,-39.25,175.933333,0.19,0.491678620442876,0.257720718399038,NA,NA,NA,0,1,2.94305201572508,NA,NA,NA,NA,0.0912168887308138,151.1915,NA,0,0,0,0,0,0,1.72427586960079,NA
"Drimys_(Tasmannia)","Drimys","Winteraceae","Canellales",1,NA,0.1412148435,0.07,2.175,6.98,2.905,NA,NA,NA,NA,NA,NA,NA,NA,8.220832825,2634,-41.8,145.6,2.245,1.67550382820099,0.576081944210925,NA,NA,NA,0,1,5.37745985603089,NA,NA,0.00890967449887538,NA,0.550520131288649,22.8264373120044,NA,0,0,0,0,0,0,NA,-2.05013816194792
"Drimys_winteri","Drimys","Winteraceae","Canellales",1,NA,NA,0.31,45.37625,29.9825,12.66125,NA,NA,NA,NA,NA,NA,NA,NA,10.74895835125,1243,-37.47295,-72.933725,45.68625,7.32823963217345,0.589040946840058,NA,NA,NA,0,1,8.26667810011895,NA,NA,NA,NA,0.593488046579156,21.5602661505255,NA,0,0,0,0,0,0,NA,NA
"Dryobalanops_aromatica","Dryobalanops","Dipterocarpaceae","Malvales",1,63.65,0.069377093,0.025,24.335,25.09,10.03,NA,NA,NA,NA,NA,NA,NA,NA,27.47916603,2255,3.083,101.583,24.36,5.56667344785919,0.555586530806032,NA,NA,NA,0,1,7.7962885565242,NA,NA,0.000203755499881832,NA,0.485209213664953,25.9174650001864,NA,0,0,0,0,0,0,1.80379840798967,-3.69089065971145
"Dryobalanops_lanceolata","Dryobalanops","Dipterocarpaceae","Malvales",1,NA,NA,NA,69.51,37.515,15.685,NA,NA,NA,NA,NA,NA,NA,NA,24.77499962,2225,5.016667,117.8125,69.51,9.32019953283537,0.595323099724776,NA,NA,NA,0,1,8.80895166159898,NA,NA,NA,NA,0.609961717998627,20.60356685279,NA,0,0,0,0,0,0,NA,NA
"Dryobalanops_oblongifolia","Dryobalanops","Dipterocarpaceae","Malvales",1,65.79,0.1249402441,0.038,45.609,35.3,15.115,NA,NA,NA,NA,NA,NA,NA,NA,27.47916603,2255,3.083,101.583,45.647,7.59287213365086,0.503361955436467,NA,NA,NA,0,1,8.41004135236394,NA,NA,0.000358585361096632,NA,0.458222279926794,27.656026048203,NA,0,0,0,0,0,0,1.81815988639719,-3.44540744406754
"Drypetes_alba","Drypetes","Putranjivaceae","Malpighiales",0,107.95,0.210468309,0.25,57.85,33.09,13.215,NA,57.85,33.09,57.055,32.665,0,21,NA,23.96249962,1997,18.4095,-66.9706,58.1,8.58587477876902,0.649528672328836,33.09,32.665,21,0.650979630224084,1.01254953529278,8.66033686655565,0.01240223075716,-0.483610202301904,0.000783684401371094,NA,0.660963561124064,19.0191882575875,0.794999999999995,0.0241402535454537,0.0244160889504617,0.0140153527285798,0.0407037037037034,0.380864052750385,0.64542788267498,2.03322264667025,-3.10585879744017
"Drypetes_standleyi","Drypetes","Putranjivaceae","Malpighiales",1,69,0.100529829,NA,22.59,21.93,9.25,NA,NA,NA,NA,NA,NA,NA,NA,26.39583397,2496,9.17,-79.85,22.59,5.36306640976665,0.579790963218016,NA,NA,NA,0,1,7.722677516468,NA,NA,0.000447377003929581,NA,0.590267445454319,21.2892828685259,NA,0,0,0,0,0,0,1.83884909073726,-3.34932634326836
"Duabanga_mollucana","Duabanga","Lythraceae","Myrtales",1,NA,NA,NA,207.505,67.5,27.865,NA,NA,NA,NA,NA,NA,NA,NA,24.77499962,2225,5.016667,117.8125,207.505,15.9800767355999,0.581276564800559,NA,NA,NA,0,1,9.87105749011288,NA,NA,NA,NA,0.56670356413377,22.3732146348589,NA,0,0,0,0,0,0,NA,NA
"Duguetia_asterotricha","Duguetia","Annonaceae","Magnoliales",1,NA,NA,NA,185.75,70.91,28.47,NA,NA,NA,NA,NA,NA,NA,NA,26.97500038,2237,-3,-58.97,185.75,15.3786945295937,0.54017191884769,NA,NA,NA,0,1,9.82957186958596,NA,NA,NA,NA,0.464219859400813,27.069868640646,NA,0,0,0,0,0,0,NA,NA
"Duguetia_hadrantha","Duguetia","Annonaceae","Magnoliales",1,55.5,NA,0.045,60.42,36.78,15.845,NA,NA,NA,NA,NA,NA,NA,NA,25.09583282,3334,-0.6859,-76.3953,60.465,8.70341745005851,0.55022494280402,NA,NA,NA,0,1,8.674572896444,NA,NA,NA,NA,0.552973827312455,22.7272756084714,NA,0,0,0,0,0,0,1.74429298312268,NA
"Dulacia_candida","Dulacia","Olacaceae","Santalales",1,43.3,0.1116361965,0.175,27.83,25.72,11.02,NA,NA,NA,NA,NA,NA,NA,NA,25.08749962,3338,-0.7,-76.3953,28.005,5.97134905322307,0.54224681408405,NA,NA,NA,0,1,7.93754966554544,NA,NA,0.000448895321111606,NA,0.529050723306396,23.7752257988297,NA,0,0,0,0,0,0,1.63648789635337,-3.3478549212769
"Durio_kutejensis","Durio","Malvaceae","Malvales",1,NA,NA,NA,170.515,61.24,26.285,NA,NA,NA,NA,NA,NA,NA,NA,24.77499962,2225,5.016667,117.8125,170.515,14.6691246722884,0.557812462784953,NA,NA,NA,0,1,9.72611777210687,NA,NA,NA,NA,0.566324800289869,22.1893448920946,NA,0,0,0,0,0,0,NA,NA
"Durio_zibethinus","Durio","Malvaceae","Malvales",1,54.45,0.1611094365,0.305,112.515,49.965,21.24,NA,NA,NA,NA,NA,NA,NA,NA,27.47916603,2255,3.083,101.583,112.82,11.9463162437985,0.562155309208083,NA,NA,NA,0,1,9.31789678759058,NA,NA,0.00023006800012539,NA,0.562448506150548,22.3431835716377,NA,0,0,0,0,0,0,1.73599788409179,-3.63814378261516
"Dussia_pelosblancos","Dussia","Fabaceae","Fabales",1,98.7,NA,NA,59.09,35.94,15.19,NA,NA,NA,NA,NA,NA,NA,NA,25.08749962,3338,-0.7,-76.3953,59.09,8.67383029542608,0.571778570772986,NA,NA,NA,0,1,8.68422145198058,NA,NA,NA,NA,0.577039654324715,21.8825972211466,NA,0,0,0,0,0,0,1.99431715266964,NA
"Dysoxylum_?pettisgrewianum","Dysoxylum","Meliaceae","Sapindales",1,NA,NA,0.15,58.07,37.96,16.46,NA,NA,NA,NA,NA,NA,NA,NA,23.6875,3054,-16.144616,145.430116,58.22,8.60976226701302,0.523071826671508,NA,NA,NA,0,1,8.66939912430557,NA,NA,NA,NA,0.506418173514018,24.8142173239194,NA,0,0,0,0,0,0,NA,NA
"Dysoxylum_arborescens","Dysoxylum","Meliaceae","Sapindales",1,NA,NA,0.05,33.29,32.61,12.5,NA,NA,NA,NA,NA,NA,NA,NA,23.6875,3054,-16.144616,145.430116,33.34,6.51535159615123,0.521228127692098,NA,NA,NA,0,1,8.11192806331074,NA,NA,NA,NA,0.393388863782927,31.9438900570742,NA,0,0,0,0,0,0,NA,NA
"Dysoxylum_papuanum","Dysoxylum","Meliaceae","Sapindales",1,75.98246558,0.15,0.01,25.21875,22.46,9.74,NA,NA,NA,NA,NA,NA,NA,NA,24.61875,2486.05,-16.123933,145.43814135,25.22375,5.60640751966417,0.490690129267586,NA,NA,NA,0,1,7.78942203027509,NA,NA,0.000692147965854034,NA,0.446653405629916,28.1345008365867,NA,0,0,0,0,0,0,1.88071338201174,-3.15980105310875
"Dysoxylum_richii","Dysoxylum","Meliaceae","Sapindales",1,44.65,0.064731454,0.04,31.225,30.955,13.335,NA,NA,NA,NA,NA,NA,NA,NA,25.32083321,2450,-16.633333,179.083333,31.265,6.27941078312853,0.471664274659993,NA,NA,NA,0,1,8.02855524457758,NA,NA,0.000134031500723234,NA,0.406590648553053,30.9206064198003,NA,0,0,0,0,0,0,1.64982146322457,-3.87279311967615
"Dysoxylum_schiffneri","Dysoxylum","Meliaceae","Sapindales",1,NA,NA,0.31,172.38,62.2,26.29,NA,NA,NA,NA,NA,NA,NA,NA,23.6875,3054,-16.144616,145.430116,172.69,14.8282074769783,0.564024628260871,NA,NA,NA,0,1,9.75666826558467,NA,NA,NA,NA,0.559907095280041,22.4436709595081,NA,0,0,0,0,0,0,NA,NA
"Elaeagnus_angustifolia","Elaeagnus","Elaeagnaceae","Rosales",1,101.5426667,0.094058212,0.05,10.194483335,16.64,7.24,NA,NA,NA,NA,NA,NA,NA,NA,16.12916756,784,36.416864,-5.581529,10.219483335,3.60717843167728,0.499704258403134,NA,NA,NA,0,1,6.92944868163625,NA,NA,0.000867826382332307,NA,0.46427880059379,27.0664320625611,NA,0,0,0,0,0,0,2.00664856460224,-3.06156715124855
"Elaeagnus_pungens","Elaeagnus","Elaeagnaceae","Rosales",1,118,0.1094959485,0.095,8.295,11.485,4.105,NA,NA,NA,NA,NA,NA,NA,NA,19.19166565,3068,30.3492,130.6644,8.39,3.17443076608874,0.770504818419249,NA,NA,NA,0,1,6.6118973921068,NA,NA,0.00168436456571659,NA,0.735042561742808,17.183022323825,NA,0,0,0,0,0,0,2.07188200730613,-2.7735639034876
"Elaeocarpus_angustifolius","Elaeocarpus","Elaeocarpaceae","Oxalidales",0,NA,NA,0.04,37.55,38.88,13.7,NA,37.55,38.88,37.14,31.28,0,91,NA,23.6875,3054,-16.144616,145.430116,37.59,6.91816987985947,0.504975903639377,38.88,31.28,91,2.90920716112532,1.24296675191816,8.23190824356418,0.217501063915128,1.06788059083974,NA,NA,0.312152841660889,40.2571078561918,0.409999999999997,0.0105452674897118,0.0131074168797953,0.010918774966711,0.00450549450549447,2.42343541944075,2.34053497942387,NA,NA
"Elaeocarpus_bitidus","Elaeocarpus","Elaeocarpaceae","Oxalidales",0,NA,0.246303207,0.035,20.535,19.715,7.485,NA,20.535,19.715,19.835,19.02,0,18,NA,20.72083282,4667,21.3279,-157.755,20.57,5.09355782858928,0.68074149413663,19.715,19.02,18,0.951761938416128,1.03619595595566,7.61002375331072,0.0355515143466828,-0.050822491919788,0.00296157719207612,NA,0.659761245089127,19.0607684775781,0.699999999999999,0.0351507005602919,0.0364332601796799,0.0340408655918613,0.0385758513931888,0.900730358528445,0.918673011953416,NA,-2.52847694320004
"Elaeocarpus_chelonimorphus","Elaeocarpus","Elaeocarpaceae","Oxalidales",0,43.85,0.0764169085,0.28,43.355,32.99,12.675,NA,43.355,32.99,42.78,30.81,0,74,NA,25.32083321,2450,-16.633333,179.083333,43.635,7.4460758104645,0.587184815300797,32.99,30.81,74,2.40372336793945,1.07135120646595,8.37692607182298,0.0678503152411326,0.874834836057918,0.00013829990628256,NA,0.499214366308721,25.1858192378832,0.574999999999999,0.0174967747965343,0.0186479211462585,0.0134701868327154,0.00782600732600731,1.71272621767671,2.24158080229374,1.64196959770206,-3.85917811418556
"Elaeocarpus_dentatus","Elaeocarpus","Elaeocarpaceae","Oxalidales",0,167.2832948,0.135,0.215,17.6538,23.34,9.105,NA,17.84,23.34,17.125,21.755,0,44,NA,9.920833588,1596,-38.8,176.4,17.7613,4.75513029415019,0.526769662261189,23.34,21.755,44,2.02571567200388,1.07387190684134,7.48191681981681,0.0711094145400867,0.70547465000066,0.0010433602784584,NA,0.41237936699009,30.5402369779092,0.715,0.0306636010509107,0.0329451722464823,0.0400923466924191,0.0162558139534884,2.46635079671656,1.88596019661845,2.2234525737274,-2.98156570122942
"Elaeocarpus_japonicus","Elaeocarpus","Elaeocarpaceae","Oxalidales",0,99.7,0.12714653825,0.24,18.065,22.3075,9.5775,NA,18.065,22.3075,17.7525,21.7875,0,34.75,NA,18.57291603,3066,30.3296,130.6472,18.305,4.81000608849327,0.505420019654383,22.3075,21.7875,34.75,1.59573024566824,1.02381829172937,7.49805603907849,0.023534064736602,0.438487842842859,0.000912912750438426,NA,0.45829155888362,28.3426870999471,0.3125,0.013942785755804,0.0142837406780051,0.0183165849305892,0.00978914642780188,1.9040018057177,1.55897510738588,1.99869515831166,-3.03957072719057
"Elaeocarpus_sylvestris","Elaeocarpus","Elaeocarpaceae","Oxalidales",0,114.8,0.1317509075,0.295,18.285,19.78,8.105,NA,18.285,19.78,17.93,19.175,0,31.5,1,17.95416641,3064,30.31,130.63,18.58,4.84562069792054,0.596914236805514,19.78,19.175,32,1.67016400579043,1.03112631820153,7.51220022677925,0.0306358825664781,0.512863266852927,0.000953993498739978,NA,0.582127117073511,21.5930730565731,0.355,0.0179193281737218,0.0184791578823023,0.0196729196729196,0.0112424242424242,1.78460428460428,1.6198971849837,2.05994188806195,-3.02045458490908
"Eleutherococcus_sciadophylloides","Eleutherococcus","Araliaceae","Apiales",0,39.7,0.07083569,0.14,44.15,36.81,12.03,NA,44.15,36.81,43.46,29.325,0,58.5,NA,6.700000286,1960,36.7198,139.4699,44.29,7.4839384504709,0.621577195236329,36.81,29.325,58.5,2.02423458383203,1.25941100592543,8.38227242859626,0.229609900181227,0.68495710923812,0.000113658500194828,NA,0.406678000932843,31.2843354249087,0.690000000000005,0.0185949174123828,0.023105693330375,0.0152207143586357,0.0124821746880571,1.39070991224495,1.59603413995728,1.59879050676312,-3.94439807907967
"Elytranthe_tetrapetala","Elytranthe","Loranthaceae","Santalales",1,257.75,0.096426445,0.02,1.94,5.695,2.165,NA,NA,NA,NA,NA,NA,NA,NA,9.470833778,2835,-40.88825164,172.3501599,1.96,1.56765855416852,0.729651462733095,NA,NA,NA,0,1,5.24719024952866,NA,NA,0.00490900699003348,NA,0.747690489866962,16.8688591078909,NA,0,0,0,0,0,0,2.41119867395555,-2.30900634949907
"Elytropus_chilensis","Elytropus","Apocynaceae","Gentianales",1,NA,NA,0.1375,18.08,16.9625,6.6275,NA,NA,NA,NA,NA,NA,NA,NA,11.208333495,1139.5,-36.8335,-72.8496,18.2175,4.68100908292819,0.701256339803578,NA,NA,NA,0,1,7.38094638026661,NA,NA,NA,NA,0.740695698139349,17.0353490035906,NA,0,0,0,0,0,0,NA,NA
"Embothrium_coccineum","Embothrium","Proteaceae","Proteales",1,NA,NA,0.0425,6.625,13.2125,5.9025,NA,NA,NA,NA,NA,NA,NA,NA,9.6208333975,1604.5,-39.04195,-73.27215,6.6675,2.74929213158927,0.491181099350067,NA,NA,NA,0,1,6.28231530713356,NA,NA,NA,NA,0.463234571955157,28.6866571753094,NA,0,0,0,0,0,0,NA,NA
"Endiandra_insignis","Endiandra","Lauraceae","Laurales",1,NA,NA,0.24,139.2,52.73,22.12,NA,NA,NA,NA,NA,NA,NA,NA,23.6875,3054,-16.144616,145.430116,139.44,13.3244332756733,0.602370401251055,NA,NA,NA,0,1,9.54280458719986,NA,NA,NA,NA,0.629120093895062,19.9745179597701,NA,0,0,0,0,0,0,NA,NA
"Endiandra_leptodendron","Endiandra","Lauraceae","Laurales",1,NA,NA,0.22,136.04,50.89,17.61,NA,NA,NA,NA,NA,NA,NA,NA,23.6875,3054,-16.144616,145.430116,136.26,13.1716217819072,0.747962622481956,NA,NA,NA,0,1,9.51973501133361,NA,NA,NA,NA,0.660102816120808,19.0369898559247,NA,0,0,0,0,0,0,NA,NA
"Endiandra_microneura","Endiandra","Lauraceae","Laurales",1,NA,NA,0.09,107.46,63.64,28.88,NA,NA,NA,NA,NA,NA,NA,NA,23.6875,3054,-16.144616,145.430116,107.55,11.7020046588722,0.405194067135464,NA,NA,NA,0,1,9.28312604170183,NA,NA,NA,NA,0.333423616890775,37.68890377815,NA,0,0,0,0,0,0,NA,NA
"Endlicheria_sericea","Endlicheria","Lauraceae","Laurales",1,95.9,0.210116523,1.905,319.96,83.575,34.29,NA,NA,NA,NA,NA,NA,NA,NA,25.08749962,3338,-0.7,-76.3953,321.865,20.2330962251711,0.590055276208233,NA,NA,NA,0,1,10.3771866759672,NA,NA,0.000137170109306352,NA,0.574861080564556,21.8669141469598,NA,0,0,0,0,0,0,1.98181860717066,-3.8627405152881
"Endlicheria_tschudyana","Endlicheria","Lauraceae","Laurales",1,70.5,0.20965941075,0.755,143.3475,56.4575,24.3375,NA,NA,NA,NA,NA,NA,NA,NA,25.09583282,3334,-0.6859,-76.3953,144.1025,13.5032115558099,0.555331649739205,NA,NA,NA,0,1,9.56309303864107,NA,NA,0.000314696750336046,NA,0.562172793710048,22.4066462332067,NA,0,0,0,0,0,0,1.8481891169914,-3.50210774173378
"Englerophytum_natalens","Englerophytum","Sapotaceae","Ericales",NA,69.54239147,0.12,NA,20.4192,NA,NA,NA,NA,NA,NA,NA,NA,NA,NA,21.06666667,943,-28.07206667,32.03855,20.4192,5.09887565173502,NA,NA,NA,NA,NA,NA,7.62164582067998,NA,NA,0.000705218617771509,NA,NA,NA,NA,NA,NA,NA,NA,NA,NA,1.84224962141147,-3.15167623084705
"Enkianthus_subsessilis","Enkianthus","Ericaceae","Ericales",0,29.75,0.059509728,0.02,3.01,8.255,3.25,NA,3.01,8.255,2.945,7.81,0,62,NA,6.700000286,1960,36.7198,139.4699,3.03,1.96363328709426,0.604217190706208,8.255,7.81,62,7.93650012709814,1.05684731002927,5.71266423099486,0.0552663605015993,2.07136955076818,0.00118966580976976,NA,0.554807056027644,22.6502055749129,0.0650000000000002,0.00783372244981868,0.00829089895287531,0.021409214092141,0.00104166666666667,20.611691831204,7.50921398469965,1.47348697006457,-2.92457501957913
"Epacris_lanuginosa","Epacris","Ericaceae","Ericales",1,NA,0.0372097585,0,0.045,1.31,0.575,NA,NA,NA,NA,NA,NA,NA,NA,8.095833778,1890,-42.8,146.4,0.045,0.238994542810559,0.4154208920645,NA,NA,NA,0,1,1.497866136777,NA,NA,0.0307701331213204,NA,0.328419310079445,38.264,NA,0,0,0,0,0,0,NA,-1.5118706248533
"Eremophila_deserti","Eremophila","Scrophulariaceae","Lamiales",1,NA,0.101873614666667,0.09,3.82,16.12,7.31666666666667,NA,NA,NA,NA,NA,NA,NA,NA,17.35833359,415,-32.966,146.15472,3.85,2.19167166210216,0.303944516340567,NA,NA,NA,0,1,5.91260474523881,NA,NA,0.00285182925106185,NA,0.188503715269528,68.9743933059,NA,0,0,0,0,0,0,NA,-2.54487648076321
"Eremophila_glabra","Eremophila","Scrophulariaceae","Lamiales",1,173.1263901,0.120149682888889,0.0666666666666667,2.87887777777778,14.7616666666667,6.54666666666667,NA,NA,NA,NA,NA,NA,NA,NA,17.3972218833333,409,-32.97292,146.148793333333,2.91665555555556,1.82811817049324,0.343319433336155,NA,NA,NA,0,1,5.4393285551223,NA,NA,0.00546141223619754,NA,0.22970294842074,57.1138123266192,NA,0,0,0,0,0,0,2.23836327354404,-2.26269504097977
"Eremophila_mitchelli","Eremophila","Scrophulariaceae","Lamiales",1,196.527568,0.0757166813333333,0.05,2.86733333316667,18.7833333333333,8.60333333333333,NA,NA,NA,NA,NA,NA,NA,NA,17.41666603,406,-32.97638,146.14583,2.89233333316667,1.72700155356456,0.289902688121451,NA,NA,NA,0,1,5.21644546033631,NA,NA,0.0027350616629798,NA,0.17486587398897,76.7561349653883,NA,0,0,0,0,0,0,2.29342347985396,-2.56303287788997
"Eriostemon_australasius","Eriostemon","Rutaceae","Sapindales",1,153.408174,0.11098524325,0.03,2.93440000016667,17.2833333333333,7.87666666666667,NA,NA,NA,NA,NA,NA,NA,NA,17.010416795,867.5,-33.27476389,148.721,2.93940000016667,1.82606120326292,0.313273152774036,NA,NA,NA,0,1,5.44596205984969,NA,NA,0.00447472849107623,NA,0.20113278441287,64.1677911268701,NA,0,0,0,0,0,0,2.18584850060722,-2.34923331082955
"Eriotheca_macrophylla","Eriotheca","Malvaceae","Malvales",1,NA,NA,NA,89.16,46.86,19.21,NA,NA,NA,NA,NA,NA,NA,NA,26.97500038,2237,-3,-58.97,89.16,10.6546721117352,0.55464196313041,NA,NA,NA,0,1,9.09560269450576,NA,NA,NA,NA,0.510241002647102,24.6283041722746,NA,0,0,0,0,0,0,NA,NA
"Erithalis_fruticosa","Erithalis","Rubiaceae","Gentianales",1,220.975,0.181836204,0.14,14.665,15.9,6.0125,NA,NA,NA,NA,NA,NA,NA,NA,25.69583321,1107.5,17.966109985,-67.035481645,14.735,4.32715888869221,0.71996810735192,NA,NA,NA,0,1,7.29148213059021,NA,NA,0.00240053396438561,NA,0.727494385400094,17.2771052130899,NA,0,0,0,0,0,0,2.34434314257109,-2.61969214495793
"Erythrina_costaricensis","Erythrina","Fabaceae","Fabales",1,24.4,NA,NA,60.4,33.63,12.47,NA,NA,NA,NA,NA,NA,NA,NA,26.39583397,2496,9.17,-79.85,60.4,8.76947367303214,0.70324568348293,NA,NA,NA,0,1,8.70615929092886,NA,NA,NA,NA,0.671109007714741,18.7247831125828,NA,0,0,0,0,0,0,1.38738982633873,NA
"Erythrina_herbacea","Erythrina","Fabaceae","Fabales",1,40.8666666666667,0.0838341256666667,0.04,18.9866666666667,18.9966666666667,6.19666666666667,NA,NA,NA,NA,NA,NA,NA,NA,23.32500076,1309,26.17,-81.34,19.0266666666667,4.90265019924552,0.79117113642929,NA,NA,NA,0,1,7.5354435834822,NA,NA,0.000397319995104361,NA,0.655660450015396,19.1700199266615,NA,0,0,0,0,0,0,1.61136921546273,-3.40085957855153
"Erythrospermum_acuminatissimum","Erythrospermum","Achariaceae","Malpighiales",0.5,123.425,0.1430819595,0.2075,46.715,31.6075,13.2625,NA,57.63,34.86,57.295,34.655,0,10,NA,24.893750195,2716,-16.691674425,179.0516422,46.9225,7.66545294424111,0.57672983537241,34.86,34.655,10,0.147703166325091,1.00306874404751,8.42067460149747,0.00611292808941669,-1.28790953084154,0.000440621072873963,NA,0.576287082146375,21.8293251583945,0.335000000000001,0.00489823564395693,0.00493350775840373,0.00305770763101441,0.0170054945054945,0.0918158136684033,0.146624925659155,2.09140313589157,-3.35593473638627
"Erythroxylum_areolatum","Erythroxylum","Erythroxylaceae","Malpighiales",1,65.9833333333333,0.0748411598333333,0.0316666666666667,13.1116666666667,14.775,5.65,NA,NA,NA,NA,NA,NA,NA,NA,25.7902774833333,1017.33333333333,17.9556716566667,-67.00016843,13.1433333333333,4.04262242665405,0.71548614585786,NA,NA,NA,0,1,7.13432304280523,NA,NA,0.000460870680209384,NA,0.737470705078424,17.0700556015115,NA,0,0,0,0,0,0,1.81943425136856,-3.33642092005579
"Erythroxylum_macrophyllum","Erythroxylum","Erythroxylaceae","Malpighiales",1,NA,NA,NA,118.08,48.82,20.21,NA,NA,NA,NA,NA,NA,NA,NA,26.97500038,2237,-3,-58.97,118.08,12.2614895278807,0.606704083517105,NA,NA,NA,0,1,9.37653254684025,NA,NA,NA,NA,0.622573539356562,20.1845562330623,NA,0,0,0,0,0,0,NA,NA
"Erythroxylum_multiflorum","Erythroxylum","Erythroxylaceae","Malpighiales",1,NA,0.213637467,NA,165.69,59.08,25.1,NA,NA,NA,NA,NA,NA,NA,NA,26.39583397,2496,9.17,-79.85,165.69,14.524567469194,0.578668026661116,NA,NA,NA,0,1,9.7152887585693,NA,NA,0.000275459999433738,NA,0.596520246548743,21.0661258977609,NA,0,0,0,0,0,0,NA,-3.55994145774311
"Erythroxylum_rotundifolium","Erythroxylum","Erythroxylaceae","Malpighiales",1,146,0.059669355,0.015,1.42,4.57,1.475,NA,NA,NA,NA,NA,NA,NA,NA,25.17499924,1157,17.96999997,-66.87083829,1.435,1.35165087928202,0.91735129792293,NA,NA,NA,0,1,4.96618325604325,NA,NA,0.00248188393371025,NA,0.854452489399745,14.7078214285714,NA,0,0,0,0,0,0,2.16435285578444,-2.60521853231666
"Escallonia_illinita","Escallonia","Escalloniaceae","Escalloniales",0,NA,NA,0.065,5.95,10.755,4.455,NA,5.95,10.755,5.805,10.595,0,21,NA,10.28333378,1416,-37.8412,-73.1959,6.015,2.76720492023505,0.621207467485501,10.755,10.595,21,1.981465050315,1.01510786367912,6.39913589168081,0.0149930548085219,0.679589862231809,NA,NA,0.646459183573068,19.455905166931,0.145,0.0134827759709103,0.0136874091336697,0.0243647691007409,0.0069908466819222,3.54101122483881,1.95232463443353,NA,NA
"Escallonia_pulverulenta","Escallonia","Escalloniaceae","Escalloniales",0,NA,NA,0.095,13.3425,17.035,6.435,NA,13.3425,17.035,13.24,15.725,0,51,NA,11.208333495,1139.5,-36.8335,-72.8496,13.4375,4.01816823399,0.63594352383391,17.035,15.725,51,2.73980875818912,1.06624473602596,7.0793612106054,0.0622295768191695,0.62059262879858,NA,NA,0.58431906833629,22.33126650513,0.1025,0.00501353052812688,0.00554013622899595,0.00623159535400925,0.00214514068553626,3.0616840517664,2.47579921666528,NA,NA
"Eschweilera_atropetiolata","Eschweilera","Lecythidaceae","Ericales",1,NA,NA,NA,202.59,67.17,28.73,NA,NA,NA,NA,NA,NA,NA,NA,26.97500038,2237,-3,-58.97,202.59,16.0606848972233,0.559021402618284,NA,NA,NA,0,1,9.91635441824295,NA,NA,NA,NA,0.564257281101384,22.2706397156819,NA,0,0,0,0,0,0,NA,NA
"Eschweilera_bracteosa","Eschweilera","Lecythidaceae","Ericales",1,65,0.199308156,0.42,114.635,50.63,21.785,NA,NA,NA,NA,NA,NA,NA,NA,25.09583282,3334,-0.6859,-76.3953,115.055,12.0548730119956,0.552501262146704,NA,NA,NA,0,1,9.33444175690975,NA,NA,0.000345317999947722,NA,0.556313853281979,22.6096031244815,NA,0,0,0,0,0,0,1.81291335664286,-3.46178078315004
"Eschweilera_cf. romeu-cardosoi","Eschweilera","Lecythidaceae","Ericales",1,NA,NA,NA,89.895,43.5,17.99,NA,NA,NA,NA,NA,NA,NA,NA,26.97500038,2237,-3,-58.97,89.895,10.4737947909359,0.590300497497596,NA,NA,NA,0,1,9.01702196784817,NA,NA,NA,NA,0.579203742805206,21.7498463502943,NA,0,0,0,0,0,0,NA,NA
"Eschweilera_coriacea","Eschweilera","Lecythidaceae","Ericales",1,74.7,0.20539313,0.855,102.68,48.27,20.76,NA,NA,NA,NA,NA,NA,NA,NA,25.09583282,3334,-0.6859,-76.3953,103.535,11.4813281288707,0.553077923569906,NA,NA,NA,0,1,9.24501981422419,NA,NA,0.000408967500531321,NA,0.553781171333186,22.6979286082581,NA,0,0,0,0,0,0,1.8733206018154,-3.38831120275234
"Eschweilera_giga","Eschweilera","Lecythidaceae","Ericales",1,81.3,0.200959509,0.91,141.08,54.735,23.19,NA,NA,NA,NA,NA,NA,NA,NA,25.08749962,3338,-0.7,-76.3953,141.99,13.3941998239083,0.576748962003182,NA,NA,NA,0,1,9.54551225843747,NA,NA,0.000290246499491119,NA,0.586059397914643,21.672809214369,NA,0,0,0,0,0,0,1.91009054559407,-3.5372330093529
"Eschweilera_grandifolia","Eschweilera","Lecythidaceae","Ericales",1,NA,NA,NA,114.79,48.19,19.46,NA,NA,NA,NA,NA,NA,NA,NA,26.97500038,2237,-3,-58.97,114.79,12.0894651387127,0.621246923880405,NA,NA,NA,0,1,9.3482745580655,NA,NA,NA,NA,0.621155117094944,20.2306481400819,NA,0,0,0,0,0,0,NA,NA
"Eschweilera_pedicellata","Eschweilera","Lecythidaceae","Ericales",1,NA,NA,NA,12.88,17.06,6.91,NA,NA,NA,NA,NA,NA,NA,NA,26.97500038,2237,-3,-58.97,12.88,4.04960804722987,0.586050368629503,NA,NA,NA,0,1,7.1608459066643,NA,NA,NA,NA,0.556118923463516,22.5965527950311,NA,0,0,0,0,0,0,NA,NA
"Eschweilera_pseudodecolorans","Eschweilera","Lecythidaceae","Ericales",1,NA,NA,NA,44.105,36.04,13.84,NA,NA,NA,NA,NA,NA,NA,NA,26.97500038,2237,-3,-58.97,44.105,7.48604086950346,0.542702190313793,NA,NA,NA,0,1,8.38762411443493,NA,NA,NA,NA,0.425717333576013,29.5193283791818,NA,0,0,0,0,0,0,NA,NA
"Eschweilera_romeu-cardosoi","Eschweilera","Lecythidaceae","Ericales",0.5,NA,NA,NA,63.61,39.422,16.598,NA,52.775,34.435,52.76,34.435,0,1,0,26.97500038,2237,-3,-58.97,63.61,8.77581033286841,0.541052667517034,34.435,34.435,1,0.0291877926309936,1,8.66224758039352,0,-2.64293384496537,NA,NA,0.506272912004896,25.8488197818892,0.00599999999999881,0.000175656645175736,0.000175656645175736,0.00011782776730305,0.00233333333333287,0.0194187568609878,0.0291877926309936,NA,NA
"Eschweilera_wachenheimii","Eschweilera","Lecythidaceae","Ericales",1,NA,NA,NA,33.08,26.9533333333333,11.0666666666667,NA,NA,NA,NA,NA,NA,NA,NA,26.97500038,2237,-3,-58.97,33.08,6.25838418898735,0.565853771011202,NA,NA,NA,0,1,7.94693468548596,NA,NA,NA,NA,0.533423892460983,23.5610866745428,NA,0,0,0,0,0,0,NA,NA
"Eucalyptus_dumosa","Eucalyptus","Myrtaceae","Myrtales",1,356.9681895,0.180669668833333,0.75,24.719966665,38.2133333333333,16.9466666666667,NA,NA,NA,NA,NA,NA,NA,NA,17.35833359,415,-32.966,146.15472,25.094966665,5.35593072354858,0.415417493918214,NA,NA,NA,0,1,7.61119233430823,NA,NA,0.00170129911620518,NA,0.327009595595073,38.7293281060043,NA,0,0,0,0,0,0,2.55262951655995,-2.76921932360259
"Eucalyptus_gammophylla","Eucalyptus","Myrtaceae","Myrtales",NA,232.8011677,0.23,NA,44.01825,NA,NA,NA,NA,NA,NA,NA,NA,NA,NA,20.24166667,324.2,-23.72461667,133.8628333,44.01825,7.48637272582915,NA,NA,NA,NA,NA,NA,8.3897745066392,NA,NA,0.00120177426408365,NA,NA,NA,NA,NA,NA,NA,NA,NA,NA,2.36698515434724,-2.92017710061079
"Eucalyptus_gillenii","Eucalyptus","Myrtaceae","Myrtales",NA,277.0371175,0.26,NA,26.30642857,NA,NA,NA,NA,NA,NA,NA,NA,NA,NA,20.24166667,324.2,-23.72461667,133.8628333,26.30642857,5.78743338070296,NA,NA,NA,NA,NA,NA,7.87498352762249,NA,NA,0.00256971408414943,NA,NA,NA,NA,NA,NA,NA,NA,NA,NA,2.44253795984246,-2.59011519518382
"Eucalyptus_gummifera","Eucalyptus","Myrtaceae","Myrtales",1,NA,0.349119594333333,1.27333333333333,108.706666666667,59.92,24.5066666666667,NA,NA,NA,NA,NA,NA,NA,NA,16.92083359,1323,-33.578,151.292,109.98,11.7954634277613,0.485430003215792,NA,NA,NA,0,1,9.29244149464195,NA,NA,0.00139623904491491,NA,0.390616564742453,33.0577018511689,NA,0,0,0,0,0,0,NA,-2.85504022139767
"Eucalyptus_haemostoma","Eucalyptus","Myrtaceae","Myrtales",1,275.3981644,0.214424177333333,0.936666666666667,50.9698833333333,56.9066666666667,24.4433333333333,NA,NA,NA,NA,NA,NA,NA,NA,17.010416795,867.5,-33.27476389,148.721,51.4382166666667,7.58130466163708,0.425291180197365,NA,NA,NA,0,1,8.26670621311024,NA,NA,0.00137089693923622,NA,0.325462972807845,38.6545187548632,NA,0,0,0,0,0,0,2.4399610412455,-2.86299519320713
"Eucalyptus_incrassata","Eucalyptus","Myrtaceae","Myrtales",NA,361.9991751,0.24,NA,14.3039,NA,NA,NA,NA,NA,NA,NA,NA,NA,NA,14.04166667,363.2,-35.23505,139.1322333,14.3039,4.26758610035431,NA,NA,NA,NA,NA,NA,7.26570241334336,NA,NA,0.00402687378966575,NA,NA,NA,NA,NA,NA,NA,NA,NA,NA,2.55870758089249,-2.39503198184295
"Eucalyptus_intertexta","Eucalyptus","Myrtaceae","Myrtales",1,151.0482327,0.14777616,0.723333333333333,24.0530166665,35.5133333333333,15.1433333333333,NA,NA,NA,NA,NA,NA,NA,NA,17.41666603,406,-32.97638,146.14583,24.4146833331667,4.98857039758108,0.478715721650104,NA,NA,NA,0,1,7.32563370127732,NA,NA,0.00132646125841217,NA,0.406936997472115,30.9242886774742,NA,0,0,0,0,0,0,2.17911564829101,-2.87730542981548
"Eucalyptus_marginata","Eucalyptus","Myrtaceae","Myrtales",NA,113.23819,0.1911,NA,24.6295,NA,NA,NA,NA,NA,NA,NA,NA,NA,NA,17.16666667,1079.9,-32.02021667,116.0435667,24.6295,5.59993333594737,NA,NA,NA,NA,NA,NA,7.80911509746787,NA,NA,0.00148274264601393,NA,NA,NA,NA,NA,NA,NA,NA,NA,NA,2.05399291898259,-2.82893422126765
"Eucalyptus_miniata","Eucalyptus","Myrtaceae","Myrtales",NA,172.1281103,0.27,NA,71.5165,NA,NA,NA,NA,NA,NA,NA,NA,NA,NA,27.60833333,1562.1,-12.45230556,131.1080278,71.5165,9.54241247803994,NA,NA,NA,NA,NA,NA,8.8750983782957,NA,NA,0.00101934518607594,NA,NA,NA,NA,NA,NA,NA,NA,NA,NA,2.23585180089852,-2.99167872372435
"Eucalyptus_nitida","Eucalyptus","Myrtaceae","Myrtales",1,194.519204,0.11635162875,0.135,16.0002,33.48,14.05,NA,NA,NA,NA,NA,NA,NA,NA,8.095833778,1890,-42.8,146.4,16.0677,4.48876263356273,0.325639373966752,NA,NA,NA,0,1,7.35189409571619,NA,NA,0.00088988363398384,NA,0.183153670098111,70.7830017409754,NA,0,0,0,0,0,0,2.28896248370554,-3.05066678034701
"Eucalyptus_obliqua","Eucalyptus","Myrtaceae","Myrtales",1,189.39307385,0.18477842475,0.4675,39.5636,33.5525,13.7175,NA,NA,NA,NA,NA,NA,NA,NA,9.693750379,1341,-42.85,146.85,39.79735,7.05882155238364,0.54122849438966,NA,NA,NA,0,1,8.25512379715007,NA,NA,0.000908414395324157,NA,0.479698709487387,26.3643467610478,NA,0,0,0,0,0,0,2.2773640927046,-3.04171599228551
"Eucalyptus_oblongifolia","Eucalyptus","Myrtaceae","Myrtales",NA,131.660887,0.29,NA,40.948,NA,NA,NA,NA,NA,NA,NA,NA,NA,NA,11.64166667,959.4,-42.90863333,155.6333333,40.948,7.22056873645113,NA,NA,NA,NA,NA,NA,8.31747315504562,NA,NA,0.00205382436260623,NA,NA,NA,NA,NA,NA,NA,NA,NA,NA,2.11945677660983,-2.68743669881683
"Eucalyptus_paniculata","Eucalyptus","Myrtaceae","Myrtales",1,NA,0.189154477333333,0.47,86.46,43.7133333333333,18.1966666666667,NA,NA,NA,NA,NA,NA,NA,NA,16.70416641,1278,-33.6938,151.14305,86.93,10.3393973730382,0.566848724976916,NA,NA,NA,0,1,9.00205942866204,NA,NA,0.000437177807748726,NA,0.546395165241579,23.3202739310971,NA,0,0,0,0,0,0,NA,-3.35934189204916
"Eucalyptus_platyphylla","Eucalyptus","Myrtaceae","Myrtales",NA,139.4597183,0.2577,NA,45.1098,NA,NA,NA,NA,NA,NA,NA,NA,NA,NA,23.075,967.7,-19.33671667,146.75485,45.1098,7.57862660480738,NA,NA,NA,NA,NA,NA,8.41426970379183,NA,NA,0.00147216990543075,NA,NA,NA,NA,NA,NA,NA,NA,NA,NA,2.14444878362181,-2.83204206450069
"Eucalyptus_socialis","Eucalyptus","Myrtaceae","Myrtales",1,269.8246648,0.159249367333333,0.84,21.6366666668333,36.8166666666667,15.7333333333333,NA,NA,NA,NA,NA,NA,NA,NA,17.35833359,415,-32.966,146.15472,22.0566666668333,4.8544754560685,0.451628143922078,NA,NA,NA,0,1,7.31113337204045,NA,NA,0.00179852602790211,NA,0.36413778071439,36.5435173048378,NA,0,0,0,0,0,0,2.43108164621408,-2.74508327277876
"Eucalyptus_umbra","Eucalyptus","Myrtaceae","Myrtales",1,205.8,0.294444433,1.10666666666667,74.7235,52,21.4333333333333,NA,NA,NA,NA,NA,NA,NA,NA,17.102083205,1213,-33.655233335,151.17985835,75.2768333333333,9.48662421509134,0.558865021771447,NA,NA,NA,0,1,8.79648185387842,NA,NA,0.00116593872208958,NA,0.515103812173282,24.6018603282501,NA,0,0,0,0,0,0,2.31344537042641,-2.93332427406901
"Euclea_undulata","Euclea","Ebenaceae","Ericales",NA,255.3554797,0.1,NA,1.9326,NA,NA,NA,NA,NA,NA,NA,NA,NA,NA,15.75,807.2,-33.60948333,19.45733333,1.9326,1.56864997502795,NA,NA,NA,NA,NA,NA,5.26403643257116,NA,NA,0.00517437648763324,NA,NA,NA,NA,NA,NA,NA,NA,NA,NA,2.40714518186236,-2.28614197520334
"Eucryphia_cordifolia","Eucryphia","Cunoniaceae","Oxalidales",0,NA,NA,0.17,21.52,23.035,8.275,NA,21.52,23.035,20.79,20.28,0,35,NA,8.958333015,1793,-40.2427,-73.3484,21.69,5.18665316419219,0.626859142272004,23.035,20.28,35,1.72825740681746,1.13978376871615,7.62883736262399,0.130580042528752,0.547071146998329,NA,NA,0.492000599405423,25.6806898884387,0.73,0.0318888597108305,0.036385990761389,0.0368558089856338,0.0210416666666667,1.73154727304801,1.51676918388119,NA,NA
"Eucryphia_lucida","Eucryphia","Cunoniaceae","Oxalidales",1,180.9475806,0.1278000785,0.05,2.5229,8.15,3.26,NA,NA,NA,NA,NA,NA,NA,NA,8.220832825,2634,-41.8,145.6,2.5479,1.79095265055674,0.564613271879991,NA,NA,NA,0,1,5.51816323561671,NA,NA,0.00657561212387469,NA,0.493922433320149,25.4422348484849,NA,0,0,0,0,0,0,2.25755278065177,-2.18206381247364
"Eugenia_alparata","Eugenia","Myrtaceae","Myrtales",1,NA,NA,NA,4.1,9.35,3.67,NA,NA,NA,NA,NA,NA,NA,NA,19.32500076,629,-24.58,-64.7,4.1,2.28479367414525,0.622559584235764,NA,NA,NA,0,1,6.01615715969835,NA,NA,NA,NA,0.589346215435072,21.3225609756098,NA,0,0,0,0,0,0,NA,NA
"Eugenia_axillaris","Eugenia","Myrtaceae","Myrtales",1,105,0.109070843,0.02,5.125,10.425,4.36,NA,NA,NA,NA,NA,NA,NA,NA,23.96249962,1997,18.4095,-66.9706,5.145,2.55936914731444,0.587539857897182,NA,NA,NA,0,1,6.24305906667619,NA,NA,0.00232169499505379,NA,0.593378429171696,21.2084281601316,NA,0,0,0,0,0,0,2.02118929906994,-2.63419483484102
"Eugenia_biflora","Eugenia","Myrtaceae","Myrtales",1,109.4,0.061060245,0.02,3.05,8.13,3.29,NA,NA,NA,NA,NA,NA,NA,NA,20.09166718,2083,18.15399777,-66.80487416,3.06,1.97385475772103,0.603093678553496,NA,NA,NA,0,1,5.7235797620973,NA,NA,0.00122241098998689,NA,0.585033179068661,21.7253451371196,NA,0,0,0,0,0,0,2.03901732199741,-2.91278275426151
"Eugenia_coloradensis","Eugenia","Myrtaceae","Myrtales",1,85.4,NA,NA,35.11,26.65,11.03,NA,NA,NA,NA,NA,NA,NA,NA,26.39583397,2496,9.17,-79.85,35.11,6.68606314774633,0.606170729623421,NA,NA,NA,0,1,8.16365617616843,NA,NA,NA,NA,0.621221197962822,20.2284961549416,NA,0,0,0,0,0,0,1.931457870689,NA
"Eugenia_confusa","Eugenia","Myrtaceae","Myrtales",1,224.9,0.111938216,0.07,9.01,14.26,5.51,NA,NA,NA,NA,NA,NA,NA,NA,22.53333282,2174,18.1702,-66.99,9.08,3.38167938273087,0.612057070400839,NA,NA,NA,0,1,6.78933683975903,NA,NA,0.00145433700683557,NA,0.550023144321187,22.8512228641457,NA,0,0,0,0,0,0,2.35198945543563,-2.8373349447493
"Eugenia_deltocrespis","Eugenia","Myrtaceae","Myrtales",1,84.05,0.138252556,0.48,76.4,39.69,16.05,NA,NA,NA,NA,NA,NA,NA,NA,25.08749962,3338,-0.7,-76.3953,76.88,9.88313269092495,0.615753942344241,NA,NA,NA,0,1,8.94310897521011,NA,NA,0.000249052501140448,NA,0.607930963374558,20.672526354668,NA,0,0,0,0,0,0,1.92453771777549,-3.60370909245382
"Eugenia_eggersii","Eugenia","Myrtaceae","Myrtales",1,81.6,0.1599122235,0.03,15.37,19.89,7.53,NA,NA,NA,NA,NA,NA,NA,NA,20.09166718,2083,18.15399777,-66.80487416,15.4,4.38693518376463,0.586260443162954,NA,NA,NA,0,1,7.30184189352899,NA,NA,0.00166072000591728,NA,0.477639056321766,26.3269635817263,NA,0,0,0,0,0,0,1.91169015875386,-2.7797035825608
"Eugenia_florida","Eugenia","Myrtaceae","Myrtales",1,82.8,0.113365601833333,0.08,19.6058333333333,19.4225,8.03416666666667,NA,NA,NA,NA,NA,NA,NA,NA,25.19791603,4037,1.142225509,-77.29236092,19.6858333333333,4.55179606732226,0.594989237923234,NA,NA,NA,0,1,7.163952084401,NA,NA,0.00102048385897546,NA,0.556047492560377,22.9058784394325,NA,0,0,0,0,0,0,1.91803033678488,-2.99119386014274
"Eugenia_galalonensis","Eugenia","Myrtaceae","Myrtales",1,57.8,0.114285201,NA,14.83,17.91,7.39,NA,NA,NA,NA,NA,NA,NA,NA,26.39583397,2496,9.17,-79.85,14.83,4.34535872494118,0.588005240181486,NA,NA,NA,0,1,7.30182234213793,NA,NA,0.000880721993770088,NA,0.580978208902152,21.6296763317599,NA,0,0,0,0,0,0,1.76192783842053,-3.05516115813195
"Eugenia_ligustrina","Eugenia","Myrtaceae","Myrtales",1,111.675,0.079209033,0.0125,4.295,9.0475,3.6,NA,NA,NA,NA,NA,NA,NA,NA,25.577082635,997,17.952397485,-66.900190145,4.3075,2.31473636692188,0.64507734946226,NA,NA,NA,0,1,6.01872851237694,NA,NA,0.00152980449828705,NA,0.646307499726359,19.4550050927233,NA,0,0,0,0,0,0,2.04795596114388,-2.81536406639819
"Eugenia_maleolens","Eugenia","Myrtaceae","Myrtales",1,131.2,0.0859759115,0.015,2.575,8.64,3.715,NA,NA,NA,NA,NA,NA,NA,NA,25.17499924,1157,17.96999997,-66.87083829,2.59,1.81022096115678,0.486831175189647,NA,NA,NA,0,1,5.54413876872264,NA,NA,0.00299092710290122,NA,0.429906073857915,29.2839003494881,NA,0,0,0,0,0,0,2.11793383503964,-2.52419417178765
"Eugenia_minicomun","Eugenia","Myrtaceae","Myrtales",1,63,0.0480224585,0.08,9.845,15.695,6.795,NA,NA,NA,NA,NA,NA,NA,NA,25.09583282,3334,-0.6859,-76.3953,9.925,3.55373595857102,0.523409975369645,NA,NA,NA,0,1,6.89898175247338,NA,NA,0.000235804917947115,NA,0.502696278426982,25.1103666091447,NA,0,0,0,0,0,0,1.79934054945358,-3.62744714150123
"Eugenia_nesiotica","Eugenia","Myrtaceae","Myrtales",1,28.6,0.048577076,NA,12.76,18.42,7.9,NA,NA,NA,NA,NA,NA,NA,NA,26.39583397,2496,9.17,-79.85,12.76,4.03069926821894,0.510215097242903,NA,NA,NA,0,1,7.15148546390474,NA,NA,0.000184931999428666,NA,0.472586473181628,26.5906269592477,NA,0,0,0,0,0,0,1.45636603312904,-3.7329879348501
"Eugenia_oerstedeana","Eugenia","Myrtaceae","Myrtales",1,NA,0.085855292,NA,9.42,16.15,6.67,NA,NA,NA,NA,NA,NA,NA,NA,26.39583397,2496,9.17,-79.85,9.42,3.46322342787832,0.519223902230632,NA,NA,NA,0,1,6.84800527457636,NA,NA,0.00078249800046765,NA,0.453853525624758,27.6881634819533,NA,0,0,0,0,0,0,NA,-3.10651676354123
"Eugenia_padronii","Eugenia","Myrtaceae","Myrtales",1,292.8,0.1457361875,0.1,10.57,13.79,5.585,NA,NA,NA,NA,NA,NA,NA,NA,22.53333282,2174,18.1702,-66.99,10.67,3.66671852333823,0.654907593427705,NA,NA,NA,0,1,6.9516842465945,NA,NA,0.00202921161654414,NA,0.688939471139286,18.2845820915311,NA,0,0,0,0,0,0,2.46657107238635,-2.69267266015979
"Eugenia_rhombea","Eugenia","Myrtaceae","Myrtales",1,168.025,0.08137148275,0.025,4.815,9.9325,4.1675,NA,NA,NA,NA,NA,NA,NA,NA,25.577082635,997,17.952397485,-66.900190145,4.84,2.47075618458536,0.595438986855651,NA,NA,NA,0,1,6.16249464291102,NA,NA,0.0014408068130427,NA,0.610818162267491,20.6433011608203,NA,0,0,0,0,0,0,2.22537390407282,-2.84139424656564
"Eugenia_smedcostadorada","Eugenia","Myrtaceae","Myrtales",1,56.7,0.1036484005,0.185,43.18,31.47,13.555,NA,NA,NA,NA,NA,NA,NA,NA,25.09583282,3334,-0.6859,-76.3953,43.365,7.41773718856182,0.547403113537517,NA,NA,NA,0,1,8.36787269340109,NA,NA,0.000263536381664154,NA,0.546724931382166,22.993255294836,NA,0,0,0,0,0,0,1.75358305889291,-3.57915942119033
"Eugenia_stahlii","Eugenia","Myrtaceae","Myrtales",1,212.7,0.2091603795,0.085,22.47,19.62,7.455,NA,NA,NA,NA,NA,NA,NA,NA,18.68333435,1961,18.1702,-66.5703,22.555,5.35850447765395,0.719080467917771,NA,NA,NA,0,1,7.72082412481039,NA,NA,0.00196509354467317,NA,0.733640998268842,17.1321656341438,NA,0,0,0,0,0,0,2.32776748990273,-2.70661677100439
"Eugenia_stewardsonii","Eugenia","Myrtaceae","Myrtales",1,174.2,0.061963631,0.01,7.35,11.88,3.955,NA,NA,NA,NA,NA,NA,NA,NA,20.09166718,2083,18.15399777,-66.80487416,7.36,3.053074395265,0.771239825734456,NA,NA,NA,0,1,6.59054910735115,NA,NA,0.000610412013784445,NA,0.650794910518637,19.3094712127631,NA,0,0,0,0,0,0,2.24104815067164,-3.21437692743039
"Eugenia_uniflora","Eugenia","Myrtaceae","Myrtales",1,36.06598507,0.08125,NA,4.50883333316667,8.38666666666667,3.21,NA,NA,NA,NA,NA,NA,NA,NA,15.53750038,513.45,-25.67165,-65.016433335,4.50883333316667,2.38371016102882,0.675702385678428,NA,NA,NA,0,1,6.09017815819491,NA,NA,0.00124221837177709,NA,0.658574034799147,19.1134462756065,NA,0,0,0,0,0,0,1.55709779857025,-2.90580205204876
"Euodia_elleryana","Euodia","Rutaceae","Sapindales",1,NA,NA,0.05,19.07,20.58,8.65,NA,NA,NA,NA,NA,NA,NA,NA,23.6875,3054,-16.144616,145.430116,19.12,4.93399838825838,0.570404437948946,NA,NA,NA,0,1,7.55590509361135,NA,NA,NA,NA,0.565808954356295,22.2095647614053,NA,0,0,0,0,0,0,NA,NA
"Euodia_meliaefolia","Euodia","Rutaceae","Sapindales",1,46.75,0.070189239,0.12,10.14,16.065,6.87,NA,NA,NA,NA,NA,NA,NA,NA,17.95416641,3064,30.31,130.63,10.26,3.61061621058643,0.5271196033327,NA,NA,NA,0,1,6.92929795457963,NA,NA,0.000528031004437205,NA,0.493959976168346,25.4765155870117,NA,0,0,0,0,0,0,1.66978161520854,-3.27734057621492
"Euonymus_japonicus","Euonymus","Celastraceae","Celastrales",0,194.45,0.0943964355,0.185,11.29,14.48,5.725,NA,11.29,14.48,11.065,14.055,0,14,NA,19.19166565,3068,30.3492,130.6644,11.475,3.81707136199285,0.666966933028776,14.48,14.055,14,1.00772658102345,1.03065083696162,7.03979667246286,0.0301666641234086,-0.0125464694765722,0.000780964002062125,NA,0.674466176078112,18.6322928310777,0.225,0.0156678277069741,0.0161660371761713,0.0204067133582111,0.0161458333333333,1.27405523446188,0.97645976431073,2.28880794748348,-3.10736898413305
"Euonymus_sieboldianus","Euonymus","Celastraceae","Celastrales",0,75.15,0.101839638,0.065,26.165,23.66,8.84,NA,26.165,23.66,25.835,21.96,0,139.5,NA,6.700000286,1960,36.7198,139.4699,26.23,5.77801128510418,0.653573008405542,23.66,21.96,139.5,6.3543630040617,1.07724023733043,7.87137554024635,0.0743228862014951,1.84886546479077,0.000395435090652408,NA,0.58736709624619,21.3980594292,0.329999999999998,0.0139351160348036,0.0150181515304361,0.0126013513019336,0.00236740672217082,5.34127760785329,5.90142994117643,1.87592898492293,-3.4029247943028
"Eupatorium_resinifluum","Eupatorium","Asteraceae","Asterales",0,110.875,0.0693807585,0.075,6.89,13.7225,5.3875,NA,6.89,13.7225,6.7175,12.8025,0,28.75,NA,18.68333435,1961,18.1702,-66.5703,6.965,2.97657190160582,0.552510269251962,13.7225,12.8025,28.75,2.23620695042748,1.07162025212175,6.54423084996586,0.0688751251777767,0.783707264678135,0.00070718178132003,NA,0.462310351452694,27.5093197671757,0.1725,0.0125638883499784,0.0134594815457015,0.0249942155452992,0.00621527777777779,4.18797186089396,2.08143981250506,2.04483363283978,-3.15046893630677
"Euphorbia_articulata","Euphorbia","Euphorbiaceae","Malpighiales",1,106.5,0.060091101,0.015,2.8,11.39,5.15,NA,NA,NA,NA,NA,NA,NA,NA,26.21666718,1058,17.96222,-67.200125,2.815,1.88246648686084,0.366996978083625,NA,NA,NA,0,1,5.6172799295779,NA,NA,0.00134288600627937,NA,0.269324444311116,46.7152887700535,NA,0,0,0,0,0,0,2.02734960777476,-2.87196085177285
"Euphorbia_cotiniifolia","Euphorbia","Euphorbiaceae","Malpighiales",1,NA,0.0246580646666667,NA,4.06333333333333,8.49333333333333,3.38666666666667,NA,NA,NA,NA,NA,NA,NA,NA,25.19583321,942,19.5,-105.05,4.06333333333333,2.19606987952251,0.651386947835237,NA,NA,NA,0,1,5.86735201700984,NA,NA,0.000172329332701867,NA,0.665890672093234,18.920206447006,NA,0,0,0,0,0,0,NA,-3.76364079367023
"Eurya_emarginata","Eurya","Pentaphylacaceae","Ericales",0,97.85,0.0815592695,0.02,3.82,8.65,3.155,NA,3.82,8.65,3.715,8.12,0,22,NA,19.19166565,3068,30.3492,130.6644,3.84,2.20700241209258,0.69929330952195,8.65,8.12,22,2.70416276716352,1.06534730306558,5.94309551022805,0.0633000853037329,0.994240860033664,0.00175596050192208,NA,0.638774189109676,19.6746993702815,0.105,0.0120792573046724,0.0128672190645758,0.0274188498069096,0.00475000000000001,5.78227742406847,2.53840048054233,1.99056082999402,-2.75548525721705
"Eurya_japonica","Eurya","Pentaphylacaceae","Ericales",0,75.0333333333333,0.0848069055,0.0466666666666667,8.71333333333333,15.8633333333333,6.51166666666667,NA,8.71333333333333,15.8633333333333,8.45166666666667,14.8533333333333,0,36.3333333333333,NA,17.28611056,3135,30.3231,130.6281,8.76,3.29468140863863,0.503736113285474,15.8633333333333,14.8533333333333,36.3333333333333,2.44307614874437,1.06812294088371,6.71929787536901,0.0658646574136715,0.887258307984069,0.000892177833339492,NA,0.420040090702861,30.1363272606932,0.261666666666667,0.0166748693818532,0.0178323041815936,0.0328523312528703,0.007507644414972,4.46979205509042,2.28716415030081,1.87525424028086,-3.04954857125124
"Eurya_japonica var. yakushimensis","Eurya","Pentaphylacaceae","Ericales",0,130.35,0.0881067735,0.04,4.0225,10.755,4.485,NA,4.0225,10.755,3.935,10.44,0,19.5,NA,12.8708334,3389.5,30.2999,130.5599,4.0625,2.27380904408578,0.511337825127913,10.755,10.44,19.5,1.88995987414188,1.02999943482007,6.0060747618565,0.0293375860886511,0.61492387686163,0.001883890002785,NA,0.445152673036871,29.0142578968003,0.0875000000000001,0.00831701182852788,0.00857019929647632,0.02161535852147,0.00449923722349352,4.86432405108958,1.83751054097726,2.11511103550435,-2.72494445853789
"Eurycoma_longifolia","Eurycoma","Simaroubaceae","Sapindales",1,NA,NA,NA,18.905,20.995,9.135,NA,NA,NA,NA,NA,NA,NA,NA,24.77499962,2225,5.016667,117.8125,18.905,4.90591135882899,0.537233293556586,NA,NA,NA,0,1,7.54437829723621,NA,NA,NA,NA,0.539300607059433,23.3161688738478,NA,0,0,0,0,0,0,NA,NA
"Eusideroxylon_zwageri","Eusideroxylon","Lauraceae","Laurales",1,NA,NA,NA,282.98,72.555,29.14,NA,NA,NA,NA,NA,NA,NA,NA,24.77499962,2225,5.016667,117.8125,282.98,18.9395945577644,0.6492624446952,NA,NA,NA,0,1,10.2416640109471,NA,NA,NA,NA,0.671835960874777,18.7117471280349,NA,0,0,0,0,0,0,NA,NA
"Eutaxia_microphylla","Eutaxia","Fabaceae","Fabales",0.5,NA,NA,0,0.05,1.25333333333333,0.52,NA,0.05,1.26,0.05,1.21,0,0.333333333333333,0,17.35833359,415,-32.966,146.15472,0.05,0.251461468399396,0.48400211145403,1.26,1.21,0.333333333333333,0.275482093663912,1.0137741046832,1.59583058092735,0.013497120451579,-0.19062035960865,NA,NA,0.396497133224126,31.8673333333333,0,0,0,0,0,6.66666666666667,0.264550264550265,NA,NA
"Exocarpos_aphyllus","Exocarpos","Santalaceae","Santalales",1,NA,NA,0.0233333333333333,3.21333333333333,33.2833333333333,15.62,NA,NA,NA,NA,NA,NA,NA,NA,17.41666603,406,-32.97638,146.14583,3.23666666666667,1.9987251415833,0.134086586026328,NA,NA,NA,0,1,5.7155383449177,NA,NA,NA,NA,0.038839359732157,345.679139275613,NA,0,0,0,0,0,0,NA,NA
"Exostema_caribaeum","Exostema","Rubiaceae","Gentianales",1,111.475,0.0708520455,0.0975,2.5075,8.8375,3.1175,NA,NA,NA,NA,NA,NA,NA,NA,25.69583321,1107.5,17.966109985,-67.035481645,2.605,1.8031185933276,0.578198955291667,NA,NA,NA,0,1,5.52080597969891,NA,NA,0.00257275456500599,NA,0.431001955732975,31.2630754318987,NA,0,0,0,0,0,0,2.04717748102164,-2.58960164252952
"Fagraea_cuspidata","Fagraea","Gentianaceae","Gentianales",1,NA,NA,NA,412.19,83.405,32.495,NA,NA,NA,NA,NA,NA,NA,NA,24.77499962,2225,5.016667,117.8125,412.19,22.9075077186144,0.704971418547621,NA,NA,NA,0,1,10.6264156322941,NA,NA,NA,NA,0.744527270884925,16.8783736512143,NA,0,0,0,0,0,0,NA,NA
"Fagus_crenata","Fagus","Fagaceae","Fagales",0,34.4,0.0545132625,0.035,31.81,25.66,9.865,NA,31.81,25.66,30.975,24.595,0,44.5,NA,6.700000286,1960,36.7198,139.4699,31.845,6.35878621056522,0.644141273606687,25.66,24.595,44.5,1.81483315228911,1.04293289993111,8.06050320529214,0.0419994370731179,0.593213133638778,9.36256549920948e-05,NA,0.605219840445447,20.7642303440471,0.835000000000001,0.0323017916402707,0.0337321825985587,0.0259916118824736,0.0189105156723964,1.41964212190912,1.74137556451688,1.53655844257153,-4.0286051310179
"Fagus_grandifolia","Fagus","Fagaceae","Fagales",0,39.3190476190476,0.116623718037037,0.0728571428571429,42.9640740740741,30.0948148148148,11.427037037037,NA,42.9640740740741,30.0948148148148,42.3542592592593,28.3385185185185,0,23.9259259259259,1,9.57546303055556,1117.88888888889,40.9978252222222,-75.072995,43.0207407407407,7.26285707943053,0.635198667439598,30.0948148148148,28.3385185185185,23.9444444444444,0.867223215889641,1.06242021159284,8.28679259077664,0.0600532776148345,-0.165739438722428,0.000372085862377881,NA,0.575112968632832,22.0683375569657,0.609814814814816,0.0196211520563753,0.021104109967265,0.0147343312248792,0.0244189652922737,0.644853917269668,0.813814599533301,1.59460298986199,-3.42935683094035
"Fagus_japonica","Fagus","Fagaceae","Fagales",0,28.85,0.0480515765,0.06,29.39,23.825,9.48,NA,29.39,23.825,28.88,23.155,0,37.5,NA,6.700000286,1960,36.7198,139.4699,29.45,6.11279852760457,0.644303607665697,23.825,23.155,37.5,1.61605585033953,1.0287869826691,7.98087387951375,0.0283767617479102,0.479179958506413,7.86889154358473e-05,NA,0.648141820244351,19.3891070551366,0.51,0.021544286420179,0.0221576166491592,0.0177203793872997,0.0137948350071736,1.27972299241827,1.5706768809455,1.46014581749175,-4.10408644050105
"Faramea_capillipes","Faramea","Rubiaceae","Gentianales",1,55.4,0.2222340575,0.28,55.515,33.565,14.03,NA,NA,NA,NA,NA,NA,NA,NA,25.09583282,3334,-0.6859,-76.3953,55.795,8.42343095698749,0.600419732427323,NA,NA,NA,0,1,8.62442438885541,NA,NA,0.000885407343006365,NA,0.618600417343909,20.3148106798149,NA,0,0,0,0,0,0,1.74350976472843,-3.05285688057953
"Faramea_occidentalis","Faramea","Rubiaceae","Gentianales",1,65.6,0.173342074,NA,35.21,32.04,14.18,NA,NA,NA,NA,NA,NA,NA,NA,26.39583397,2496,9.17,-79.85,35.21,6.69557797132743,0.472184624212089,NA,NA,NA,0,1,8.16650031915505,NA,NA,0.000853379000812879,NA,0.431013501120231,29.1553990343652,NA,0,0,0,0,0,0,1.81690383937566,-3.06885804807537
"Faramea_quinqueflora","Faramea","Rubiaceae","Gentianales",1,26.75,0.0620544695,0.025,11.215,15.81,6.76,NA,NA,NA,NA,NA,NA,NA,NA,25.09583282,3334,-0.6859,-76.3953,11.24,3.78294295507475,0.55975256440416,NA,NA,NA,0,1,7.02457145449633,NA,NA,0.00034278499947094,NA,0.564002734598968,22.2957022217274,NA,0,0,0,0,0,0,1.42732378635725,-3.46497819138576
"Ficus_adenosperma","Ficus","Moraceae","Rosales",1,NA,NA,0.18,30.58,27.81,12,NA,NA,NA,NA,NA,NA,NA,NA,23.6875,3054,-16.144616,145.430116,30.76,6.25818251539963,0.521515209616636,NA,NA,NA,0,1,8.03138533062553,NA,NA,NA,NA,0.496872965078442,25.2909123610203,NA,0,0,0,0,0,0,NA,NA
"Ficus_aurea","Ficus","Moraceae","Rosales",1,122,0.195117693333333,0.403333333333333,44.9233333333333,27.75,10.8266666666667,NA,NA,NA,NA,NA,NA,NA,NA,23.32500076,1309,26.17,-81.34,45.3266666666667,7.58176732744182,0.702243952040777,NA,NA,NA,0,1,8.41122678203833,NA,NA,0.000844758331422777,NA,0.73050875145756,17.3004294917676,NA,0,0,0,0,0,0,2.08635983067475,-3.07326751630584
"Ficus_barclayana","Ficus","Moraceae","Rosales",1,54.3,0.095495296,0.06,23.555,23.135,9.6,NA,NA,NA,NA,NA,NA,NA,NA,25.32083321,2450,-16.633333,179.083333,23.615,5.45677610234735,0.567040505527848,NA,NA,NA,0,1,7.74749615471271,NA,NA,0.000408278791931691,NA,0.545875319650067,23.1434236674506,NA,0,0,0,0,0,0,1.73479982958885,-3.38904317894611
"Ficus_citrifolia","Ficus","Moraceae","Rosales",1,93.7,0.127369971,0.46,25.835,21.495,8.31,NA,NA,NA,NA,NA,NA,NA,NA,26.21666718,1058,17.96222,-67.200125,26.295,5.78457952403864,0.696320610262313,NA,NA,NA,0,1,7.87344482029931,NA,NA,0.000617591507290921,NA,0.702173357534702,17.9101086762595,NA,0,0,0,0,0,0,1.97173959088778,-3.20929868476113
"Ficus_erecta","Ficus","Moraceae","Rosales",1,37.525,0.11742668175,0.27,58.305,35.0775,14.185,NA,NA,NA,NA,NA,NA,NA,NA,18.57291603,3066,30.3296,130.6472,58.575,8.5694827437831,0.602120054956968,NA,NA,NA,0,1,8.64491967461768,NA,NA,0.000249172646637851,NA,0.583714106272138,21.6019172000435,NA,0,0,0,0,0,0,1.57432070091531,-3.60349963483093
"Ficus_fulvo-pilosa","Ficus","Moraceae","Rosales",0,75.25,0.1234536705,0.125,29.395,24.66,10.045,NA,29.395,24.66,29.34,24.6,0,19.5,NA,24.46666718,2982,-16.75001585,179.0199514,29.52,6.02417233175947,0.595689011463212,24.66,24.6,19.5,0.821578145684491,1.00249832471755,7.91881871179793,0.00249513538551332,-0.223288207635418,0.000620533543088593,NA,0.58070132988442,21.7556266404015,0.0550000000000033,0.00212471042178432,0.00212975411643864,0.0018006190491835,0.00293650793650811,0.786972083493918,0.819458982419413,1.87650650426588,-3.20723473763899
"Ficus_septica","Ficus","Moraceae","Rosales",1,NA,NA,0.08,50.48,33.38,14.4,NA,NA,NA,NA,NA,NA,NA,NA,23.6875,3054,-16.144616,145.430116,50.56,8.02340273087484,0.557180745199642,NA,NA,NA,0,1,8.52833093582669,NA,NA,NA,NA,0.569320137499099,22.0725911251981,NA,0,0,0,0,0,0,NA,NA
"Ficus_sintenisii","Ficus","Moraceae","Rosales",1,113.95,0.03915448,0.04,5.475,10.315,3.765,NA,NA,NA,NA,NA,NA,NA,NA,20.09166718,2083,18.15399777,-66.80487416,5.515,2.64801088508263,0.703177986230634,NA,NA,NA,0,1,6.30980256235805,NA,NA,0.000278164003670236,NA,0.647569157007155,19.5716944039942,NA,0,0,0,0,0,0,2.05671432951639,-3.55569907139232
"Ficus_tonduzii","Ficus","Moraceae","Rosales",1,NA,0.1466869045,0.205,46.845,29.84,11.99,NA,NA,NA,NA,NA,NA,NA,NA,25.29999924,4740,2.970351018,-78.18942184,47.05,7.1979431667019,0.591996662577937,NA,NA,NA,0,1,8.14129359678745,NA,NA,0.000635781790751291,NA,0.560244986380341,22.5007237154951,NA,0,0,0,0,0,0,NA,-3.19669191475009
"Ficus_variegata","Ficus","Moraceae","Rosales",1,NA,NA,0.64,101.25,42.22,15.14,NA,NA,NA,NA,NA,NA,NA,NA,23.6875,3054,-16.144616,145.430116,101.89,11.3899243725789,0.752306761729118,NA,NA,NA,0,1,9.22906398597429,NA,NA,NA,NA,0.713786677790865,17.6052187654321,NA,0,0,0,0,0,0,NA,NA
"Ficus_vitiensis","Ficus","Moraceae","Rosales",1,112.8,0.255683676,1.87,203.185,59.085,22.675,NA,NA,NA,NA,NA,NA,NA,NA,25.32083321,2450,-16.633333,179.083333,205.055,16.1479898836186,0.711928034447577,NA,NA,NA,0,1,9.92594373729545,NA,NA,0.00032438499991147,NA,0.730195747905402,17.2166052837211,NA,0,0,0,0,0,0,2.05230909964732,-3.48893923647782
"Fordia_splendidissima","Fordia","Fabaceae","Fabales",1,NA,NA,NA,66.115,39.815,17.035,NA,NA,NA,NA,NA,NA,NA,NA,24.77499962,2225,5.016667,117.8125,66.115,9.14947498130336,0.536671683660124,NA,NA,NA,0,1,8.78540041312789,NA,NA,NA,NA,0.52051049860365,24.1548453997282,NA,0,0,0,0,0,0,NA,NA
"Fraxinus_america","Fraxinus","Oleaceae","Lamiales",0.166666666666667,53.1875,0.0915259184722222,0.0816666666666667,26.3436111111111,24.4722222222222,9.89888888888889,NA,26.9343333333333,24.3926666666667,26.5826666666667,23.585,0,23.4666666666667,1,8.050000112,1116.16666666667,42.045,-74.4066666666667,26.3922222222222,5.67500635115878,0.572555506415697,24.3926666666667,23.585,23.6666666666667,0.848152339936056,1.02922496989081,7.78829439078911,0.0340948340694231,-0.230003609056101,0.000386618066297043,NA,0.529002689525914,24.0966305696575,0.351666666666666,0.0118341020178692,0.0123754286854039,0.0115602306926624,0.0157254521612617,0.806032768034147,0.808929294142147,1.72580957742866,-3.41271785566238
"Fraxinus_americana","Fraxinus","Oleaceae","Lamiales",0,22.3833333333333,0.0872956156666667,0.04,19.5333333333333,18.5116666666667,7.27333333333333,NA,19.5333333333333,18.5116666666667,19.42,18.445,0,4.66666666666667,NA,15.47916698,1139,35.98,-78.91,19.5733333333333,4.91672605842012,0.677527077304205,18.5116666666667,18.445,4.66666666666667,0.243387990657591,1.00379845782265,7.51611425934203,0.00378686726519676,-1.69687977676289,0.000483729668147578,NA,0.695996535141941,18.0585135322838,0.113333333333333,0.00595732214461537,0.00597998051902311,0.00587843364951028,0.0279761904761903,0.236637627040926,0.242441347639432,1.34992476228507,-3.31539727560999
"Fraxinus_pennsylvanica","Fraxinus","Oleaceae","Lamiales",0,36.8666666666667,0.100351207,0.07,36.85,28.0883333333333,11.3683333333333,NA,36.85,28.0883333333333,36.345,27.51,0,21.1666666666667,NA,13.347916602,1105.5,37.265,-78.3,36.92,6.77938728646122,0.610105688851846,28.0883333333333,27.51,21.1666666666667,0.803382330530939,1.0222098450817,8.16952491258542,0.0219417935740694,-0.260156383004439,0.000290842841455695,NA,0.587772943981658,22.0092603166415,0.505,0.018290287014771,0.0187075979622986,0.0146874112513904,0.024843804668366,0.629091034174685,0.784543638758796,1.56663387224902,-3.53634162106812
"Fuchsia_excorticata","Fuchsia","Onagraceae","Myrtales",0,63.99631839,0.137,0.78,25.757133335,25.895,11.14,NA,24.44,25.895,24.38,25.345,0,36,NA,9.920833588,1596,-38.8,176.4,26.147133335,5.7689501288129,0.511075065262402,25.895,25.345,36,1.40451681140787,1.02133728022527,7.8682616805163,0.0210776690501771,0.302830553872785,0.000693241306542838,NA,0.462548925360849,27.5775324547968,0.0600000000000005,0.00230337886713623,0.00235483226021167,0.00246460325582215,0.00174468085106385,1.48303292753497,1.37219660005102,1.80615499040736,-3.15911556790105
"Fuchsia_magellanica","Fuchsia","Onagraceae","Myrtales",0,NA,NA,0.0475,3.5075,8.9475,3.79,NA,3.5075,8.9475,3.4575,8.745,0,12.5,NA,10.95208359,1158,-36.91165,-72.9416,3.555,2.06409552768006,0.545839443534446,8.9475,8.745,12.5,1.43148587878313,1.0238191343679,5.74877801362158,0.0235093327751278,0.345385040903719,NA,NA,0.522126059325733,24.2796960548675,0.0499999999999999,0.00461064578320367,0.0047080602041569,0.0105242619792802,0.00338427197802197,4.05619915431417,1.39674444347903,NA,NA
"Garcinia_acuminata","Garcinia","Clusiaceae","Malpighiales",1,101.3,0.194206842,NA,75.14,41.5,17.47,NA,NA,NA,NA,NA,NA,NA,NA,26.39583397,2496,9.17,-79.85,75.14,9.78116656597771,0.559883604234557,NA,NA,NA,0,1,8.92452322613391,NA,NA,0.000501946998664,NA,0.548257853367948,22.9205483098217,NA,0,0,0,0,0,0,2.00560944536028,-3.2993421382394
"Garcinia_madruno","Garcinia","Clusiaceae","Malpighiales",1,NA,0.201976115,0.17,41.88,31.81,13.285,NA,NA,NA,NA,NA,NA,NA,NA,25.29999924,4740,2.970351018,-78.18942184,42.05,7.27922393893627,0.547837092848442,NA,NA,NA,0,1,8.32317009043018,NA,NA,0.00121592700537983,NA,0.514748399077519,24.4132046909631,NA,0,0,0,0,0,0,NA,-2.9150924958793
"Garcinia_pseudoguttifera","Garcinia","Clusiaceae","Malpighiales",1,152.05,0.1581031125,0.165,22.3,19.87,7.945,NA,NA,NA,NA,NA,NA,NA,NA,24.46666718,2982,-16.75001585,179.0199514,22.465,5.1239238581186,0.641883924855938,NA,NA,NA,0,1,7.5377295385086,NA,NA,0.00149250099963135,NA,0.643340048208062,19.5607977255181,NA,0,0,0,0,0,0,2.18198642448015,-2.82608536932138
"Garcinia_seriocarpa","Garcinia","Clusiaceae","Malpighiales",1,NA,NA,0.02,19.52,23.92,9.28,NA,NA,NA,NA,NA,NA,NA,NA,23.6875,3054,-16.144616,145.430116,19.54,4.98789541832275,0.53748873042271,NA,NA,NA,0,1,7.57763383260273,NA,NA,NA,NA,0.428713665102129,29.3118032786885,NA,0,0,0,0,0,0,NA,NA
"Garcinia_sessilis","Garcinia","Clusiaceae","Malpighiales",1,114.55,0.186779424,0.285,114.785,45.435,17.705,NA,NA,NA,NA,NA,NA,NA,NA,25.32083321,2450,-16.633333,179.083333,115.07,12.1038467126288,0.686194982169163,NA,NA,NA,0,1,9.35059384204886,NA,NA,0.000318342499656228,NA,0.700293083075839,18.0104065518783,NA,0,0,0,0,0,0,2.05899509352542,-3.49710537792291
"Garcinia_warrenii","Garcinia","Clusiaceae","Malpighiales",1,NA,NA,0.16,95.87,44.22,16.23,NA,NA,NA,NA,NA,NA,NA,NA,23.6875,3054,-16.144616,145.430116,96.03,11.0575401188925,0.681302533511554,NA,NA,NA,0,1,9.16983082863797,NA,NA,NA,NA,0.61610554132764,20.3964577031397,NA,0,0,0,0,0,0,NA,NA
"Gardenia_anapetes","Gardenia","Rubiaceae","Gentianales",1,111.1,0.1714872105,0.32,37.225,28.02,11.31,NA,NA,NA,NA,NA,NA,NA,NA,24.46666718,2982,-16.75001585,179.0199514,37.545,6.83739963286067,0.603934866714806,NA,NA,NA,0,1,8.18562279682575,NA,NA,0.000805146768657985,NA,0.583534727702844,21.5371565317976,NA,0,0,0,0,0,0,2.04571405894087,-3.09412494570874
"Gardenia_jasminoides","Gardenia","Rubiaceae","Gentianales",1,54.8,0.1433256885,0.18,59.22,40.38,17.95,NA,NA,NA,NA,NA,NA,NA,NA,19.19166565,3068,30.3492,130.6644,59.4,8.680619556738,0.483230799892745,NA,NA,NA,0,1,8.68210508369702,NA,NA,0.000353745000088828,NA,0.454236795051437,27.6856938327597,NA,0,0,0,0,0,0,1.73878055848437,-3.45130968983989
"Gaultheria_(Pernettya)","Gaultheria","Ericaceae","Ericales",0,NA,NA,0.05,5.515,10.095,4.095,NA,5.515,10.095,5.475,10.03,0,7,NA,12.13333321,863,-35.8258,-72.5033,5.565,2.64954654761656,0.654502766343892,10.095,10.03,7,0.752293893852537,1.00694623766978,6.30301128647511,0.00691640725173901,-0.451862557068802,NA,NA,0.681154644905402,18.5454042017323,0.04,0.00416621723654406,0.00420045103203705,0.00788848618875033,0.00625000000000002,1.425490236228,0.745754383441796,NA,NA
"Gaultheria_hispida","Gaultheria","Ericaceae","Ericales",0,180.19994125,0.11141674725,0.035,2.2343,8.18,3.3275,NA,2.2425,8.18,2.15,7.6275,0,40.75,NA,8.1583333015,2262,-42.3,146,2.2518,1.68528519698066,0.51586218404343,8.18,7.6275,40.75,5.16872526879954,1.07467002245138,5.39796890697488,0.0719111934021941,1.62071167702998,0.00569183234490724,NA,0.42538350832733,30.0140293155909,0.0925000000000001,0.0109981972215998,0.011780422996352,0.0399799196700089,0.00230360958485959,17.6457263704758,4.82120964346655,2.25575464505145,-2.24474790070897
"Gaultheria_insana","Gaultheria","Ericaceae","Ericales",0.25,NA,NA,0.02625,3.10125,7.62,2.9575,NA,3.43166666666667,8.135,3.3225,7.67416666666667,0,7.75,0,10.2895832075,1346.5,-38.1124,-73.01785,3.1275,1.83901886295426,0.681404517108118,8.135,7.67416666666667,7.75,1.33028908001905,1.073991796816,5.41972280993589,0.0693835837808901,0.111835862305716,NA,NA,0.607099410623381,21.2684380133833,0.105,0.0136704929093274,0.0154597818901144,0.0456576076231516,0.0108338293650794,4.58967982644854,1.20634856554624,NA,NA
"Gaultheria_mucronata","Gaultheria","Ericaceae","Ericales",0,NA,NA,0.0125,0.795,4.3725,1.8725,NA,0.795,4.3725,0.7625,4.295,0,9.25,NA,10.28333378,1416,-37.8412,-73.1959,0.8075,0.99718972069362,0.530220158986337,4.3725,4.295,9.25,2.26034343317098,1.01840595440616,4.32337238005401,0.0182115505587272,0.767077519381305,NA,NA,0.500151177413968,25.2170212472257,0.0325,0.00788412138042651,0.00803781513697386,0.05097589875915,0.00345670995670996,14.1302471474885,2.21701258343845,NA,NA
"Gaultheria_ovatifolia","Gaultheria","Ericaceae","Ericales",0,110.55,0.085768111,0.015,5.71,10.185,3.03,NA,5.71,10.185,5.62,9.305,0,46.5,NA,4.995833397,2177,45.31500016,-121.746664,5.725,2.67792679168035,0.884247807997966,10.185,9.305,46.5,5.05882919224032,1.0941842336356,6.31709951809071,0.0900052053844942,1.61655546204821,0.00137212501030986,NA,0.680554705166375,18.4649717064023,0.0900000000000003,0.00885872133957519,0.00969255260698675,0.0163729115849661,0.00193055555555556,8.63364544810764,4.62464673961007,2.04355874691473,-2.86260631952248
"Gaultheria_pumila","Gaultheria","Ericaceae","Ericales",0,NA,NA,0.01,0.31,2.28,0.885,NA,0.31,2.28,0.3,2.23,0,6,NA,8.958333015,1793,-40.2427,-73.3484,0.32,0.63822970643714,0.721179653348382,2.28,2.23,6,2.69710378117458,1.02242558326629,3.46524738297581,0.0221777835507832,0.975762943920474,NA,NA,0.749132562776512,16.77515625,0.01,0.00438672438672439,0.00448511665325825,0.0322916666666667,0.00171428571428572,19.4791666666667,2.63780663780664,NA,NA
"Gaultheria_shallon","Gaultheria","Ericaceae","Ericales",0,144.45,0.277001147,0.14,36.09,25.85,9.345,NA,36.09,25.85,35.785,24.69,0,120.5,2.5,10.32499981,2476,45.04166464,-123.9666669,36.23,6.77694603222318,0.724429197909534,25.85,24.69,123,4.9955392709551,1.0468115702803,8.18624054609071,0.045744794279066,1.6073632136467,0.00215759996288548,NA,0.675359517836525,18.6094750288992,0.304999999999998,0.0117599150200142,0.0123123856531894,0.00846842087628834,0.00252995867768593,3.4632744300386,4.77285530439322,2.15971754618022,-2.6660290740258
"Geijera_parviflora","Geijera","Rutaceae","Sapindales",1,185.3694415,0.10258754,0.28,5.44195,22.94,10.14,NA,NA,NA,NA,NA,NA,NA,NA,17.41666603,406,-32.97638,146.14583,5.58195,2.63604724641527,0.299216992181949,NA,NA,NA,0,1,6.2791053541851,NA,NA,0.001886758919563,NA,0.165961687267638,75.7185035971223,NA,0,0,0,0,0,0,2.26803814144941,-2.72428358822522
"Geniostoma_fagraeoidea","Geniostoma","Loganiaceae","Gentianales",1,NA,0.3818925545,0.03,19.475,19.79,7.95,NA,NA,NA,NA,NA,NA,NA,NA,20.72083282,4667,21.3279,-157.755,19.505,4.97842791522019,0.625902700488448,NA,NA,NA,0,1,7.57182300245532,NA,NA,0.00747734800872602,NA,0.623224232452633,20.1789109548739,NA,0,0,0,0,0,0,NA,-2.12625240606561
"Geniostoma_rupestre","Geniostoma","Loganiaceae","Gentianales",1,72.7680256,0.12,0.09,8.3745,12.21,4.565,NA,NA,NA,NA,NA,NA,NA,NA,9.920833588,1596,-38.8,176.4,8.4195,3.26833256194122,0.741979297360946,NA,NA,NA,0,1,6.72875231170383,NA,NA,0.00185232827373296,NA,0.752503558781799,16.7127704582052,NA,0,0,0,0,0,0,1.86194059145769,-2.7322820442
"Gesneria_pedunculosa","Gesneria","Gesneriaceae","Lamiales",1,142.75,0.081960235,0.06,6.285,10.89,4.48,NA,NA,NA,NA,NA,NA,NA,NA,22.53333282,2174,18.1702,-66.99,6.345,2.84125489162152,0.635126551553973,NA,NA,NA,0,1,6.45135685767219,NA,NA,0.00106800448195695,NA,0.666241620554864,18.9206084139849,NA,0,0,0,0,0,0,2.15457611691789,-2.97142692475588
"Gevuina_avellana","Gevuina","Proteaceae","Proteales",0,NA,NA,0.135,13.0273333333333,17.03675,5.39841666666667,NA,13.0273333333333,17.03675,12.4480833333333,14.1784166666667,0,24.7,1.825,10.74895835125,1243,-37.47295,-72.933725,13.1548333333333,3.83511328306388,0.720484165051383,17.03675,14.1784166666667,26.0666666666667,1.94457288116605,1.19266407773681,6.90801125817199,0.17540483912163,0.61813489193337,NA,NA,0.511004280657018,25.0695379551064,0.57925,0.0303817155568425,0.0364279893803151,0.045946152859024,0.0229101902173913,2.91576214983848,1.63296003162499,NA,NA
"Gillbeea_adenopetala","Gillbeea","Cunoniaceae","Oxalidales",0,NA,NA,0.16,48.64,40.67,9.27,NA,48.64,40.67,47.61,27.84,0,29,NA,23.6875,3054,-16.144616,145.430116,48.8,7.882517984951,0.850325564719633,40.67,27.84,29,1.04166666666667,1.46084770114943,8.49290049884719,0.379016884452914,0.0408219945202552,NA,NA,0.369534580678014,34.0059395559211,1.03,0.0253257929677896,0.0369971264367817,0.0211759868421053,0.0355172413793104,0.596217105263158,0.713056306860093,NA,NA
"Gironniera_celtidifolia","Gironniera","Cannabaceae","Rosales",0,71.625,0.102948383,0.1025,79.0825,41.395,16.6575,NA,79.0825,41.395,78.29,39.9975,0,56.25,NA,24.893750195,2716,-16.691674425,179.0516422,79.185,9.96415499789396,0.598581409703074,41.395,39.9975,56.25,1.4241227063487,1.03402938341367,8.94528507569307,0.0333952391742997,0.34644723112008,0.000146243727335149,NA,0.573297037572874,22.0100876444665,0.792500000000002,0.018535060986944,0.0192198299658669,0.00979376555210725,0.0140731837606838,0.754930989051117,1.37785405371472,1.85506463497545,-3.83492275254256
"Glochidion_honkongense","Glochidion","Phyllanthaceae","Malpighiales",1,66.1,0.1360536675,0.16,36.82,29.68,12.6,NA,NA,NA,NA,NA,NA,NA,NA,17.95416641,3064,30.31,130.63,36.98,6.86136459037921,0.546166710113231,NA,NA,NA,0,1,8.21528936018529,NA,NA,0.000513744499824909,NA,0.527830832315407,23.9416579672336,NA,0,0,0,0,0,0,1.82020145948564,-3.28925281467009
"Glochidion_sumatranum","Glochidion","Phyllanthaceae","Malpighiales",1,NA,NA,0.05,29.93,28.75,11.64,NA,NA,NA,NA,NA,NA,NA,NA,23.6875,3054,-16.144616,145.430116,29.98,6.17832675982423,0.530784085895552,NA,NA,NA,0,1,8.00570067866254,NA,NA,NA,NA,0.455030892990875,27.6165218843969,NA,0,0,0,0,0,0,NA,NA
"Gmelina_fasciculiflora","Gmelina","Lamiaceae","Lamiales",1,NA,NA,0.18,27.39,22.86,9.36,NA,NA,NA,NA,NA,NA,NA,NA,23.6875,3054,-16.144616,145.430116,27.57,5.92479655754933,0.632991085208262,NA,NA,NA,0,1,7.9218984110238,NA,NA,NA,NA,0.658642034873343,19.0792113910186,NA,0,0,0,0,0,0,NA,NA
"Gomidesia_lindeniana","Gomidesia","Myrtaceae","Myrtales",1,55,0.1483982565,0.135,23.955,22.125,9.225,NA,NA,NA,NA,NA,NA,NA,NA,18.68333435,1961,18.1702,-66.5703,24.09,5.46034613723229,0.590059196699348,NA,NA,NA,0,1,7.72946669263296,NA,NA,0.0010120834996136,NA,0.594723244271248,21.1491640486248,NA,0,0,0,0,0,0,1.74036268949424,-2.99478365555405
"Gomortega_keule","Gomortega","Gomortegaceae","Laurales",1,NA,NA,0.4,33.955,26.18,11.155,NA,NA,NA,NA,NA,NA,NA,NA,11.6208334,900,-35.9821,-72.6873,34.355,6.53126574233732,0.590499297254897,NA,NA,NA,0,1,8.09104988966676,NA,NA,NA,NA,0.615064208799024,20.5133780825974,NA,0,0,0,0,0,0,NA,NA
"Gomphandra_australiana","Gomphandra","Stemonuraceae","Aquifoliales",1,NA,NA,0.28,30.76,26.84,11.35,NA,NA,NA,NA,NA,NA,NA,NA,23.6875,3054,-16.144616,145.430116,31.04,6.28660126527677,0.553885574033195,NA,NA,NA,0,1,8.04044688130311,NA,NA,NA,NA,0.536575911702966,23.4195578673602,NA,0,0,0,0,0,0,NA,NA
"Gompholobium_glabratum","Gompholobium","Fabaceae","Fabales",1,NA,0.064793897,0.01,0.735,9.185,4.19,NA,NA,NA,NA,NA,NA,NA,NA,16.92083359,1323,-33.578,151.292,0.745,0.971019494803588,0.23208268947127,NA,NA,NA,0,1,4.29874101132252,NA,NA,0.00574007998096622,NA,0.109494003001286,115.092115749526,NA,0,0,0,0,0,0,NA,-2.24108205619954
"Gompholobium_latifolium","Gompholobium","Fabaceae","Fabales",1,NA,0.0901734006666667,0.02,4.30666666666667,15.4133333333333,6.92,NA,NA,NA,NA,NA,NA,NA,NA,16.70416641,1278,-33.6938,151.14305,4.32666666666667,2.3445265053173,0.348732209803722,NA,NA,NA,0,1,6.06561431723623,NA,NA,0.001911907141736,NA,0.250630235401457,58.3655695922852,NA,0,0,0,0,0,0,NA,-2.71853320453427
"Goniothalamus_curtisii","Goniothalamus","Annonaceae","Magnoliales",1,61.15,0.3685063145,0.395,240.855,75.555,31.015,NA,NA,NA,NA,NA,NA,NA,NA,27.47916603,2255,3.083,101.583,241.25,17.5261220205729,0.565354003759193,NA,NA,NA,0,1,10.0909773145296,NA,NA,0.000563013999238806,NA,0.530541994616396,23.7036257467161,NA,0,0,0,0,0,0,1.7863964613723,-3.24948080636255
"Goniothalamus_uvarioides","Goniothalamus","Annonaceae","Magnoliales",1,NA,NA,NA,483.995,99.445,42.125,NA,NA,NA,NA,NA,NA,NA,NA,24.77499962,2225,5.016667,117.8125,483.995,24.8242084406746,0.590194993161364,NA,NA,NA,0,1,10.7872439547656,NA,NA,NA,NA,0.616064946860786,20.4434878385473,NA,0,0,0,0,0,0,NA,NA
"Gonystylus_punctatus","Gonystylus","Thymelaeaceae","Malvales",1,111.4,0.2282385075,0.27,57.965,33.02,11.46,NA,NA,NA,NA,NA,NA,NA,NA,24.46666718,2982,-16.75001585,179.0199514,58.235,8.60430253160822,0.7507628153405,NA,NA,NA,0,1,8.66660184391223,NA,NA,0.000894565500292595,NA,0.666934933727518,18.8427185026669,NA,0,0,0,0,0,0,2.04688519083771,-3.04838785479008
"Gonzalagunia_spicata","Gonzalagunia","Rubiaceae","Gentianales",1,50.75,0.161249149,NA,30.94,29.205,12.53,NA,NA,NA,NA,NA,NA,NA,NA,23.96249962,1997,18.4095,-66.9706,30.94,6.27646574553929,0.502156556833036,NA,NA,NA,0,1,8.03721956105266,NA,NA,0.000840378501531678,NA,0.457733150710312,27.6066365907375,NA,0,0,0,0,0,0,1.70543604658525,-3.07552506619658
"Goodenia_ovata","Goodenia","Goodeniaceae","Asterales",0,NA,0.098605059,0.1,9.82,18.195,5.815,NA,9.82,18.195,9.495,14.7,0,65.5,2,11.29166698,792,-42.9,147.3,9.92,3.54244090781946,0.609942485970933,18.195,14.7,66.5,4.4788947692759,1.22923990709835,6.88671002544436,0.204845445818864,1.49612130739252,0.00102289750207759,NA,0.387490240314436,33.7226125480942,0.325000000000001,0.0177923816478034,0.0218977433133513,0.0328861404642813,0.00495283018867925,6.72562385322078,3.63856357832261,NA,-2.99016788194012
"Gordonia_lasianthus","Gordonia","Theaceae","Ericales",0,105.033333333333,0.195441312,0.23,35.35,29.5666666666667,12.1566666666667,NA,35.35,29.5666666666667,34.8266666666667,28.3666666666667,0,45.3333333333333,NA,20.36249924,1305,29.6,-82.2,35.58,6.72824235819983,0.554524438185826,29.5666666666667,28.3666666666667,45.3333333333333,1.6031275831815,1.04305561422568,8.17550983303572,0.0420314944181693,0.469334111773679,0.00115660830459034,NA,0.508117892750694,24.7401235709511,0.523333333333333,0.0177652574789714,0.0185619388052965,0.0149093910530061,0.0115401688072342,1.28727646383978,1.53559247028885,2.02132714845434,-2.93681369373326
"Greenwayodendron_suaveolens","Greenwayodendron","Annonaceae","Magnoliales",NA,34.24070283,0.1471,NA,34.118,NA,NA,NA,NA,NA,NA,NA,NA,NA,NA,21.58333333,1671.9,2.1261,16.17776667,34.118,6.5909321637591,NA,NA,NA,NA,NA,NA,8.13499529024642,NA,NA,0.000634222697696231,NA,NA,NA,NA,NA,NA,NA,NA,NA,NA,1.53454267049279,-3.1977582194079
"Grevillea_baileyana","Grevillea","Proteaceae","Proteales",1,NA,NA,0.2,38.03,52.14,24.16,NA,NA,NA,NA,NA,NA,NA,NA,23.6875,3054,-16.144616,145.430116,38.23,6.97681501798817,0.288775456042557,NA,NA,NA,0,1,8.24879073369641,NA,NA,NA,NA,0.175789987706845,71.4851327899027,NA,0,0,0,0,0,0,NA,NA
"Grevillea_buxifolia","Grevillea","Proteaceae","Proteales",1,120.4943569,0.117965895166667,0.08,1.62901666683333,10.44,3.78666666666667,NA,NA,NA,NA,NA,NA,NA,NA,17.010416795,867.5,-33.27476389,148.721,1.66901666683333,1.29850214465505,0.484298089756756,NA,NA,NA,0,1,4.68291632255936,NA,NA,0.0127900978748373,NA,0.343660099846243,104.82285149904,NA,0,0,0,0,0,0,2.08096670811771,-1.89312613211719
"Grevillea_quercifolia","Grevillea","Proteaceae","Proteales",1,108.6101089,0.118596879,0.06,19.7166,42.6,13.78,NA,NA,NA,NA,NA,NA,NA,NA,16.52499962,1147,-34.1,115.1,19.7316,4.99693179430597,0.374422665098546,NA,NA,NA,0,1,7.57539104680915,NA,NA,0.000745727695014979,NA,0.144154029246347,87.4039880098867,NA,0,0,0,0,0,0,2.03587024914943,-3.12741972767664
"Grevillea_speciosa","Grevillea","Proteaceae","Proteales",1,165.32030865,0.115988789,0.0966666666666667,2.68026023377778,12.7233333333333,5.18666666666667,NA,NA,NA,NA,NA,NA,NA,NA,17.0902778633333,1029.96666666667,-33.3814814833333,149.572759266667,2.712482456,1.67893594201745,0.535533782363316,NA,NA,NA,0,1,5.17807304025003,NA,NA,0.00946516453159026,NA,0.464312925209996,27.4892098534967,NA,0,0,0,0,0,0,2.2183262074303,-2.02387183235621
"Guaiacum_officinale","Guaiacum","Zygophyllaceae","Zygophyllales",1,139.6,0.0806994955,0,3.13,6.89,2.38,NA,NA,NA,NA,NA,NA,NA,NA,25.97916603,837,17.934795,-66.929542,3.13,1.99587583862246,0.845443516101674,NA,NA,NA,0,1,5.74533992801145,NA,NA,0.00208089801539265,NA,0.829163175559203,15.1674872188139,NA,0,0,0,0,0,0,2.14488541828714,-2.68174920399671
"Guaiacum_sanctum","Guaiacum","Zygophyllaceae","Zygophyllales",1,147.8,0.1002653775,0.01,1.3775,4.8725,1.82,NA,NA,NA,NA,NA,NA,NA,NA,25.577082635,997,17.952397485,-66.900190145,1.3825,1.30945049543125,0.727689071298303,NA,NA,NA,0,1,4.87797547635257,NA,NA,0.00768468019684963,NA,0.72588697877441,17.4876377663319,NA,0,0,0,0,0,0,2.16967443405881,-2.11437420124601
"Guapira_fragrans","Guapira","Nyctaginaceae","Caryophyllales",1,104.5,0.1857846585,0.135,49.55,31.135,12.955,NA,NA,NA,NA,NA,NA,NA,NA,23.96249962,1997,18.4095,-66.9706,49.685,7.95280792381533,0.614092488121426,NA,NA,NA,0,1,8.51043836856342,NA,NA,0.000696891998165475,NA,0.642369159064812,19.5653378499985,NA,0,0,0,0,0,0,2.01911629044707,-3.15683452209587
"Guapira_macrocarpa","Guapira","Nyctaginaceae","Caryophyllales",NA,42.32451182,0.1466,NA,36.2674,NA,NA,NA,NA,NA,NA,NA,NA,NA,NA,25.48333333,1365.9,19.49991667,-105.043,36.2674,6.79537253318227,NA,NA,NA,NA,NA,NA,8.19608945212563,NA,NA,0.00059258617932358,NA,NA,NA,NA,NA,NA,NA,NA,NA,NA,1.62659195756413,-3.22724848163339
"Guapira_obtusata","Guapira","Nyctaginaceae","Caryophyllales",1,104.091666666667,0.180351797083333,0.145,25.9583333333333,21.8291666666667,8.69,NA,NA,NA,NA,NA,NA,NA,NA,25.0388882966667,1330.33333333333,18.10476499,-66.9236600966667,26.1033333333333,5.70640655285349,0.664699593388371,NA,NA,NA,0,1,7.82677255542488,NA,NA,0.00148130543647041,NA,0.68417991686421,18.6144648400775,NA,0,0,0,0,0,0,2.01741596231027,-2.82935538327692
"Guapira_standleyanum","Guapira","Nyctaginaceae","Caryophyllales",1,97.6,0.31106844,NA,82.49,41.41,17.44,NA,NA,NA,NA,NA,NA,NA,NA,26.39583397,2496,9.17,-79.85,82.49,10.2483915833268,0.587637132071491,NA,NA,NA,0,1,9.01784725986073,NA,NA,0.00117303399641209,NA,0.60450612642955,20.7878300400048,NA,0,0,0,0,0,0,1.98944981766669,-2.93068940114941
"Guarea_carinata","Guarea","Meliaceae","Sapindales",1,59.4,0.206704418,0.115,122.225,57.4,25.39,NA,NA,NA,NA,NA,NA,NA,NA,25.09583282,3334,-0.6859,-76.3953,122.34,12.4253409883254,0.488756705395505,NA,NA,NA,0,1,9.39410945641037,NA,NA,0.000429759770878281,NA,0.461386461797783,27.2438040650322,NA,0,0,0,0,0,0,1.77378644498119,-3.36677424055067
"Guarea_falsakunth","Guarea","Meliaceae","Sapindales",1,48.85,0.1346778015,0.19,97.6,49.98,21.745,NA,NA,NA,NA,NA,NA,NA,NA,25.08749962,3338,-0.7,-76.3953,97.79,11.069825555291,0.510576307512256,NA,NA,NA,0,1,9.15585263443079,NA,NA,0.000188963499572893,NA,0.484830300680831,25.9333030965488,NA,0,0,0,0,0,0,1.68886456805479,-3.7236220765938
"Guarea_fistulosa","Guarea","Meliaceae","Sapindales",1,61.65,0.24731317,0.18,168.65,67.38,29.905,NA,NA,NA,NA,NA,NA,NA,NA,25.09583282,3334,-0.6859,-76.3953,168.83,14.4853788016841,0.488585575978343,NA,NA,NA,0,1,9.68510902232388,NA,NA,0.00038482600095904,NA,0.461158972837945,27.3478926947557,NA,0,0,0,0,0,0,1.78993308093175,-3.41473559232147
"Guarea_glabra","Guarea","Meliaceae","Sapindales",1,77.675,0.1019550055,0.18,48.745,37.1075,15.6725,NA,NA,NA,NA,NA,NA,NA,NA,22.5895834,2710.5,8.726998885,-71.60008708,48.925,7.72449419708194,0.527177585083824,NA,NA,NA,0,1,8.40235268868464,NA,NA,0.000233806492506355,NA,0.461701673718319,28.5823430812407,NA,0,0,0,0,0,0,1.89028126192701,-3.63114343320611
"Guarea_guentheri","Guarea","Meliaceae","Sapindales",1,36.45,0.267730149,0.445,147.265,55.625,23.335,NA,NA,NA,NA,NA,NA,NA,NA,25.08749962,3338,-0.7,-76.3953,147.71,13.711711211845,0.587574217637569,NA,NA,NA,0,1,9.59979144690112,NA,NA,0.000498338499389173,NA,0.597847030499282,21.0201298476314,NA,0,0,0,0,0,0,1.56169753265399,-3.30247555989617
"Guarea_guidonia","Guarea","Meliaceae","Sapindales",1,NA,0.091718878,NA,50.25,35.33,15.45,NA,NA,NA,NA,NA,NA,NA,NA,26.39583397,2496,9.17,-79.85,50.25,7.99876785029682,0.517719601960959,NA,NA,NA,0,1,8.52218073292728,NA,NA,0.00016741000162346,NA,0.505892982634196,24.8399781094527,NA,0,0,0,0,0,0,NA,-3.77621859938861
"Guarea_kunthiana","Guarea","Meliaceae","Sapindales",1,53.75,0.148789069,0.05,166.115,54.985,22.15,NA,NA,NA,NA,NA,NA,NA,NA,25.09583282,3334,-0.6859,-76.3953,166.165,14.4288493077921,0.655061839444631,NA,NA,NA,0,1,9.68571545912611,NA,NA,0.000164080500395909,NA,0.682717989990217,18.4251909923622,NA,0,0,0,0,0,0,1.73037846858764,-3.78494302817083
"Guarea_macrophylla","Guarea","Meliaceae","Sapindales",1,45.95,0.188020003,0.155,97.405,43.84,17.865,NA,NA,NA,NA,NA,NA,NA,NA,25.08749962,3338,-0.7,-76.3953,97.56,11.0542031119684,0.624173912754612,NA,NA,NA,0,1,9.15254276600668,NA,NA,0.00028917400023002,NA,0.635626759153914,19.889543734319,NA,0,0,0,0,0,0,1.66228551572213,-3.53884075724276
"Guarea_pterorhachis","Guarea","Meliaceae","Sapindales",1,58.6,NA,0.39,151.155,58.825,25.3,NA,NA,NA,NA,NA,NA,NA,NA,25.08749962,3338,-0.7,-76.3953,151.35,13.8259506769723,0.546985289633122,NA,NA,NA,0,1,9.60856986875562,NA,NA,NA,NA,0.545159728331986,23.0548411192947,NA,0,0,0,0,0,0,1.76789761601809,NA
"Guarea_pubescens","Guarea","Meliaceae","Sapindales",1,44.3,NA,NA,122.335,53.52,23.3,NA,NA,NA,NA,NA,NA,NA,NA,25.09583282,3334,-0.6859,-76.3953,122.335,12.38536890384,0.529880129687942,NA,NA,NA,0,1,9.38110384200415,NA,NA,NA,NA,0.526130048890488,23.9579399215902,NA,0,0,0,0,0,0,1.64640372622307,NA
"Guarea_silvatica","Guarea","Meliaceae","Sapindales",1,52.9,0.1270906795,0.51,142.96,52.615,20.95,NA,NA,NA,NA,NA,NA,NA,NA,25.08749962,3338,-0.7,-76.3953,143.47,13.448005748499,0.641777902522081,NA,NA,NA,0,1,9.55113697938689,NA,NA,0.00012207579299311,NA,0.641674753865492,19.5876142320065,NA,0,0,0,0,0,0,1.72345567203519,-3.91337044589771
"Guatteria_asplundiana","Guatteria","Annonaceae","Magnoliales",1,61,0.244677198,0.41,181.83,58.77,24.375,NA,NA,NA,NA,NA,NA,NA,NA,25.09583282,3334,-0.6859,-76.3953,182.035,15.1765718146369,0.621651031637292,NA,NA,NA,0,1,9.79681449772451,NA,NA,0.000284133513152023,NA,0.656121728678329,19.2133088734757,NA,0,0,0,0,0,0,1.78532983501077,-3.54647753882682
"Guatteria_brevicuspis","Guatteria","Annonaceae","Magnoliales",1,76.95,0.081200926,0.245,33.25,29.46,13.06,NA,NA,NA,NA,NA,NA,NA,NA,25.09583282,3334,-0.6859,-76.3953,33.495,6.53043552248485,0.500037911025383,NA,NA,NA,0,1,8.11653960809793,NA,NA,0.000197046498686432,NA,0.481427665787192,26.102312890095,NA,0,0,0,0,0,0,1.8862086241675,-3.70543127769598
"Guatteria_dumetorum","Guatteria","Annonaceae","Magnoliales",1,56.2,NA,NA,51.77,34.93,15.14,NA,NA,NA,NA,NA,NA,NA,NA,26.39583397,2496,9.17,-79.85,51.77,8.11884297365945,0.536251187163768,NA,NA,NA,0,1,8.5519810169019,NA,NA,NA,NA,0.533200880272979,23.5677979524821,NA,0,0,0,0,0,0,1.74973631556906,NA
"Guatteria_multivenia","Guatteria","Annonaceae","Magnoliales",1,74.15,0.2113495775,0.21,85.6,43.38,18.47,NA,NA,NA,NA,NA,NA,NA,NA,25.09583282,3334,-0.6859,-76.3953,85.81,10.4494299156957,0.56588950724811,NA,NA,NA,0,1,9.05609501276864,NA,NA,0.000521550681726613,NA,0.571913129831934,22.0482545984782,NA,0,0,0,0,0,0,1.8701111553644,-3.28270348258795
"Guatteria_punctomarron","Guatteria","Annonaceae","Magnoliales",1,48.9333333333333,0.145111338666667,0.273333333333333,34.1766666666667,28.58,12.4466666666667,NA,NA,NA,NA,NA,NA,NA,NA,25.09583282,3334,-0.6859,-76.3953,34.45,6.6216001778378,0.531964711942792,NA,NA,NA,0,1,8.14387691396164,NA,NA,0.00062593712253687,NA,0.525608976416956,23.9209414209795,NA,0,0,0,0,0,0,1.68960480086039,-3.20346929092181
"Guatteria_recurvisepala","Guatteria","Annonaceae","Magnoliales",1,51.7,0.199004592,0.28,124.22,49.705,20.82,NA,NA,NA,NA,NA,NA,NA,NA,25.09583282,3334,-0.6859,-76.3953,124.5,12.5325691795816,0.604139938173773,NA,NA,NA,0,1,9.41097309289713,NA,NA,0.000321919598763441,NA,0.628576587028471,20.0143366684894,NA,0,0,0,0,0,0,1.71349054309394,-3.49225258225906
"Guettarda_elliptica","Guettarda","Rubiaceae","Gentianales",1,118.8,0.07542077425,0.0525,7.4525,11.55,4.185,NA,NA,NA,NA,NA,NA,NA,NA,25.577082635,997,17.952397485,-66.900190145,7.505,3.07496967202445,0.737418705571874,NA,NA,NA,0,1,6.59910236625367,NA,NA,0.000819555748476313,NA,0.694884946908554,18.0859246708521,NA,0,0,0,0,0,0,2.07481644064517,-3.08642149916223
"Guettarda_foliacea","Guettarda","Rubiaceae","Gentianales",1,NA,0.094744645,NA,38.92,27.51,10.85,NA,NA,NA,NA,NA,NA,NA,NA,26.39583397,2496,9.17,-79.85,38.92,7.03949451886231,0.648801338143992,NA,NA,NA,0,1,8.2666784433059,NA,NA,0.000230641000929497,NA,0.646251426646031,19.4450179856115,NA,0,0,0,0,0,0,NA,-3.63706348587646
"Guettarda_krugii","Guettarda","Rubiaceae","Gentianales",1,113.8,0.11075252,0.05,12.85,14.23,5.11,NA,NA,NA,NA,NA,NA,NA,NA,26.21666718,1058,17.96222,-67.200125,12.875,3.95494560094969,0.772622704344341,NA,NA,NA,0,1,7.06431102233607,NA,NA,0.00100494599642642,NA,0.759621999544531,16.5432838686123,NA,0,0,0,0,0,0,2.05614226205905,-2.99785727564067
"Guettarda_ovalifolia","Guettarda","Rubiaceae","Gentianales",1,79.55,0.1178336455,0.1975,30.9525,22.2075,7.9775,NA,NA,NA,NA,NA,NA,NA,NA,21.3125,2128.5,18.162098885,-66.89743708,31.15,6.19336827319097,0.773746922954264,NA,NA,NA,0,1,7.97279745854608,NA,NA,0.000452697249836387,NA,0.762063599271581,16.516399299201,NA,0,0,0,0,0,0,1.9006401839826,-3.3441921438624
"Guettarda_pungens","Guettarda","Rubiaceae","Gentianales",1,184,0.070182212,0.025,2.305,6.3,2.45,NA,NA,NA,NA,NA,NA,NA,NA,22.53333282,2174,18.1702,-66.99,2.33,1.72172517213686,0.70311553307623,NA,NA,NA,0,1,5.44947954114236,NA,NA,0.00211408500203692,NA,0.72925012497201,17.2319089553366,NA,0,0,0,0,0,0,2.26481782300954,-2.67487755478951
"Guettarda_scabra","Guettarda","Rubiaceae","Gentianales",1,213.8,0.1308842345,0.165,12.375,14.46,5.59,NA,NA,NA,NA,NA,NA,NA,NA,22.53333282,2174,18.1702,-66.99,12.54,3.88468717434618,0.686560391136655,NA,NA,NA,0,1,7.01791506279369,NA,NA,0.00158162799538655,NA,0.693029956830078,18.252732529742,NA,0,0,0,0,0,0,2.33000770087276,-2.80089565645722
"Guettardella_tenuiflora","Guettardella","Rubiaceae","Gentianales",1,NA,NA,0.04,32.46,28.1,11.68,NA,NA,NA,NA,NA,NA,NA,NA,23.6875,3054,-16.144616,145.430116,32.5,6.43275098258069,0.550749227960675,NA,NA,NA,0,1,8.08641027532378,NA,NA,NA,NA,0.516589696359087,24.3256315465188,NA,0,0,0,0,0,0,NA,NA
"Gustavia_hexapetala","Gustavia","Lecythidaceae","Ericales",0,53,0.1992009735,0.22,110.245,59.98,26.61,NA,110.245,59.98,109.41,59.595,0,10,NA,25.09583282,3334,-0.6859,-76.3953,110.355,11.8461028380944,0.445890815520513,59.98,59.595,10,0.175423348916355,1.00676899144747,9.30633293715847,0.00672951553362343,-2.29439996069489,0.000380343001510284,NA,0.385110627045643,32.6499791840152,0.834999999999994,0.014336314555301,0.0144843066876879,0.00792220093062862,0.124166666666665,0.0962801725652649,0.173426372687625,1.72427586960079,-3.41982457055772
"Gustavia_superba","Gustavia","Lecythidaceae","Ericales",1,NA,0.211412753,NA,133.96,83.42,37.07,NA,NA,NA,NA,NA,NA,NA,NA,26.39583397,2496,9.17,-79.85,133.96,13.0599835150249,0.352306002563391,NA,NA,NA,0,1,9.5027114339141,NA,NA,0.000333647000082405,NA,0.241904881282549,51.9475694237086,NA,0,0,0,0,0,0,NA,-3.47671277566415
"Gyminda_latifolia","Gyminda","Celastraceae","Celastrales",0.5,158.825,0.0740811865,0.0175,4.0675,8.24,3.145,NA,2.79,6.825,2.755,6.77,0,7,NA,26.097916605,947.5,17.9485075,-67.0648335,4.085,2.24953429813584,0.715005471024622,6.825,6.77,7,0.532154330245294,1.00423626466526,5.95612311393566,0.00842745630924856,-0.00597855839536457,0.0014592120513389,NA,0.735132373722858,17.1100683998539,0.0350000000000001,0.00266218147743516,0.00269041507379018,0.00679752364213484,0.0023888888888889,1.33327212392282,0.526876589644049,2.2009188640073,-2.83588159225005
"Gymnanthes_lucidus","Gymnanthes","Euphorbiaceae","Malpighiales",0.25,128.65,0.094936772,0.075,9.8775,14.06,5.68,NA,11.225,14.765,10.9875,14.55,0,3.75,0,25.577082635,997,17.952397485,-66.900190145,9.9525,3.53028723203111,0.618957881333279,14.765,14.55,3.75,0.25160875448407,1.01119964837618,6.86949478646386,0.0110642622174035,-1.21579357920215,0.000943811503579496,NA,0.614594173740115,20.5641513104168,0.1575,0.0102276277823621,0.0104471129346968,0.0127304766477549,0.0225,0.317161948507732,0.246668469506471,2.10940979054637,-3.02511473359335
"Haenianthus_salicifolius","Haenianthus","Oleaceae","Lamiales",1,415.8,0.1004080645,0.07,3.97,9.62,4.025,NA,NA,NA,NA,NA,NA,NA,NA,18.68333435,1961,18.1702,-66.5703,4.04,2.25101557180519,0.559609499246917,NA,NA,NA,0,1,5.97109261082205,NA,NA,0.00258707886772126,NA,0.531207441443381,23.6563321046141,NA,0,0,0,0,0,0,2.61888448499545,-2.58719033150995
"Hakea_dactyloides","Hakea","Proteaceae","Proteales",1,316.0517851,0.160211867333333,0.216666666666667,21.6539666668333,38.65,17.2466666666667,NA,NA,NA,NA,NA,0,0,0,17.010416795,867.5,-33.27476389,148.721,21.7623000001667,4.85753223533073,0.401211870882588,NA,NA,0,0,1,7.33540133349083,0,NA,0.00232948574010293,NA,0.315798830140417,40.9854350751018,0,0,0,0,0,0,0,2.49975824762024,-2.63273994373199
"Hakea_epiglottis","Hakea","Proteaceae","Proteales",1,NA,0.070238881,NA,0.445,8.44,3.745,NA,NA,NA,NA,NA,NA,NA,NA,8.095833778,1890,-42.8,146.4,0.445,0.75271091015398,0.201145894259457,NA,NA,NA,0,1,3.79542606184429,NA,NA,0.0110900093828026,NA,0.0789255629819038,160.271315656566,NA,0,0,0,0,0,0,NA,-1.95506808641191
"Hakea_tephrosperma","Hakea","Proteaceae","Proteales",1,NA,0.136556165666667,0.06,2.60333333333333,24.8866666666667,11.6933333333333,NA,NA,NA,NA,NA,NA,NA,NA,17.41666603,406,-32.97638,146.14583,2.64333333333333,1.83237736922148,0.15755124045496,NA,NA,NA,0,1,5.57244900367869,NA,NA,0.00711109113404136,NA,0.0534048243906267,237.936680710748,NA,0,0,0,0,0,0,NA,-2.14806375550997
"Hakea_teretifolia","Hakea","Proteaceae","Proteales",1,NA,NA,0.08,1.12,14.08,6.69,NA,NA,NA,NA,NA,NA,NA,NA,16.92083359,1323,-33.578,151.292,1.2,1.23607744647421,0.184764939682243,NA,NA,NA,0,1,4.78749174278205,NA,NA,NA,NA,0.0709941521666082,177.005714285714,NA,0,0,0,0,0,0,NA,NA
"Hamamelis_japonica","Hamamelis","Hamamelidaceae","Saxifragales",0,71.45,0.0995398875,0.12,49.39,29.835,10.405,NA,49.39,29.835,48.335,27.94,0,41,NA,6.700000286,1960,36.7198,139.4699,49.51,7.93179511399559,0.76241696428651,29.835,27.94,41,1.4464729310805,1.06772490710136,8.50338015643003,0.0655275476150403,0.301737276260311,0.000200818000160107,NA,0.695797201723678,18.0605471778026,1.055,0.0355353436671335,0.0379321583280298,0.0216667493078799,0.0311964912280703,0.8077145572497,1.35363813991599,1.85400223312699,-3.69719736214532
"Hamamelis_virginia","Hamamelis","Hamamelidaceae","Saxifragales",0,46.8611111111111,0.122137911690476,0.138333333333333,47.5821428571429,29.5254761904762,9.74071428571429,NA,47.5821428571429,29.5254761904762,45.7192857142857,26.9733333333333,0,26.0714285714286,3.03333333333333,8.01964289785714,1126.14285714286,42.1157142857143,-74.1842857142857,47.7007142857143,7.65003383155544,0.785850339248244,29.5254761904762,26.9733333333333,27.8809523809524,1.0617516391956,1.09919827214055,8.39848226933081,0.0937762491888243,0.0188013465894,0.000339953246558233,NA,0.659312717618143,19.2177208292505,1.86285714285714,0.0626699951959783,0.069145661809494,0.041922357701026,0.0758110620013671,0.659310615535808,0.961142244578658,1.67081258182184,-3.46858080695172
"Hamamelis_virginiana","Hamamelis","Hamamelidaceae","Saxifragales",0,63.1333333333333,0.2074516165,0.143333333333333,39.925,27.9033333333333,10.1816666666667,NA,39.925,27.9033333333333,38.2983333333333,25.9683333333333,0,20.3333333333333,1,15.97708321,1190,34.76,-79.475,39.9966666666667,7.10486016367145,0.698923548267752,27.9033333333333,25.9683333333333,20.8333333333333,0.80197937900089,1.07426641427704,8.27566701256053,0.071561856185027,-0.35334133529901,0.00125753454485962,NA,0.639624075853813,19.7868197268794,1.62666666666667,0.0577685876929968,0.0620843908183251,0.0408984145356948,0.101848484848485,0.510417944200075,0.742949268944743,1.80025871994759,-2.90048007590556
"Hamelia_versicolor","Hamelia","Rubiaceae","Gentianales",1,NA,0.0359545725,NA,20.77,20.42,8.27,NA,NA,NA,NA,NA,NA,NA,NA,25.19583321,942,19.5,-105.05,20.77,5.10056914262819,0.626514239440179,NA,NA,NA,0,1,7.60566767990781,NA,NA,6.862200027063e-05,NA,0.62586987799918,20.2230605249134,NA,0,0,0,0,0,0,NA,-4.16353662679521
"Harpullia_rhyticarpa","Harpullia","Sapindaceae","Sapindales",1,NA,NA,0.02,40.53,34.37,15.04,NA,NA,NA,NA,NA,NA,NA,NA,23.6875,3054,-16.144616,145.430116,40.55,7.1853923719593,0.477752152390911,NA,NA,NA,0,1,8.30770596654951,NA,NA,NA,NA,0.431149020199729,29.1462348877375,NA,0,0,0,0,0,0,NA,NA
"Hasseltia_floribunda","Hasseltia","Salicaceae","Malpighiales",0,36.8,NA,NA,47.32,32.06,12.94,NA,47.32,32.06,46.78,31.02,0,25,NA,26.39583397,2496,9.17,-79.85,47.32,7.7620677178744,0.599850673715178,32.06,31.02,25,0.805931656995487,1.03352675693101,8.46210322509828,0.0329769894330141,-0.215756332880192,NA,NA,0.57853223726983,21.721124260355,0.539999999999999,0.0168434185901435,0.0174081237911025,0.0114116652578191,0.0216,0.528317836010144,0.779787897691828,1.56584781867352,NA
"Hedera_helix","Hedera","Araliaceae","Apiales",1,NA,0.068212166,0.2,2.95,8.28,2.6,NA,NA,NA,NA,NA,NA,NA,NA,16.12916756,784,36.416864,-5.581529,3.15,2.00267435343736,0.770259366706678,NA,NA,NA,0,1,5.75257263882563,NA,NA,0.00147711098108303,NA,0.540718472314983,23.2401355932203,NA,0,0,0,0,0,0,NA,-2.83058687323156
"Hedycarya_arborea","Hedycarya","Monimiaceae","Laurales",0,124.9273399,0.16,0.235,14.750875,20.415,8.08,NA,19.03,20.415,18.93,20.23,0,22.5,NA,9.920833588,1596,-38.8,176.4,14.868375,4.2460347254207,0.592640481450913,20.415,20.23,22.5,1.13236706373182,1.00936738808296,7.21179127165758,0.00932317060736361,0.120281572645557,0.00244467257144221,NA,0.543819740005933,23.1457031706419,0.100000000000001,0.00449298486108305,0.00453277536457707,0.00476710033852552,0.00420000000000003,1.36200484979766,1.12174805426339,2.09665749256443,-2.6117793001143
"Hedycarya_dorstenioides","Hedycarya","Monimiaceae","Laurales",1,91.35,0.0870227655,0.15,29.06,27.135,11.28,NA,NA,NA,NA,NA,NA,NA,NA,24.46666718,2982,-16.75001585,179.0199514,29.21,6.09772915632836,0.543952854014784,NA,NA,NA,0,1,7.97919578977853,NA,NA,0.000259946000787385,NA,0.503307169539523,25.3999175747584,NA,0,0,0,0,0,0,1.96070855168856,-3.58511685970504
"Hedyotis_fosbergii","Hedyotis","Rubiaceae","Gentianales",1,NA,0.192859351,NA,11.285,13.795,5.205,NA,NA,NA,NA,NA,NA,NA,NA,20.72083282,4667,21.3279,-157.755,11.285,3.78943461586743,0.728027074189253,NA,NA,NA,0,1,7.02743377903732,NA,NA,0.00357501850003817,NA,0.744608116385665,16.8784558480895,NA,0,0,0,0,0,0,NA,-2.44672170646606
"Hedyotis_terminalis","Hedyotis","Rubiaceae","Gentianales",1,NA,0.374481986,NA,26.83,23.215,9.55,NA,NA,NA,NA,NA,NA,NA,NA,20.72083282,4667,21.3279,-157.755,26.83,5.84445755185095,0.61198888597459,NA,NA,NA,0,1,7.89449570195713,NA,NA,0.00523235200416866,NA,0.625513973795391,20.0902889789429,NA,0,0,0,0,0,0,NA,-2.28130304673163
"Heisteria_acuminata","Heisteria","Olacaceae","Santalales",1,95.7,0.11303897,NA,30.09,23.98,9.83,NA,NA,NA,NA,NA,NA,NA,NA,26.39583397,2496,9.17,-79.85,30.09,6.18965087069384,0.629669468025823,NA,NA,NA,0,1,8.00936307663004,NA,NA,0.000424652998958488,NA,0.657557437331477,19.1106812894649,NA,0,0,0,0,0,0,1.98091193777684,-3.37196580452041
"Helianthostylis_sprucei","Helianthostylis","Moraceae","Rosales",1,NA,NA,NA,17.2666666666667,22.3533333333333,9.62666666666667,NA,NA,NA,NA,NA,NA,NA,NA,26.97500038,2237,-3,-58.97,17.2666666666667,4.67576148469026,0.48937093722235,NA,NA,NA,0,1,7.44262868764776,NA,NA,NA,NA,0.438488559282391,28.9559850007622,NA,0,0,0,0,0,0,NA,NA
"Helicia_artocarpoides","Helicia","Proteaceae","Proteales",1,NA,NA,NA,2476.815,950.175,86.715,NA,NA,NA,NA,NA,NA,NA,NA,24.77499962,2225,5.016667,117.8125,2476.815,56.0212465476723,0.645368165285419,NA,NA,NA,0,1,12.41021312796,NA,NA,NA,NA,0.0343791152332966,365.727869621631,NA,0,0,0,0,0,0,NA,NA
"Helicia_cochinchinensis","Helicia","Proteaceae","Proteales",0,78.6,0.1302774355,0.065,24.84,29.85,12.81,NA,24.84,29.85,24.155,28.34,0,19.5,NA,19.19166565,3068,30.3492,130.6644,24.905,5.62872776645456,0.439425635831748,29.85,28.34,19.5,0.688225935836209,1.05332632356702,7.8185056685251,0.0519522279875753,-0.373661408502858,0.000694276501749562,NA,0.350071417116419,35.8971350498949,0.685,0.0229546992577494,0.0241790820795773,0.0276354067687488,0.0351315789473684,0.786529242436981,0.653378682606316,1.89542254603941,-3.15846753348059
"Helicteres_jamaicensis","Helicteres","Malvaceae","Malvales",0,52.65,0.177679152,0.16,63.645,44.815,14.32,NA,63.645,44.815,61.73,38.105,0,109.5,NA,25.97916603,837,17.934795,-66.929542,63.805,9.0116958370764,0.629335779488281,44.815,38.105,109.5,2.87443952984226,1.17630942843582,8.76030264055985,0.162301680101318,1.05567469801562,0.000499013001052449,NA,0.398169720016387,31.5989181724032,1.915,0.0427290543558306,0.0502455081446845,0.0301004561676135,0.0174912427022519,1.72337020001287,2.44340828440079,1.72139837552151,-3.30188813932293
"Helietta_parvifolia","Helietta","Rutaceae","Sapindales",NA,108.5161595,0.1475,NA,4.239,NA,NA,NA,NA,NA,NA,NA,NA,NA,NA,22.23333333,795.3,24.7489,-99.79931667,4.239,2.32320090180173,NA,NA,NA,NA,NA,NA,6.04949757835859,NA,NA,0.00513240150979004,NA,NA,NA,NA,NA,NA,NA,NA,NA,NA,2.03549441522712,-2.28967937593986
"Heliocarpus_pallidus","Heliocarpus","Malvaceae","Malvales",0,NA,NA,NA,32.99,29.62,9.06,NA,32.99,29.62,32.11,25.76,0,59,1,25.19583321,942,19.5,-105.05,32.99,6.48106261201148,0.715349074173452,29.62,25.76,60,2.32919254658385,1.14984472049689,8.10137467122858,0.1396269076035,0.845521660985948,NA,NA,0.472522041022555,26.59425280388,0.880000000000003,0.0297096556380825,0.0341614906832299,0.0266747499242195,0.0149152542372882,1.8187329493786,2.02565833896016,NA,NA
"Hernandia_didymantha","Hernandia","Hernandiaceae","Laurales",1,NA,0.1669210185,0.47,43.685,29.38,11.725,NA,NA,NA,NA,NA,NA,NA,NA,25.29999924,4740,2.970351018,-78.18942184,44.155,6.88243014030556,0.64016406712762,NA,NA,NA,0,1,8.01467418407782,NA,NA,0.00105124869632963,NA,0.608625078440978,21.6522323810388,NA,0,0,0,0,0,0,NA,-2.97829452976925
"Herrania_cuatrecasana","Herrania","Malvaceae","Malvales",0,35.95,0.3937998945,0.665,201.725,71.49,28.715,NA,201.725,71.49,197.54,69.465,0,27,NA,25.08749962,3338,-0.7,-76.3953,202.39,15.7241863982727,0.551979496526256,71.49,69.465,27,0.425102501916178,1.03206394909937,9.83086014472624,0.031502072446138,-0.912522971446572,0.000801599714549045,NA,0.488690882567078,25.9510892816121,4.18500000000001,0.0505856251308932,0.0518531950646099,0.0172177778572078,0.164613793103449,0.163053633494632,0.410479275532797,1.5556988947189,-3.09604244612977
"Herrania_purpurea","Herrania","Malvaceae","Malvales",1,49.2,NA,NA,538.77,120.7,51.91,NA,NA,NA,NA,NA,NA,NA,NA,26.39583397,2496,9.17,-79.85,538.77,26.1912823190649,0.504551768812655,NA,NA,NA,0,1,10.8944589496868,NA,NA,NA,NA,0.464727881606007,27.0402769270746,NA,0,0,0,0,0,0,1.69196510276736,NA
"Heteropterys_laurifolia","Heteropterys","Malpighiaceae","Malpighiales",1,68.45,0.24913229,0.07,87.5475,43.32,18.0925,NA,NA,NA,NA,NA,NA,NA,NA,25.179166795,2246.5,13.78975,-73.4103,87.5825,10.5416189559785,0.582351468968953,NA,NA,NA,0,1,9.07080395801269,NA,NA,0.000667385999146711,NA,0.583729972336106,21.5941786770439,NA,0,0,0,0,0,0,1.83537345247001,-3.17562290849499
"Heteropterys_palmeri","Heteropterys","Malpighiaceae","Malpighiales",1,NA,0.037933744,NA,4.87666666666667,9.76,3.83333333333333,NA,NA,NA,NA,NA,NA,NA,NA,25.19583321,942,19.5,-105.05,4.87666666666667,2.4541191841774,0.65096453043066,NA,NA,NA,0,1,6.12489083022604,NA,NA,0.000251567995429639,NA,0.636471395628596,19.9018142851335,NA,0,0,0,0,0,0,NA,-3.59934461081186
"Heteropterys_purpurea","Heteropterys","Malpighiaceae","Malpighiales",1,61.85,0.042099545,0.02,2.805,6.85,2.675,NA,NA,NA,NA,NA,NA,NA,NA,25.97916603,837,17.934795,-66.929542,2.825,1.89642442361271,0.709560875296196,NA,NA,NA,0,1,5.64341377691479,NA,NA,0.000642696996439885,NA,0.751210391033672,16.7371515679442,NA,0,0,0,0,0,0,1.79133970396514,-3.19199372970316
"Heterotrichum_cymosum","Heterotrichum","Melastomataceae","Myrtales",0,64.15,0.1327452455,0.305,33.855,27.995,9.79,NA,33.855,27.995,33.565,25.94,0,111,NA,18.68333435,1961,18.1702,-66.5703,34.16,6.41145762429051,0.654573585378567,27.995,25.94,111,4.34877731511097,1.07674310577578,8.01995460966893,0.0738985286805021,1.46784030126648,0.000625173459328179,NA,0.518185517021941,24.2848242089792,0.289999999999999,0.0103099571954105,0.0111030520948025,0.00945362254766875,0.00256818181818181,3.78201074145372,4.04154643545806,1.80719666071095,-3.20399946749223
"Hevea_guianensis","Hevea","Euphorbiaceae","Malpighiales",NA,27.51247887,0.16,NA,50.886,NA,NA,NA,NA,NA,NA,NA,NA,NA,NA,24.88333333,3432.6,-12.55215,-70.1112,50.886,8.04922775633747,NA,NA,NA,NA,NA,NA,8.53475802259571,NA,NA,0.000503085327988052,NA,NA,NA,NA,NA,NA,NA,NA,NA,NA,1.4395297220168,-3.29835834828098
"Hibbertia_bracteata","Hibbertia","Dilleniaceae","Dilleniales",1,134.0593538,0.129583981833333,0.113333333333333,2.1657166665,9.49333333333333,3.82,NA,NA,NA,NA,NA,0,0,0,17.010416795,867.5,-33.27476389,148.721,2.22238333316667,1.53353283043641,0.579511013857414,NA,NA,0,0,1,5.00925941127824,0,NA,0.00976164113794907,NA,0.525294862874856,24.4542631754923,0,0,0,0,0,0,0,2.12729712165348,-2.01047716212441
"Hillia_parasitica","Hillia","Rubiaceae","Gentianales",1,80.5,0.130748892,0.155,14.69,18.205,7.035,NA,NA,NA,NA,NA,NA,NA,NA,18.68333435,1961,18.1702,-66.5703,14.845,4.34525630583777,0.617519568657224,NA,NA,NA,0,1,7.30071598913811,NA,NA,0.00115160849875527,NA,0.557370062008745,22.6721492708535,NA,0,0,0,0,0,0,1.90579588036787,-2.93869513873239
"Hippophae_rhamnoides","Hippophae","Elaeagnaceae","Rosales",NA,150.0025802,0.165608,NA,4.526066667,NA,NA,NA,NA,NA,NA,NA,NA,NA,NA,16.12916756,784,36.416864,-5.581529,4.526066667,2.4005764021443,NA,NA,NA,NA,NA,NA,6.11502346287443,NA,NA,0.00605956820388125,NA,NA,NA,NA,NA,NA,NA,NA,NA,NA,2.17609872943558,-2.21755832193156
"Hirtella_triandra","Hirtella","Chrysobalanaceae","Malpighiales",1,42.5,NA,NA,39.55,30.01,12.78,NA,NA,NA,NA,NA,NA,NA,NA,26.39583397,2496,9.17,-79.85,39.55,7.09624013082109,0.555261356089287,NA,NA,NA,0,1,8.28273588020175,NA,NA,NA,NA,0.5518542112064,22.771178255373,NA,0,0,0,0,0,0,1.62838893005031,NA
"Homalium_racemosum","Homalium","Salicaceae","Malpighiales",0,119.25,0.112237088,0.045,11.235,13.59,4.985,NA,11.235,13.59,10.795,12.89,0,19.5,NA,22.53333282,2174,18.1702,-66.99,11.28,3.71995995247206,0.744664402505859,13.59,12.89,19.5,1.55086044041767,1.05669602157915,6.9524264829944,0.0550822086077251,0.431116454572143,0.00119518575435453,NA,0.734267700116425,17.1183641369841,0.44,0.0326996120898658,0.0345742597831433,0.0432749002072441,0.0224603174603175,1.96305222810511,1.46577501212219,2.07645838771215,-2.92256459193605
"Hopea_nervosa","Hopea","Dipterocarpaceae","Malvales",1,NA,NA,NA,36.99,27.78,11.595,NA,NA,NA,NA,NA,NA,NA,NA,24.77499962,2225,5.016667,117.8125,36.99,6.86230295346982,0.592089518011503,NA,NA,NA,0,1,8.21556598536523,NA,NA,NA,NA,0.602620299270816,20.8631633190287,NA,0,0,0,0,0,0,NA,NA
"Hopea_nutans","Hopea","Dipterocarpaceae","Malvales",1,NA,NA,NA,64.605,36.175,14.88,NA,NA,NA,NA,NA,NA,NA,NA,24.77499962,2225,5.016667,117.8125,64.605,9.05763873473035,0.608351228792221,NA,NA,NA,0,1,8.76817628672998,NA,NA,NA,NA,0.618219954159164,20.3603719430911,NA,0,0,0,0,0,0,NA,NA
"Hopea_sangal","Hopea","Dipterocarpaceae","Malvales",1,NA,NA,NA,56.785,33.585,13.35,NA,NA,NA,NA,NA,NA,NA,NA,24.77499962,2225,5.016667,117.8125,56.785,8.50298611516767,0.638390511303162,NA,NA,NA,0,1,8.64443866697589,NA,NA,NA,NA,0.634730447357789,19.8879421616082,NA,0,0,0,0,0,0,NA,NA
"Hyalis_argentea","Hyalis","Asteraceae","Asterales",NA,103.5541655,0.205,NA,1.7585,NA,NA,NA,NA,NA,NA,NA,NA,NA,NA,13.65833333,201.1,-42.76881667,-64.10093333,1.7585,1.49632608057762,NA,NA,NA,NA,NA,NA,5.16963135891999,NA,NA,0.0238982087005971,NA,NA,NA,NA,NA,NA,NA,NA,NA,NA,2.01516757321768,-1.62163465054145
"Hybanthus_prunifolius","Hybanthus","Violaceae","Malpighiales",0,34.2,0.090637301,NA,15.62,18.43,7.56,NA,15.62,18.43,15.43,18.22,0,18,NA,26.39583397,2496,9.17,-79.85,15.62,4.45959658363436,0.589893727993963,18.43,18.22,18,0.987925356750823,1.01152579582876,7.35372233039963,0.0114598798499196,-0.0121481339356475,0.000525936000804392,NA,0.577883405074502,21.7455121638924,0.19,0.0103092783505154,0.0104281009879253,0.0121638924455826,0.0105555555555555,1.15236875800256,0.976668475311991,1.53402610605614,-3.27906710031116
"Hydrangea_arborescens","Hydrangea","Hydrangeaceae","Cornales",0,NA,0.380000202,NA,43.17,34.45,11.52,NA,43.17,34.45,41.91,29.27,0,53,7,11.59166718,1075,39.92,-76.75,43.17,7.41388907026649,0.643566759571744,34.45,29.27,60,2.04988042364195,1.17697300990776,8.37031599555548,0.162945896755873,0.717781461518306,0.00334491900671857,NA,0.457102356476234,27.4913713226778,1.26000000000001,0.0365747460087084,0.0430474888964812,0.0291869353717861,0.0237735849056605,1.38985406532314,1.74165457184325,NA,-2.47561439369916
"Hydrangea_chinensis","Hydrangea","Hydrangeaceae","Cornales",0,20.95,0.0892230885,0.12,32.215,37.3775,11.9775,NA,32.215,37.3775,30.725,30.3525,0,42,2,18.57291603,3066,30.3296,130.6472,32.275,6.31628215778297,0.524852454188861,37.3775,30.3525,42.5,1.39037816312838,1.244744644939,8.01445578589245,0.209838214395085,0.324436908915406,0.000319285758582582,NA,0.282456056415636,44.6452308573202,1.49,0.0386247677191465,0.0508931452836621,0.0472595261575913,0.0361604395604395,1.37572578778282,1.12687879923372,1.32118402730231,-3.49582045229342
"Hydrangea_hirta","Hydrangea","Hydrangeaceae","Cornales",0,23.15,0.058756641,0.16,23.61,29.25,8.45,NA,23.61,29.25,21.52,20.805,0,20.5,NA,6.700000286,1960,36.7198,139.4699,23.77,5.49078403462783,0.651531043636416,29.25,20.805,20.5,0.993715968471946,1.40721647446856,7.76588632718547,0.341547334838883,-0.0118145486001188,0.000145423499816371,NA,0.345821235551459,36.3453599307058,2.09,0.0710599788298544,0.0999045675496183,0.0882440378604061,0.102380952380952,0.884320283297265,0.705399444098707,1.36455099535397,-3.83736540767285
"Hydrangea_paniculata","Hydrangea","Hydrangeaceae","Cornales",0,64.9,0.1127706315,0.3375,48.05,40.7325,12.48,NA,48.05,40.7325,47.4625,32.1725,0,72,NA,14.191666605,3319.5,30.305,130.5849,48.3875,7.84583755374623,0.633557251333301,40.7325,32.1725,72,2.23026904713058,1.2647539818211,8.4827329176014,0.233667207221573,0.780929689293222,0.000278635935382572,NA,0.369090602390832,34.7905143170082,0.5875,0.0140367580218961,0.0181071049741373,0.0123548373993804,0.00770485408232119,1.51025260219178,1.75089849702119,1.81224469680037,-3.55496287379887
"Hydrangea_petiolata","Hydrangea","Hydrangeaceae","Cornales",0,42.5375,0.05745037175,0.25,17.94125,31.01375,6.5225,NA,17.94125,31.01375,17.21375,17.7425,0,83.625,4,11.7885416765,3003,31.907425,132.7949,18.19125,4.49651990470725,0.699581116050644,31.01375,17.7425,85.25,5.06341421368587,1.74172320931322,7.22590757669804,0.552331814272749,1.59519604236225,0.00021562957957671,NA,0.217340766108804,62.186913511254,0.727500000000001,0.0222889480423836,0.0388677963246685,0.0468218140454842,0.00839802824927781,6.75218249537643,2.9255620099245,1.62877196210387,-3.6662916638666
"Hydrangea_serratifolia","Hydrangea","Hydrangeaceae","Cornales",1,NA,NA,0.1,14.16,16.575,6.93,NA,NA,NA,NA,NA,NA,NA,NA,12.13333321,863,-35.8258,-72.5033,14.21,4.17488597092302,0.603707449867276,NA,NA,NA,0,1,7.18299522736452,NA,NA,NA,NA,0.626045520870614,20.076626174129,NA,0,0,0,0,0,0,NA,NA
"Hyeronima_laxiflora","Hyeronima","Phyllanthaceae","Malpighiales",1,NA,0.226527899,NA,52.79,31.59,12.24,NA,NA,NA,NA,NA,NA,NA,NA,26.39583397,2496,9.17,-79.85,52.79,8.19843372642417,0.669806676995438,NA,NA,NA,0,1,8.57149196482362,NA,NA,0.000972056999911995,NA,0.664756012714764,18.9037336616783,NA,0,0,0,0,0,0,NA,-3.01230826797347
"Hylenaea_praecelsa","Hylenaea","Celastraceae","Celastrales",1,NA,NA,NA,64.43,38.02,14.41,NA,NA,NA,NA,NA,NA,NA,NA,26.97500038,2237,-3,-58.97,64.43,9.05730776043779,0.628543217240651,NA,NA,NA,0,1,8.77074954913864,NA,NA,NA,NA,0.560110572416108,22.4355176160174,NA,0,0,0,0,0,0,NA,NA
"Hypelate_trifoliata","Hypelate","Sapindaceae","Sapindales",1,157.425,0.08961598325,0.01,3.56,9.2325,3.8025,NA,NA,NA,NA,NA,NA,NA,NA,25.577082635,997,17.952397485,-66.900190145,3.5675,2.12365419726019,0.559684403648574,NA,NA,NA,0,1,5.86297359110312,NA,NA,0.00254381724552549,NA,0.522671746490879,24.4565520826209,NA,0,0,0,0,0,0,2.1970737019741,-2.59451409275271
"Hypericum_hypericoides","Hypericum","Hypericaceae","Malpighiales",1,94.6,0.072983086,NA,0.73,5.08,2.21333333333333,NA,NA,NA,NA,NA,NA,NA,NA,20.36249924,1305,29.6,-82.2,0.73,0.962726096531437,0.434876753574783,NA,NA,NA,0,1,4.284859348489,NA,NA,0.00771960991606289,NA,0.354619856319182,35.4752834243052,NA,0,0,0,0,0,0,1.97589113640179,-2.11240464468779
"Idiospermum_australense","Idiospermum","Calycanthaceae","Laurales",1,NA,NA,0.29,93.93,42.14,16.84,NA,NA,NA,NA,NA,NA,NA,NA,23.6875,3054,-16.144616,145.430116,94.22,10.9528366145463,0.650405974735531,NA,NA,NA,0,1,9.15080265925999,NA,NA,NA,NA,0.664699150619118,18.9053507931438,NA,0,0,0,0,0,0,NA,NA
"Ilex_anomala","Ilex","Aquifoliaceae","Aquifoliales",1,NA,0.3099405585,0.15,25.065,21.56,8.075,NA,NA,NA,NA,NA,NA,NA,NA,20.72083282,4667,21.3279,-157.755,25.215,5.6626677638105,0.70174308625939,NA,NA,NA,0,1,7.83018117617658,NA,NA,0.00382566592952627,NA,0.677109856364939,18.5610884396775,NA,0,0,0,0,0,0,NA,-2.41729295675979
"Ilex_aquifolium","Ilex","Aquifoliaceae","Aquifoliales",0.5,NA,NA,0.49,36.065,27.985,11.58,NA,31.61,25.05,30.52,23.56,0,6,0,16.12916756,784,36.416864,-5.581529,36.555,6.80878041222639,0.599314493738675,25.05,23.56,6,0.254668930390492,1.03162139219015,8.19605960963637,0.0306617343737439,-0.674643708995386,NA,NA,0.582810559679015,21.7229121718201,0.545,0.0217564870259481,0.0231324278438031,0.0172413793103448,0.0454166666666667,0.189813350205631,0.239520958083832,NA,NA
"Ilex_arnhemensis","Ilex","Aquifoliaceae","Aquifoliales",1,NA,NA,0.03,19.57,22.97,10.06,NA,NA,NA,NA,NA,NA,NA,NA,23.6875,3054,-16.144616,145.430116,19.6,4.99554752522776,0.496575300718465,NA,NA,NA,0,1,7.58069975222456,NA,NA,NA,NA,0.466099566796935,26.9607000510986,NA,0,0,0,0,0,0,NA,NA
"Ilex_cf. pedunculosa","Ilex","Aquifoliaceae","Aquifoliales",1,159.95,0.1087483575,0.11,4.855,9.51,3.625,NA,NA,NA,NA,NA,NA,NA,NA,12.07083321,3413,30.2999,130.5399,4.965,2.51374997483366,0.694526259122084,NA,NA,NA,0,1,6.20673036436992,NA,NA,0.00239778048481067,NA,0.67469885797762,18.6317667216544,NA,0,0,0,0,0,0,2.20398424442013,-2.62019057878478
"Ilex_coriacea","Ilex","Aquifoliaceae","Aquifoliales",0,106.266666666667,0.154612356333333,0.16,24.2166666666667,21.2766666666667,8.75,NA,24.2166666666667,21.2766666666667,24.19,21.19,0,2,NA,20.36249924,1305,29.6,-82.2,24.3766666666667,5.55989821775375,0.636049167844672,21.2766666666667,21.19,2,0.0948316240904017,1.00416159768565,7.79068538471232,0.00415237005605346,-2.35800947793298,0.000990593333104883,NA,0.670069242592669,18.7648525989907,0.0266666666666673,0.00125835155818758,0.0012637442026259,0.00112305521257479,0.0133333333333336,0.0839517623894229,0.0944319550282318,2.02639705800441,-3.00410459923414
"Ilex_decidua","Ilex","Aquifoliaceae","Aquifoliales",0,82.7611111111111,0.0719109347222222,0.0266666666666667,4.08944444444444,10.8122222222222,4.68055555555556,NA,4.08944444444444,10.8122222222222,3.97666666666667,10.64,0,17,NA,17.2513888666667,1189.66666666667,34.0066666666667,-80.1333333333333,4.11388888888889,2.18766417321464,0.464613583453713,10.8122222222222,10.64,17,1.47530925846404,1.01454784534901,5.82773675796487,0.0143700719844161,0.168029858310417,0.00220917270528412,NA,0.402714204457813,31.5630297905557,0.112777777777778,0.00914665508745121,0.00935371381975949,0.0237882357751033,0.00541899115677851,4.03707141063646,1.44619121374359,1.91782631266292,-2.65577033119964
"Ilex_goshiensis","Ilex","Aquifoliaceae","Aquifoliales",0,84.45,0.0849031945,0.055,5.96,11.155,4.67,NA,5.96,11.155,5.95,11.105,0,7.5,NA,14.71249962,3273,30.3101,130.5899,6.015,2.71788867722201,0.579338239359939,11.155,11.105,7.5,0.60778127231109,1.00383729854183,6.32585336749595,0.00382264858897555,-0.763092528873835,0.00122465617613761,NA,0.577356858901463,21.786925875153,0.00999999999999979,0.000761614623000745,0.000767459708365295,0.00122399020807831,0.000769230769230753,1.06226030191758,0.603981966824133,1.92659965390703,-2.91198582294453
"Ilex_nitida","Ilex","Aquifoliaceae","Aquifoliales",1,207.65,0.116955268,0.115,9.65,14.935,4.86,NA,NA,NA,NA,NA,NA,NA,NA,20.09166718,2083,18.15399777,-66.80487416,9.765,3.52244243559672,0.724606849214417,NA,NA,NA,0,1,6.87985091056785,NA,NA,0.00140537947987069,NA,0.546957764804982,23.1153016166192,NA,0,0,0,0,0,0,2.3173319354459,-2.85220639194295
"Ilex_opaca","Ilex","Aquifoliaceae","Aquifoliales",0.166666666666667,144.472222222222,0.133096080111111,0.0877777777777778,14.0388888888889,20.7958333333333,6.43666666666667,NA,14.8053333333333,20.834,13.7973333333333,16.3686666666667,0,7.46666666666667,NA,17.6145830166667,1214.33333333333,33.3534045,-80.2261591666667,14.1266666666667,4.19693458228377,0.654437709076038,20.834,16.3686666666667,7.46666666666667,0.373218277323827,1.21996883160226,7.21107158425224,0.225489707245143,-0.953924693829793,0.0013205340378496,NA,0.429534808041375,32.3716689341605,1.008,0.0374093841557712,0.0492008025167248,0.0544891344506091,0.110498376623377,0.428935070009313,0.282104463342625,2.15978435300754,-2.87925040001576
"Ilex_riedlaei","Ilex","Aquifoliaceae","Aquifoliales",1,189.5,0.096321225,0.04,5.23,9.665,3.725,NA,NA,NA,NA,NA,NA,NA,NA,22.53333282,2174,18.1702,-66.99,5.27,2.58884826920189,0.69518363814052,NA,NA,NA,0,1,6.2648618779671,NA,NA,0.00164791800808182,NA,0.70287547295221,17.9154607284863,NA,0,0,0,0,0,0,2.27760921430409,-2.78306440035945
"Ilex_sugeroki","Ilex","Aquifoliaceae","Aquifoliales",0,69.1,0.0860955325,0.07,13.24,18.2,7.535,NA,13.24,18.2,13.22,17.565,0,26.5,NA,19.19166565,3068,30.3492,130.6644,13.31,4.10643066903815,0.545542901526232,18.2,17.565,26.5,1.50775868544908,1.03565255590793,7.18371756494766,0.0350165245619358,0.410599679330187,0.000557575990674529,NA,0.501923898474738,25.0816979656487,0.0200000000000005,0.00110845872772693,0.00114739052757757,0.00154199580143895,0.000761494252873578,2.01562959490582,1.45584177543418,1.8394780473742,-3.25369593530829
"Ilex_verticillata","Ilex","Aquifoliaceae","Aquifoliales",0,43.1458333333333,0.0937355808,0.0716666666666667,13.4686666666667,18.3116666666667,7.02066666666667,NA,13.4686666666667,18.3116666666667,13.0993333333333,16.5596666666667,0,36.8333333333333,3.77777777777778,8.660000039,1129.2,41.91,-73.4,13.526,3.9902907239455,0.571579370556789,18.3116666666667,16.5596666666667,38.9666666666667,2.41595322555536,1.09368699727064,7.05733948305874,0.0881885639775626,0.863770932072999,0.000689494245589377,NA,0.481751088954846,26.5035518753834,0.369333333333333,0.0184106770411915,0.0205238689618272,0.0267992466228249,0.00952519952669062,3.51996310639078,2.22322335639954,1.63493886151787,-3.1614693540265
"Ilex_vomitoria","Ilex","Aquifoliaceae","Aquifoliales",0,128.183333333333,0.068559681,0.015,2.36166666666667,6.98,2.68,NA,2.36166666666667,6.98,2.305,6.61,0,16.5,NA,22.4375,1243,27.18,-81.35,2.37166666666667,1.70429315820362,0.634176847562576,6.98,6.61,16.5,2.48386324630336,1.05252680893456,5.38970833455587,0.050773414090045,0.90136431276203,0.00199311399417381,NA,0.587547577215264,21.4984050356887,0.0566666666666666,0.00792142937262794,0.00841940328947879,0.0250981848739971,0.00328079378351117,7.55290342429473,2.35638735150274,2.10783156097133,-2.70046786154794
"Illicium_anisatum","Illicium","Schisandraceae","Austrobaileyales",1,118.383333333333,0.154892473666667,0.171666666666667,20.535,23,9.545,NA,NA,NA,NA,NA,NA,NA,NA,13.48472214,3350.66666666667,30.3033,130.5699,20.7066666666667,5.12360980061023,0.538270052471202,NA,NA,NA,0,1,7.62698433361089,NA,NA,0.00122336981266277,NA,0.492348848965837,25.8570833178599,NA,0,0,0,0,0,0,2.07329056428841,-2.91244224016626
"Inga_?marginata","Inga","Fabaceae","Fabales",1,61.3,0.085923075,NA,19.68,21.06,9.04,NA,NA,NA,NA,NA,NA,NA,NA,26.39583397,2496,9.17,-79.85,19.68,5.00573213829785,0.553731431227639,NA,NA,NA,0,1,7.5847730776122,NA,NA,0.000375140996821932,NA,0.557594170164989,22.5367682926829,NA,0,0,0,0,0,0,1.78746047451842,-3.425805471918
"Inga_alba","Inga","Fabaceae","Fabales",1,NA,NA,NA,38.0933333333333,30.5666666666667,12.9066666666667,NA,NA,NA,NA,NA,NA,NA,NA,26.97500038,2237,-3,-58.97,38.0933333333333,6.78009704072689,0.521727896843869,NA,NA,NA,0,1,8.13114439016017,NA,NA,NA,NA,0.481151464730121,26.4402619675867,NA,0,0,0,0,0,0,NA,NA
"Inga_auristellae","Inga","Fabaceae","Fabales",1,52.85,NA,NA,16.055,20.48,8.94,NA,NA,NA,NA,NA,NA,NA,NA,25.09583282,3334,-0.6859,-76.3953,16.055,4.52041074892844,0.505905682130976,NA,NA,NA,0,1,7.38043221764093,NA,NA,NA,NA,0.481548212678635,26.124801221887,NA,0,0,0,0,0,0,1.72304499164344,NA
"Inga_bourgonii","Inga","Fabaceae","Fabales",1,NA,NA,NA,46.555,29.99,11.855,NA,NA,NA,NA,NA,NA,NA,NA,26.97500038,2237,-3,-58.97,46.555,7.64993898918296,0.653147859547099,NA,NA,NA,0,1,8.42003145718594,NA,NA,NA,NA,0.651224032812472,19.4218934797871,NA,0,0,0,0,0,0,NA,NA
"Inga_capitata","Inga","Fabaceae","Fabales",1,65.5,0.294877993,NA,136.995,55.235,23.44,NA,NA,NA,NA,NA,NA,NA,NA,25.09583282,3334,-0.6859,-76.3953,136.995,13.1841265981358,0.561989906253575,NA,NA,NA,0,1,9.5181389437761,NA,NA,0.000638802501392228,NA,0.561866448715156,22.451302661001,NA,0,0,0,0,0,0,1.81624129999178,-3.1946333919407
"Inga_ciliata ssp. subcapita","Inga","Fabaceae","Fabales",1,53.65,0.0725518045,NA,15.47,19.47,8.21,NA,NA,NA,NA,NA,NA,NA,NA,25.09583282,3334,-0.6859,-76.3953,15.47,4.40308462812275,0.552065391908928,NA,NA,NA,0,1,7.31210447609216,NA,NA,0.000376334499500375,NA,0.532583431124392,24.5232873419142,NA,0,0,0,0,0,0,1.72956972630197,-3.42442596702199
"Inga_cocleensis","Inga","Fabaceae","Fabales",1,63.8,0.22491128,NA,51.27,33.83,14.39,NA,NA,NA,NA,NA,NA,NA,NA,26.39583397,2496,9.17,-79.85,51.27,8.07954153764753,0.56146918260233,NA,NA,NA,0,1,8.5422759717837,NA,NA,0.000986640996123238,NA,0.56294917354084,22.3223893114882,NA,0,0,0,0,0,0,1.80482067872116,-3.0058408430395
"Inga_cordatoalata","Inga","Fabaceae","Fabales",1,52.65,NA,NA,12.205,16.565,7.025,NA,NA,NA,NA,NA,NA,NA,NA,25.09583282,3334,-0.6859,-76.3953,12.205,3.91766510512988,0.556086549035872,NA,NA,NA,0,1,7.08202273074245,NA,NA,NA,NA,0.549877534072843,23.0526395210975,NA,0,0,0,0,0,0,1.72139837552151,NA
"Inga_cuadra","Inga","Fabaceae","Fabales",1,48.1,0.0780425705,0.03,26.965,25.725,10.85,NA,NA,NA,NA,NA,NA,NA,NA,25.09583282,3334,-0.6859,-76.3953,26.995,5.8591464494012,0.539996650707648,NA,NA,NA,0,1,7.89840385362551,NA,NA,0.00023225003696928,NA,0.511230796646721,24.5866043353497,NA,0,0,0,0,0,0,1.68214507637383,-3.63404420820384
"Inga_fagifolia","Inga","Fabaceae","Fabales",1,78.075,0.14133647025,0.125,31.1375,24.3025,9.3125,NA,NA,NA,NA,NA,NA,NA,NA,23.243750575,2289.5,13.661998885,-73.32743708,31.2,6.13492712621226,0.671327969757397,NA,NA,NA,0,1,7.93447493914257,NA,NA,0.000838791504060486,NA,0.631708310749912,19.920763862228,NA,0,0,0,0,0,0,1.89251199290224,-3.07634597706022
"Inga_goldmanii","Inga","Fabaceae","Fabales",1,NA,0.210453143,NA,119.55,50.98,21.34,NA,NA,NA,NA,NA,NA,NA,NA,26.39583397,2496,9.17,-79.85,119.55,12.3375762438612,0.578143216675784,NA,NA,NA,0,1,9.38890487989243,NA,NA,0.000370477000406344,NA,0.578042515363697,21.7395265579256,NA,0,0,0,0,0,0,NA,-3.43123874829641
"Inga_gracifolia","Inga","Fabaceae","Fabales",1,NA,NA,NA,5.44,12.46,5.32,NA,NA,NA,NA,NA,NA,NA,NA,26.97500038,2237,-3,-58.97,5.44,2.63180985699182,0.494701100938311,NA,NA,NA,0,1,6.29894924685594,NA,NA,NA,NA,0.440324326075312,28.5388970588235,NA,0,0,0,0,0,0,NA,NA
"Inga_leiocalycina","Inga","Fabaceae","Fabales",1,33.2,0.0928856425,0.125,44.645,32.55,14.015,NA,NA,NA,NA,NA,NA,NA,NA,25.08749962,3338,-0.7,-76.3953,44.77,7.49291037737122,0.533722169064054,NA,NA,NA,0,1,8.37609788235367,NA,NA,0.000205339998496306,NA,0.520169669296115,24.1717846420789,NA,0,0,0,0,0,0,1.52113808370404,-3.68752644549426
"Inga_marginata","Inga","Fabaceae","Fabales",1,49,0.073040553,0.19,41.825,28.35,11.37,NA,NA,NA,NA,NA,NA,NA,NA,25.08749962,3338,-0.7,-76.3953,42.015,7.31219709255302,0.647300569010662,NA,NA,NA,0,1,8.34218943816807,NA,NA,0.00013294100130939,NA,0.657441519683065,19.2203208512268,NA,0,0,0,0,0,0,1.69019608002851,-3.87634105445081
"Inga_nobilis","Inga","Fabaceae","Fabales",1,54.1,0.143379728,0.33,59.52,41.6,18.01,NA,NA,NA,NA,NA,NA,NA,NA,25.08749962,3338,-0.7,-76.3953,59.85,8.72944412637348,0.485444932457053,NA,NA,NA,0,1,8.69700657891402,NA,NA,0.000347918999691344,NA,0.434404058640452,29.1133503233757,NA,0,0,0,0,0,0,1.73319726510657,-3.4585218539894
"Inga_poeppigiana","Inga","Fabaceae","Fabales",1,42.85,0.1045071125,NA,54.685,47.715,21.84,NA,NA,NA,NA,NA,NA,NA,NA,25.09583282,3334,-0.6859,-76.3953,54.685,8.3434849983231,0.382029542274238,NA,NA,NA,0,1,8.60637572819604,NA,NA,0.000199788498426648,NA,0.301766272972353,41.6430468638832,NA,0,0,0,0,0,0,1.63195082625922,-3.69942951717919
"Inga_punctata","Inga","Fabaceae","Fabales",1,43.7,0.1893556505,0.18,62.87,34.645,13.895,NA,NA,NA,NA,NA,NA,NA,NA,25.08749962,3338,-0.7,-76.3953,63.05,8.95682537518115,0.644554564736685,NA,NA,NA,0,1,8.74777614964297,NA,NA,0.000589769998801098,NA,0.658275075245512,19.0962335669051,NA,0,0,0,0,0,0,1.64048143697042,-3.22931732348738
"Inga_quaternata","Inga","Fabaceae","Fabales",1,49.3,0.105939528,NA,29.14,29.93,13.48,NA,NA,NA,NA,NA,NA,NA,NA,26.39583397,2496,9.17,-79.85,29.14,6.09115755284516,0.451866287303053,NA,NA,NA,0,1,7.97728198675515,NA,NA,0.000385147000441413,NA,0.40877655358039,30.7414172958133,NA,0,0,0,0,0,0,1.69284691927723,-3.41437348011309
"Inga_ruiziana","Inga","Fabaceae","Fabales",1,106.975,0.1476721375,0.405,111.99,47.94,19.7,NA,NA,NA,NA,NA,NA,NA,NA,25.741666795,2917,4.235,-78.12265,112.1925,11.5886650181093,0.613515143312276,NA,NA,NA,0,1,9.19971210046408,NA,NA,0.000270997303626832,NA,0.581938562821262,21.6835305758295,NA,0,0,0,0,0,0,2.02928229515597,-3.56703503025406
"Inga_tocacheana","Inga","Fabaceae","Fabales",1,43.75,0.0656499275,0.05,12.59,18.385,7.73,NA,NA,NA,NA,NA,NA,NA,NA,25.08749962,3338,-0.7,-76.3953,12.64,3.99579565927674,0.518198131034202,NA,NA,NA,0,1,7.12608210376423,NA,NA,0.000341864998704692,NA,0.465760242716547,27.0025813898912,NA,0,0,0,0,0,0,1.64097805735833,-3.46614536146589
"Inga_umbellifera","Inga","Fabaceae","Fabales",1,NA,0.138560416,NA,42.45,32.04,13.62,NA,NA,NA,NA,NA,NA,NA,NA,26.39583397,2496,9.17,-79.85,42.45,7.35180377009667,0.539780012488743,NA,NA,NA,0,1,8.35349709874545,NA,NA,0.00045227300075602,NA,0.519639963719222,24.1828409893993,NA,0,0,0,0,0,0,NA,-3.34459933746447
"Inga_umbratica","Inga","Fabaceae","Fabales",1,60.1,0.092302443,0.06,36.82,27.765,11.37,NA,NA,NA,NA,NA,NA,NA,NA,25.09583282,3334,-0.6859,-76.3953,36.85,6.68229520683969,0.597417598017522,NA,NA,NA,0,1,8.11045358534228,NA,NA,0.000248243971794374,NA,0.582642829744568,21.6768297030901,NA,0,0,0,0,0,0,1.77887447200274,-3.60512128884759
"Ipomoea_wolcottiana","Ipomoea","Convolvulaceae","Solanales",1,NA,0.06687457925,NA,14.4025,17.8,6.7825,NA,NA,NA,NA,NA,NA,NA,NA,25.19583321,942,19.5,-105.05,14.4025,4.19469201056203,0.62190528040079,NA,NA,NA,0,1,7.19020481090483,NA,NA,0.000342878247219417,NA,0.549582527773719,22.8837293019002,NA,0,0,0,0,0,0,NA,-3.46486006639348
"Iryanthera_hostmanniana","Iryanthera","Myristicaceae","Magnoliales",1,66.7,0.232087562,0.19,128.99,51.705,21.735,NA,NA,NA,NA,NA,NA,NA,NA,25.09583282,3334,-0.6859,-76.3953,129.085,12.8089344165536,0.594219755214404,NA,NA,NA,0,1,9.46213878137587,NA,NA,0.00038510500060845,NA,0.610590599477668,20.7256952199763,NA,0,0,0,0,0,0,1.82412583391655,-3.41442084200423
"Iryanthera_juruensis","Iryanthera","Myristicaceae","Magnoliales",1,69.4,0.1795337685,0.3,49.555,33.245,14.1625,NA,NA,NA,NA,NA,NA,NA,NA,26.0354166,2785.5,-1.84295,-67.68265,49.705,7.80891739560957,0.554935002926439,NA,NA,NA,0,1,8.43888221386484,NA,NA,0.000498301999486077,NA,0.546895511708499,23.0019263831542,NA,0,0,0,0,0,0,1.84135947045486,-3.30250737017587
"Iryanthera_ulei","Iryanthera","Myristicaceae","Magnoliales",1,NA,NA,NA,137.03,55.53,22.81,NA,NA,NA,NA,NA,NA,NA,NA,26.97500038,2237,-3,-58.97,137.03,13.2087855162789,0.579078716189343,NA,NA,NA,0,1,9.5253700659462,NA,NA,NA,NA,0.558431843084006,22.5029621250821,NA,0,0,0,0,0,0,NA,NA
"Ixora_grandifolia","Ixora","Rubiaceae","Gentianales",1,NA,NA,NA,158.74,54.685,22.735,NA,NA,NA,NA,NA,NA,NA,NA,24.77499962,2225,5.016667,117.8125,158.74,14.2142508686054,0.625179812324118,NA,NA,NA,0,1,9.67175364936406,NA,NA,NA,NA,0.666774964769576,18.8469639056231,NA,0,0,0,0,0,0,NA,NA
"Ixora_killipii","Ixora","Rubiaceae","Gentianales",1,54.5,0.177640433,0.07,89.605,40.785,16.95,NA,NA,NA,NA,NA,NA,NA,NA,25.09583282,3334,-0.6859,-76.3953,89.64,10.416832365911,0.612404247181961,NA,NA,NA,0,1,8.99724284375938,NA,NA,0.000426803001835389,NA,0.64084691535087,19.6162525004222,NA,0,0,0,0,0,0,1.73639650227664,-3.36977253471158
"Ixora_panurensis","Ixora","Rubiaceae","Gentianales",1,71.5,0.173844841,0.34,99.1075,48.955,19.9525,NA,NA,NA,NA,NA,NA,NA,NA,26.03125,2787.5,-1.85,-67.68265,99.2775,10.940646425476,0.56138209666787,NA,NA,NA,0,1,9.08412678040464,NA,NA,0.00036228756583931,NA,0.524342526204503,24.7523993525936,NA,0,0,0,0,0,0,1.85430604180108,-3.44094657123745
"Jacaranda_copaia","Jacaranda","Bignoniaceae","Lamiales",1,68.2,NA,NA,1.73,6.42,2.77,NA,NA,NA,NA,NA,NA,NA,NA,26.39583397,2496,9.17,-79.85,1.73,1.48415107465239,0.535794611787865,NA,NA,NA,0,1,5.15329159449778,NA,NA,NA,NA,0.527455604148867,23.8245086705202,NA,0,0,0,0,0,0,1.83378437465648,NA
"Jacquinia_arborea","Jacquinia","Primulaceae","Ericales",1,167.775,0.1527104315,0.115,13.12,16.9675,6.89,NA,NA,NA,NA,NA,NA,NA,NA,25.69583321,1107.5,17.966109985,-67.035481645,13.235,4.02755287783592,0.580284430089088,NA,NA,NA,0,1,7.1103133850435,NA,NA,0.00200316957161142,NA,0.5461687774852,23.1612848133626,NA,0,0,0,0,0,0,2.22472724748833,-2.69828228540538
"Jacquinia_berterii","Jacquinia","Primulaceae","Ericales",1,231.85,0.071379226,0.02,0.815,4.45,1.67,NA,NA,NA,NA,NA,NA,NA,NA,25.97916603,837,17.934795,-66.929542,0.825,1.02489656969072,0.616761426671265,NA,NA,NA,0,1,4.41277992753043,NA,NA,0.0062134072004379,NA,0.517346074364593,24.2975504518072,NA,0,0,0,0,0,0,2.36520710023182,-2.20667018363004
"Jacquinia_umbellata","Jacquinia","Primulaceae","Ericales",1,192.15,0.0836334325,0.015,0.665,3.83,1.625,NA,NA,NA,NA,NA,NA,NA,NA,22.53333282,2174,18.1702,-66.99,0.68,0.925488376360632,0.569055926337027,NA,NA,NA,0,1,4.19785164691426,NA,NA,0.010679633585727,NA,0.562878215377708,22.3319021226415,NA,0,0,0,0,0,0,2.28364038880037,-1.97144364753468
"Jagera_javanica","Jagera","Sapindaceae","Sapindales",0,NA,NA,0.11,70.56,49.84,19.43,NA,70.56,49.84,68.43,44.31,0,51,NA,23.6875,3054,-16.144616,145.430116,70.67,9.48577032330184,0.488202281178685,49.84,44.31,51,1.1509817197021,1.12480252764613,8.86319134069085,0.1176074892678,0.140615247512928,NA,NA,0.356954095219141,35.2044444444444,2.13,0.042736757624398,0.0480704129993228,0.0301870748299319,0.0417647058823528,0.722789115646258,1.02327447833066,NA,NA
"Jasminum_didymum","Jasminum","Oleaceae","Lamiales",NA,73.52693744,0.08,NA,5.403090909,NA,NA,NA,NA,NA,NA,NA,NA,NA,NA,23.075,967.7,-19.33205,146.7726,5.403090909,2.6228665633497,NA,NA,NA,NA,NA,NA,6.29214136636089,NA,NA,0.00118450718445981,NA,NA,NA,NA,NA,NA,NA,NA,NA,NA,1.86644647702018,-2.92646230078183
"Jatropha_standleyi","Jatropha","Euphorbiaceae","Malpighiales",1,NA,0.0670074835,NA,10.88,17.335,7.455,NA,NA,NA,NA,NA,NA,NA,NA,25.19583321,942,19.5,-105.05,10.88,3.70047896549279,0.495002950377517,NA,NA,NA,0,1,6.96882869586108,NA,NA,0.0004170225007825,NA,0.448024322210849,28.23186586661,NA,0,0,0,0,0,0,NA,-3.379840511688
"Jovellana_violacea","Jovellana","Calceolariaceae","Lamiales",0,NA,NA,0.015,0.9825,5.215,1.7775,NA,0.9825,5.215,0.8175,4.1475,0,9.25,1,11.877083305,881.5,-35.90395,-72.5953,0.9975,1.08250653980664,0.61802796436745,5.215,4.1475,9.5,2.57867222992674,1.25923201945964,4.4431632496681,0.22886094591175,0.816538274446237,NA,NA,0.423014929514207,29.8185011026768,0.165,0.0283893145236587,0.0358394279284648,0.15988468558155,0.0200595238095238,13.5022606603617,2.0137623452043,NA,NA
"Juglans_australis","Juglans","Juglandaceae","Fagales",0,NA,0.11521097,NA,15.71,19.08,6.58,NA,15.71,19.08,15.39,17.15,0,52,NA,19.32500076,629,-24.58,-64.7,15.71,4.47242587951879,0.679699981689785,19.08,17.15,52,3.03206997084548,1.11253644314869,7.35946763825562,0.106642492408191,1.10924554496948,0.000844912005623227,NA,0.54228714348386,23.172908975175,0.32,0.0167714884696017,0.0186588921282799,0.0203691915977085,0.00615384615384616,3.30999363462763,2.72536687631027,NA,-3.07318851881622
"Juglans_nigra","Juglans","Juglandaceae","Fagales",0,53.6833333333333,NA,NA,28.94,27.5483333333333,10.7891666666667,NA,28.94,27.5483333333333,28.4508333333333,25.875,0,84.75,7.66666666666667,11.1999998115,1112.5,40.3652135,-75.1534775,28.94,5.95442124037437,0.556271135693793,27.5483333333333,25.875,88.5833333333333,3.44514828566776,1.06631095251549,7.8876856127242,0.0640743433903562,1.22357688160986,NA,NA,0.46625312426657,27.2541979388392,0.489166666666666,0.0172122290794794,0.0183653531944826,0.0174523605513388,0.00566107664524655,3.37613890601714,3.22397543886556,1.72983947443605,NA
"Kadsura_japonica","Kadsura","Schisandraceae","Austrobaileyales",0,53.15,0.08916718025,0.135,17.33,21.03,9.0625,NA,17.33,21.03,17.3,20.84,0,7.25,NA,18.57291603,3066,30.3296,130.6472,17.465,4.64660969707355,0.509340831067949,21.03,20.84,7.25,0.353745462145694,1.00955840197885,7.40541587618421,0.00948960225127825,-1.21146248394698,0.000512569247540805,NA,0.473183758184658,26.9329204162695,0.0299999999999989,0.00142457612313769,0.00144063162037958,0.00184881801776521,0.0047083333333332,0.462614592932027,0.349256174928501,1.72550326885932,-3.29024745360236
"Kageneckia_oblonga","Kageneckia","Rosaceae","Rosales",0,NA,NA,0.08,19.595,28.33,8.5,NA,19.595,28.33,19.165,20.47,0,102,1.5,11.6208334,900,-35.9821,-72.6873,19.675,5.0017158532749,0.596095635597062,28.33,20.47,103.5,5.0955095509551,1.38886508843192,7.58181470975241,0.327638657388699,1.62426731605504,NA,NA,0.306652821037978,40.9905372827859,0.430000000000001,0.0152083398616207,0.0211610103318025,0.022059404893369,0.00421609151206384,5.31149973636107,3.66139855203731,NA,NA
"Kalmia_latifolia","Kalmia","Ericaceae","Ericales",1,91.5791666666667,0.1584253238,0.166666666666667,12.8822222222222,17.0980555555556,7.21,NA,NA,NA,NA,16.5166666666667,NA,NA,NA,9.28194451416667,1158,41.3058945,-74.7570721666667,12.9888888888889,4.00484288894354,0.561895129135118,NA,16.5166666666667,NA,0,1,7.10100025183593,NA,NA,0.00181070388736507,NA,0.546667503816445,23.2076390980792,NA,0,0,0,0,0,0,1.96179668730573,-2.74215256602944
"Kalmia_polifolia","Kalmia","Ericaceae","Ericales",1,NA,0.0565263545,NA,0.105,1.58,0.66,NA,NA,NA,NA,NA,NA,NA,NA,7.320833206,3540,55.32333333,-131.595,0.105,0.365532927540755,0.556029385733983,NA,NA,NA,0,1,2.35024018289621,NA,NA,0.0304709419114323,NA,0.530069338683788,23.7754545454545,NA,0,0,0,0,0,0,NA,-1.51611412074894
"Kalopanax_pictus","Kalopanax","Araliaceae","Apiales",0,91.5,0.196942614833333,1.81333333333333,95.8466666666667,78.5866666666667,15.9833333333333,NA,95.8466666666667,78.5866666666667,94.5216666666667,67.33,0,216.333333333333,NA,10.8138890286667,2913,32.4398666666667,133.5299,97.5533333333333,10.5090837417713,0.653968652265386,78.5866666666667,67.33,216.333333333333,3.33888162374534,1.14939724558018,8.95256659640678,0.137455762049942,1.18953726699456,0.000491948362437803,NA,0.184298304656823,74.8279397103692,1.325,0.0161589324511636,0.0186877578470365,0.0161033556023992,0.00583884892125909,3.04352567160475,2.93123562260347,1.96142109406645,-3.30808048073925
"Knema_latericia","Knema","Myristicaceae","Magnoliales",1,NA,NA,NA,51.965,39.285,17.715,NA,NA,NA,NA,NA,NA,NA,NA,24.77499962,2225,5.016667,117.8125,51.965,8.06158461805766,0.456414747147696,NA,NA,NA,0,1,8.51958458353188,NA,NA,NA,NA,0.418074624888157,30.0979041830495,NA,0,0,0,0,0,0,NA,NA
"Knightia_excelsa","Knightia","Proteaceae","Proteales",0,239.2106602,0.17,0.765,31.10675,30.25,11.965,NA,30.935,30.25,29.54,27.345,0,23.5,NA,9.920833588,1596,-38.8,176.4,31.48925,6.31924607284399,0.528834054095563,30.25,27.345,23.5,0.862970873102108,1.10340343326741,8.04678129648761,0.0978272080039145,-0.148872295148149,0.000923957350895983,NA,0.423322331210597,29.7291759689199,1.395,0.0451918048583662,0.0501798791945695,0.044166917145167,0.0590217391304348,0.78188159449431,0.78444306997495,2.37878052967622,-3.03434807498986
"Korthalsella_clavata","Korthalsella","Santalaceae","Santalales",1,NA,NA,0,0.08,1.305,0.54,NA,NA,NA,NA,NA,NA,NA,NA,7.729166508,1681,-39.25,175.933333,0.08,0.319153824321146,0.592855401215751,NA,NA,NA,0,1,2.07944154167984,NA,NA,NA,NA,0.592418132599335,21.313125,NA,0,0,0,0,0,0,NA,NA
"Krugiodendron_ferreum","Krugiodendron","Rhamnaceae","Rosales",1,86.125,0.0755340295,0.045,7.2725,12.855,3.67,NA,NA,NA,NA,NA,NA,NA,NA,25.577082635,997,17.952397485,-66.900190145,7.3175,3.00735112359903,0.817584807497361,NA,NA,NA,0,1,6.5374806034096,NA,NA,0.000605478895730035,NA,0.568794138589539,25.7507476201014,NA,0,0,0,0,0,0,1.93512923491568,-3.21790098980866
"Krukoviella_(Planchonella)","Krukoviella","Ochnaceae","Malpighiales",1,161.05,0.126534353,0.18,14.445,17.115,7.01,NA,NA,NA,NA,NA,NA,NA,NA,24.46666718,2982,-16.75001585,179.0199514,14.625,4.31057786603326,0.620939687225381,NA,NA,NA,0,1,7.28359208032921,NA,NA,0.00109746486102083,NA,0.623743886812672,20.2793723805978,NA,0,0,0,0,0,0,2.20696072915571,-2.95960937624216
"Krukoviella_obovoidea","Krukoviella","Ochnaceae","Malpighiales",1,NA,NA,0.12,73.46,42.1,17.86,NA,NA,NA,NA,NA,NA,NA,NA,23.6875,3054,-16.144616,145.430116,73.58,9.67909942616632,0.541942857008193,NA,NA,NA,0,1,8.90354343566472,NA,NA,NA,NA,0.520830725018943,24.1275524094745,NA,0,0,0,0,0,0,NA,NA
"Krukoviella_smithii","Krukoviella","Ochnaceae","Malpighiales",1,144.35,0.2029222005,1.67,210.23,65.33,26.865,NA,NA,NA,NA,NA,NA,NA,NA,25.32083321,2450,-16.633333,179.083333,211.9,16.4213740359527,0.61118909868621,NA,NA,NA,0,1,9.96026163314633,NA,NA,0.000195863601665238,NA,0.618592802918266,20.3149091161801,NA,0,0,0,0,0,0,2.15941678821674,-3.70804626367168
"Lacistema_aggregatum","Lacistema","Lacistemataceae","Malpighiales",1,52.4,0.084046364,NA,11.45,16.44,7,NA,NA,NA,NA,NA,NA,NA,NA,26.39583397,2496,9.17,-79.85,11.45,3.81819234549775,0.545456049356821,NA,NA,NA,0,1,7.04315991598834,NA,NA,0.00061692500450834,NA,0.532367732306864,23.6046812227074,NA,0,0,0,0,0,0,1.71933128698373,-3.20976762706527
"Lacistema_grandifolium","Lacistema","Lacistemataceae","Malpighiales",1,NA,NA,NA,24.97,21.44,8.5,NA,NA,NA,NA,NA,NA,NA,NA,26.97500038,2237,-3,-58.97,24.97,5.63850968182524,0.663354080214735,NA,NA,NA,0,1,7.82284529027977,NA,NA,NA,NA,0.682619742009436,18.4090348418102,NA,0,0,0,0,0,0,NA,NA
"Lacmellea_panamensis","Lacmellea","Apocynaceae","Gentianales",1,42.1,0.112107457,NA,29.45,27.08,11.8,NA,NA,NA,NA,NA,NA,NA,NA,26.39583397,2496,9.17,-79.85,29.45,6.12347161277413,0.518938272268994,NA,NA,NA,0,1,7.98786409608569,NA,NA,0.000426759997113985,NA,0.504658791218859,24.900726655348,NA,0,0,0,0,0,0,1.62428209583567,-3.36981629648017
"Laetia_procera","Laetia","Salicaceae","Malpighiales",0,111.9,0.188745218,NA,31.96,28.6,12.07,NA,31.96,28.6,31.7,28.28,0,88,NA,26.39583397,2496,9.17,-79.85,31.96,6.37908581614449,0.528507524121333,28.6,28.28,88,3.11173974540311,1.01131541725601,8.06965530688617,0.0112518767974348,1.13518197344983,0.00111466699993328,NA,0.491003477963371,25.5932415519399,0.260000000000002,0.00909090909090915,0.00919377652050925,0.00813516896120155,0.00295454545454547,2.75344180225282,3.07692307692308,2.04883008652835,-2.95285485610595
"Laetia_thamnia","Laetia","Salicaceae","Malpighiales",0,89.8,0.083620031,NA,12.87,16.94,7.2,NA,12.87,16.94,12.71,16.71,0,16,NA,26.39583397,2496,9.17,-79.85,12.87,4.04803568916352,0.562227179050488,16.94,16.71,16,0.957510472770796,1.01376421304608,7.16006920759613,0.013670346616606,-0.0434186203675211,0.000543302998014061,NA,0.56358782022111,22.297094017094,0.159999999999998,0.00944510035419117,0.00957510472770786,0.0124320124320123,0.0099999999999999,1.24320124320124,0.944510035419126,1.9532763366673,-3.26495789846827
"Lambertia_formosa","Lambertia","Proteaceae","Proteales",1,260.834201,0.110084007666667,0.156666666666667,2.5297833335,14.5566666666667,6.47666666666667,NA,NA,NA,NA,NA,0,0,0,17.010416795,867.5,-33.27476389,148.721,2.60811666683333,1.78408316404259,0.332745306427035,NA,NA,0,0,1,5.47758088950345,0,NA,0.00468115316072389,NA,0.205971500585427,61.1313486564826,0,0,0,0,0,0,0,2.41636453618465,-2.32964714913766
"Lansium_domesticum","Lansium","Meliaceae","Sapindales",1,NA,NA,NA,102.465,44.48,18.645,NA,NA,NA,NA,NA,NA,NA,NA,24.77499962,2225,5.016667,117.8125,102.465,11.4154112597305,0.614923357238013,NA,NA,NA,0,1,9.23237584744661,NA,NA,NA,NA,0.653739690970312,19.3087488892706,NA,0,0,0,0,0,0,NA,NA
"Lantana_involucrata","Lantana","Verbenaceae","Lamiales",0,228.5,0.0729593215,0.04,1.515,5.74,1.68,NA,1.515,5.74,1.445,4.685,0,39.5,NA,26.21666718,1058,17.96222,-67.200125,1.555,1.40068203504277,0.836087516748843,5.74,4.685,39.5,8.47491237779008,1.22734735288692,5.0283188660149,0.204726972334699,2.13600643476475,0.0034690081416271,NA,0.571849659182456,21.9765528484739,0.0700000000000001,0.0121386575208231,0.0148865522966243,0.0466896114482384,0.00176319176319176,26.7661443709809,6.9016413522783,2.35888620440587,-2.4597946808845
"Lardizabala_biternata","Lardizabala","Lardizabalaceae","Ranunculales",0.5,NA,NA,0.02,1.98,5.17,1.855,NA,3.3,7.12,3.27,7.06,0,2,0,10.28333378,1416,-37.8412,-73.1959,2,1.49135845479207,0.795019932544518,7.12,7.06,2,0.28328611898017,1.0042492917847,5.0064175546857,0.00423133695936686,-0.56815069038526,NA,NA,0.8089657572916,15.5358181818182,0.0149999999999999,0.00210674157303369,0.00212464589235126,0.00454545454545452,0.00374999999999998,0.606060606060606,0.280898876404494,NA,NA
"Lasianthus_fordii","Lasianthus","Rubiaceae","Gentianales",1,52.675,0.0818804585,0.07,26.1675,28.71,12.5775,NA,NA,NA,NA,NA,NA,NA,NA,18.57291603,3066,30.3296,130.6472,26.2375,5.68159241021173,0.44855676589879,NA,NA,NA,0,1,7.80323205081257,NA,NA,0.000273092998877212,NA,0.381814875869572,33.4402213480627,NA,0,0,0,0,0,0,1.72160454428014,-3.56368943346689
"Lasianthus_lancifolius","Lasianthus","Rubiaceae","Gentianales",1,67.3,0.117567544,0.105,14.185,18.75,7.775,NA,NA,NA,NA,NA,NA,NA,NA,18.68333435,1961,18.1702,-66.5703,14.29,4.26353345094345,0.54823877781589,NA,NA,NA,0,1,7.26287344186697,NA,NA,0.0009679595008965,NA,0.50646827151158,24.8393204757914,NA,0,0,0,0,0,0,1.82801506422398,-3.01414281304813
"Lasiopetalum_ferrugineum","Lasiopetalum","Malvaceae","Malvales",1,112.3450593,0.149663983666667,0.433333333333333,19.25495,38.9,15.8166666666667,NA,NA,NA,NA,NA,NA,NA,NA,17.102083205,1213,-33.655233335,151.17985835,19.4716166666667,4.64104644796323,0.408832345033551,NA,NA,NA,0,1,7.27594073359428,NA,NA,0.00125957036115521,NA,0.276612777601835,47.6268884288273,NA,0,0,0,0,0,0,2.05055397781498,-2.89977756726238
"Laurelia_novae-zelandiae","Laurelia","Atherospermataceae","Laurales",0,NA,NA,0.15,10.19,15.64,5.265,NA,10.19,15.64,9.63,13.03,0,25,NA,9.920833588,1596,-38.8,176.4,10.34,3.61661635612916,0.68763930513223,15.64,13.03,25,1.9128449809546,1.20161427624815,6.92813427521822,0.183582835822163,0.64794526536363,NA,NA,0.51949845229294,24.1971609975173,0.56,0.0356680276402559,0.0428294563296512,0.0552712415199962,0.0223863636363637,2.46947989310056,1.59289795327981,NA,NA
"Laurelia_novaezelandiae","Laurelia","Atherospermataceae","Laurales",NA,127.6155396,0.155,NA,10.65525,NA,NA,NA,NA,NA,NA,NA,NA,NA,NA,9.920833588,1596,-38.8,176.4,10.65525,3.6832982039253,NA,NA,NA,NA,NA,NA,6.97122291442625,NA,NA,0.00225475704464935,NA,NA,NA,NA,NA,NA,NA,NA,NA,NA,2.10590356115332,-2.64690024751224
"Laurelia_sempervirens","Laurelia","Atherospermataceae","Laurales",0,NA,NA,0.0633333333333333,14.4733333333333,16.7666666666667,6.855,NA,14.4733333333333,16.7666666666667,14.0883333333333,16.0166666666667,0,22.1666666666667,NA,11.3458334633333,1059.66666666667,-36.5497,-72.7955,14.5366666666667,3.9952457621386,0.610811576909673,16.7666666666667,16.0166666666667,22.1666666666667,2.08189804660634,1.04472872663779,6.925017600961,0.0436338558780161,0.419553638908122,NA,NA,0.594060214288609,21.6103717615036,0.384999999999999,0.0198182366274949,0.0208362083100598,0.0261405315993324,0.0198204035237283,4.3491252642923,2.00229401449853,NA,NA
"Laureliopsis_philippiana","Laureliopsis","Atherospermataceae","Laurales",0,NA,NA,0.12,20.115,21.835,7.6925,NA,20.115,21.835,19.3875,18.9775,0,24.75,NA,10.5458331125,1328,-38.03425,-72.92585,20.235,4.98018040145567,0.663279893844562,21.835,18.9775,24.75,1.30643577818412,1.12739028378099,7.53505899398168,0.115191007824906,0.257809025124584,NA,NA,0.558111677755455,23.9361128493092,0.727499999999999,0.0330196366781369,0.0372920294986024,0.0367753455997748,0.0293436170019828,1.33345609089203,1.16807613716625,NA,NA
"Lecointea_peruviana","Lecointea","Fabaceae","Fabales",1,59,0.073745822,0.05,17,19.85,8.485,NA,NA,NA,NA,NA,NA,NA,NA,25.09583282,3334,-0.6859,-76.3953,17.05,4.63825473704354,0.545546807491937,NA,NA,NA,0,1,7.42316123905838,NA,NA,0.000350778997806527,NA,0.535562595399537,23.542153245358,NA,0,0,0,0,0,0,1.77085201164214,-3.45496641704426
"Ledum_groenlandicum","Ledum","Ericaceae","Ericales",1,120.8,0.1266703165,0.04,2.865,9.465,3.985,NA,NA,NA,NA,NA,NA,NA,NA,7.320833206,3540,55.32333333,-131.595,2.905,1.84257133471606,0.455605880214076,NA,NA,NA,0,1,5.49222245298276,NA,NA,0.00859494845469563,NA,0.358124661283368,35.6541279439285,NA,0,0,0,0,0,0,2.08206693428511,-2.06575672350379
"Leea_indica","Leea","Vitaceae","Vitales",0,NA,NA,NA,85.34,44.06,18.69,NA,85.34,44.06,82.285,43.375,0,20.5,NA,24.77499962,2225,5.016667,117.8125,85.34,10.3895231495061,0.555312168734233,44.06,43.375,20.5,0.475173088534633,1.01522817870032,9.03854558453114,0.0150733730572115,-0.747821919425385,NA,NA,0.548029352578347,22.9401607264432,3.055,0.0679793187289356,0.069188138523759,0.0347063206555315,0.150369047619048,0.247648842929475,0.468444851315828,NA,NA
"Leonia_glycycarpa","Leonia","Violaceae","Malpighiales",1,69.4,0.2483706665,0.2425,58.0475,37.9575,16.36,NA,NA,NA,NA,NA,NA,NA,NA,25.09583282,3334,-0.6859,-76.3953,58.21,8.5735902192022,0.524500480558214,NA,NA,NA,0,1,8.65215490194967,NA,NA,0.00115678392563847,NA,0.503073418819309,25.1587055014124,NA,0,0,0,0,0,0,1.84135947045486,-2.93674775484814
"Leptecophylla_juniperina","Leptecophylla","Ericaceae","Ericales",NA,165.440277,0.0646,NA,0.1234,NA,NA,NA,NA,NA,NA,NA,NA,NA,NA,8.1583333015,2262,-42.3,146,0.1234,0.396305823474588,NA,NA,NA,NA,NA,NA,2.51208892253105,NA,NA,0.0351298240260133,NA,NA,NA,NA,NA,NA,NA,NA,NA,NA,2.21864124856249,-1.45432402569112
"Leptospermum_continentale","Leptospermum","Myrtaceae","Myrtales",NA,244.5414847,0.09,NA,0.3435,NA,NA,NA,NA,NA,NA,NA,NA,NA,NA,14.04166667,363.2,-35.23505,139.1322333,0.3435,0.661330313547268,NA,NA,NA,NA,NA,NA,3.53660201866836,NA,NA,0.0235807860262009,NA,NA,NA,NA,NA,NA,NA,NA,NA,NA,2.38835254463762,-1.62744172251692
"Leptospermum_glaucescens","Leptospermum","Myrtaceae","Myrtales",1,197.044335,0.0462201865,0.005,0.2218,1.96,0.79,NA,NA,NA,NA,NA,NA,NA,NA,8.095833778,1890,-42.8,146.4,0.2243,0.53296889069733,0.645331438057073,NA,NA,NA,0,1,3.09928801502189,NA,NA,0.00981515166918099,NA,0.647110592455475,19.4205208333333,NA,0,0,0,0,0,0,2.29456395346904,-2.00810298505231
"Leptospermum_nitidum","Leptospermum","Myrtaceae","Myrtales",1,153.0348936,0.100221276875,0.0175,0.46125,3.1025,1.28,NA,NA,NA,NA,NA,NA,NA,NA,8.1583333015,2262,-42.3,146,0.47,0.745531404676363,0.591802467311282,NA,NA,NA,0,1,3.69782676380301,NA,NA,0.0233200119824072,NA,0.576449023146621,22.0050555555556,NA,0,0,0,0,0,0,2.18479046591664,-1.63227123076157
"Leptospermum_polygalifolium","Leptospermum","Myrtaceae","Myrtales",1,NA,0.080327636,0.0133333333333333,1.22,7.73,3.53,NA,NA,NA,NA,NA,NA,NA,NA,16.70416641,1278,-33.6938,151.14305,1.23333333333333,1.24656118678342,0.352822761938532,NA,NA,NA,0,1,4.79424387930846,NA,NA,0.00636421473986375,NA,0.253478665656154,49.5893615030918,NA,0,0,0,0,0,0,NA,-2.19625517491413
"Leptospermum_scoparium","Leptospermum","Myrtaceae","Myrtales",1,NA,0.035681632,0,0.06,1.12,0.47,NA,NA,NA,NA,NA,NA,NA,NA,12.95416641,949,-40.45,175.216667,0.06,0.276395319577068,0.590480910005555,NA,NA,NA,0,1,1.79175946922805,NA,NA,0.0214405668354011,NA,0.606269904735757,20.9666666666667,NA,0,0,0,0,0,0,NA,-1.66876373715871
"Leptospermum_trinervium","Leptospermum","Myrtaceae","Myrtales",1,NA,0.0843618873333333,0.0133333333333333,1.28,6.05333333333333,2.57333333333333,NA,NA,NA,NA,NA,NA,NA,NA,16.92083359,1323,-33.578,151.292,1.29333333333333,1.27601130998677,0.494473759164168,NA,NA,NA,0,1,4.83974222995782,NA,NA,0.00572766665684046,NA,0.434108308721785,29.0833527570155,NA,0,0,0,0,0,0,NA,-2.24202226536978
"Leucocalanthe_aromatica","Leucocalanthe","Bignoniaceae","Lamiales",1,NA,NA,NA,51.255,34.485,13.07,NA,NA,NA,NA,NA,NA,NA,NA,26.97500038,2237,-3,-58.97,51.255,8.07290165470822,0.617720677412137,NA,NA,NA,0,1,8.53927814501682,NA,NA,NA,NA,0.540641779723232,23.2526653989946,NA,0,0,0,0,0,0,NA,NA
"Leucogenes_leontopodium","Leucogenes","Asteraceae","Asterales",1,77.25,NA,0.03,0.235,2.285,0.945,NA,NA,NA,NA,NA,NA,NA,NA,7.729166508,1681,-39.25,175.933333,0.265,0.578755837135772,0.615223967698646,NA,NA,NA,0,1,3.26251482892173,NA,NA,NA,NA,0.567676244426257,22.3736090909091,NA,0,0,0,0,0,0,1.88789848809687,NA
"Leucopogon_verticillatus","Leucopogon","Ericaceae","Ericales",1,NA,NA,0.015,16.59,22.47,10.02,NA,NA,NA,NA,NA,NA,NA,NA,16.52499962,1147,-34.1,115.1,16.605,4.48378649666468,0.442492589078202,NA,NA,NA,0,1,7.31154067994209,NA,NA,NA,NA,0.386046438524635,33.0681128160587,NA,0,0,0,0,0,0,NA,NA
"Licania_octandra ssp. Pallida","Licania","Chrysobalanaceae","Malpighiales",1,NA,NA,NA,32.42,27.37,10.84,NA,NA,NA,NA,NA,NA,NA,NA,26.97500038,2237,-3,-58.97,32.42,6.42482887245365,0.592696390447753,NA,NA,NA,0,1,8.08394570229562,NA,NA,NA,NA,0.543842670372974,23.106628624306,NA,0,0,0,0,0,0,NA,NA
"Licania_platypus","Licania","Chrysobalanaceae","Malpighiales",1,81.5,0.205241659,NA,97.55,53.66,23.61,NA,NA,NA,NA,NA,NA,NA,NA,26.39583397,2496,9.17,-79.85,97.55,11.1447080531037,0.472033377937473,NA,NA,NA,0,1,9.18553525305721,NA,NA,0.000431821000400536,NA,0.425731515819062,29.5171255766274,NA,0,0,0,0,0,0,1.91115760873998,-3.36469624079684
"Licania_reticulata","Licania","Chrysobalanaceae","Malpighiales",1,67.75,0.212373821,0.47,180.19,67.955,29.975,NA,NA,NA,NA,NA,NA,NA,NA,25.09583282,3334,-0.6859,-76.3953,180.66,15.1337207565633,0.504824132342654,NA,NA,NA,0,1,9.79310725612792,NA,NA,0.000253299553169044,NA,0.48811713930569,25.7448939463613,NA,0,0,0,0,0,0,1.83090929954644,-3.59636557632232
"Licaria_parvifolia","Licaria","Lauraceae","Laurales",1,96.5,0.138734411,0.085,39.48,35.205,15.66,NA,NA,NA,NA,NA,NA,NA,NA,23.96249962,1997,18.4095,-66.9706,39.565,7.09649809962309,0.453143488917962,NA,NA,NA,0,1,8.28250200028643,NA,NA,0.000487067596419456,NA,0.400182588116786,31.4192307755305,NA,0,0,0,0,0,0,1.98452731334379,-3.31241076216366
"Licaria_rodriguesii","Licaria","Lauraceae","Laurales",1,NA,NA,NA,181.47,64.45,26.98,NA,NA,NA,NA,NA,NA,NA,NA,26.97500038,2237,-3,-58.97,181.47,15.2004861824578,0.563398301796063,NA,NA,NA,0,1,9.80626053677502,NA,NA,NA,NA,0.548995595093353,22.889747616686,NA,0,0,0,0,0,0,NA,NA
"Lindera_benzoin","Lindera","Lauraceae","Laurales",1,30.5166666666667,0.0770406123833333,0.075625,28.4785,24.6358333333333,9.46966666666667,NA,NA,NA,NA,NA,NA,NA,NA,10.964999964,1178,40.648112,-74.179071,28.539,5.9272189841482,0.631755129851214,NA,NA,NA,0,1,7.8879873017657,NA,NA,0.000262548422675991,NA,0.59203779125544,21.7901178305284,NA,0,0,0,0,0,0,1.48453709391805,-3.58079058649965
"Lindera_erythrocarpa","Lindera","Lauraceae","Laurales",1,60.25,0.0727360826666667,0.0666666666666667,9.09666666666667,16.645,7.22666666666667,NA,NA,NA,NA,NA,NA,NA,NA,13.48472214,3350.66666666667,30.3033,130.5699,9.15333333333333,3.39151754106906,0.474152919316014,NA,NA,NA,0,1,6.79326100309837,NA,NA,0.000613463007335713,NA,0.414274592568804,31.0107197583012,NA,0,0,0,0,0,0,1.77995705124691,-3.21221162070283
"Lindsayomyrtus_brachyandrus","Lindsayomyrtus","Myrtaceae","Myrtales",1,NA,NA,0.09,83.93,43.32,18.32,NA,NA,NA,NA,NA,NA,NA,NA,23.6875,3054,-16.144616,145.430116,84.02,10.3429969809842,0.564574071014422,NA,NA,NA,0,1,9.03622505172933,NA,NA,NA,NA,0.562017956123281,22.3593756702014,NA,0,0,0,0,0,0,NA,NA
"Liquidambar_styraciflua","Liquidambar","Altingiaceae","Saxifragales",0,81.2904761904762,0.118422461404762,0.371428571428571,35.3216666666667,41.737619047619,10.1078571428571,NA,35.3216666666667,41.737619047619,34.5764285714286,40.3807142857143,0,112.928571428571,2.5,18.3035711571429,1218.42857142857,32.4714895714286,-80.3867078571429,35.6930952380952,6.45008988507616,0.641297319169654,41.737619047619,40.3807142857143,113.452380952381,2.81293493779537,1.03228792068511,8.01225478513428,0.0316551437581901,0.957300381293544,0.000455730435134334,NA,0.242494401251427,52.8112047888759,0.745238095238095,0.0156375006939872,0.016210990236978,0.0194239302937442,0.00598974510828394,3.64086734939923,2.7150342531359,1.91003966760878,-3.34129196687613
"Liriodendron_tulipifera","Liriodendron","Magnoliaceae","Magnoliales",0.428571428571429,43.4833333333333,0.14880591902381,0.842666666666667,97.625,49.5895238095238,13.512380952381,NA,68.607,42.446,67.148,40.28,0,2.73333333333333,0,10.8886906084286,1142.42857142857,40.0772038571429,-76.1452792857143,98.2269047619048,10.7539468005184,0.799531254169793,42.446,40.28,2.73333333333333,0.0561622510090674,1.03827228288646,9.03482913995985,0.0509990081705063,-2.55030755674648,0.000259933186820245,NA,0.488533322440159,26.7376576068124,1.24866666666667,0.0223185335478764,0.0246154162743333,0.0145815015167712,0.251130952380953,0.0354676805435836,0.0522520449019471,1.63832282871658,-3.58513826866063
"Lithocarpus_edulis","Lithocarpus","Fagaceae","Fagales",1,159.875,0.223501286,0.3375,34.61,29.2325,12.675,NA,NA,NA,NA,NA,NA,NA,NA,16.952082635,3170.5,30.32965,130.62715,34.9475,6.65559432141042,0.528360168105724,NA,NA,NA,0,1,8.14986398157523,NA,NA,0.00145744275349012,NA,0.511538051503009,24.8491492001761,NA,0,0,0,0,0,0,2.20378055748671,-2.83640849477246
"Lithraea_caustica","Lithraea","Anacardiaceae","Sapindales",0.25,NA,NA,0.11,20.0033333333333,18.8916666666667,7.485,NA,20.38,19.0575,19.9125,18.6275,0,35.1666666666667,0,11.208333495,1139.5,-36.8335,-72.8496,20.1133333333333,4.85220415035991,0.644471082451717,19.0575,18.6275,35.1666666666667,2.12236808582311,1.02306041924564,7.43087294419577,0.0226625894636197,0.878417069282609,NA,NA,0.643331770003318,19.5660688999206,0.354166666666667,0.0186190899904553,0.0191267107613687,0.0209517214686435,0.00814542483660131,2.61642294887155,2.06374968454936,NA,NA
"Litsea_acuminata","Litsea","Lauraceae","Laurales",1,75.1333333333333,0.0892153081666667,0.173333333333333,31.565,39.3033333333333,17.7016666666667,NA,NA,NA,NA,NA,NA,NA,NA,17.28611056,3135,30.3231,130.6281,31.7383333333333,6.31196027858479,0.356722597140494,NA,NA,NA,0,1,8.03366056981051,NA,NA,0.000259353626039731,NA,0.253747580551175,50.2389027462496,NA,0,0,0,0,0,0,1.87583265699043,-3.58610767572886
"Litsea_calicaris","Litsea","Lauraceae","Laurales",1,124.3966537,0.1375,0.185,19.59125,18.015,7.42,NA,NA,NA,NA,NA,NA,NA,NA,9.920833588,1596,-38.8,176.4,19.68375,4.97912176526033,0.643123915772234,NA,NA,NA,0,1,7.5621908016919,NA,NA,0.000877625623766972,NA,0.680171338545327,18.5752427470014,NA,0,0,0,0,0,0,2.09480869788558,-3.05669070528505
"Litsea_cubeba","Litsea","Lauraceae","Laurales",1,41.4,0.057462854,0.075,9.38,17.33,7.665,NA,NA,NA,NA,NA,NA,NA,NA,19.19166565,3068,30.3492,130.6644,9.455,3.43774661501985,0.465016357810642,NA,NA,NA,0,1,6.81441455532259,NA,NA,0.000350642703026188,NA,0.413679559188005,32.0318607859772,NA,0,0,0,0,0,0,1.6170003411209,-3.45513519446215
"Litsea_japonica","Litsea","Lauraceae","Laurales",1,131.5,0.128668924,0.535,42.08,33.655,14.6,NA,NA,NA,NA,NA,NA,NA,NA,19.19166565,3068,30.3492,130.6644,42.615,7.3633816175912,0.50425131850775,NA,NA,NA,0,1,8.35591153948775,NA,NA,0.000389282001755363,NA,0.466795468573008,26.9901660483063,NA,0,0,0,0,0,0,2.11892575282578,-3.4097356751902
"Litsea_leefeana","Litsea","Lauraceae","Laurales",1,NA,NA,0.23,67.51,34.52,13.78,NA,NA,NA,NA,NA,NA,NA,NA,23.6875,3054,-16.144616,145.430116,67.74,9.2870472573558,0.673951179779086,NA,NA,NA,0,1,8.82084703337772,NA,NA,NA,NA,0.711928531007087,17.6511687157458,NA,0,0,0,0,0,0,NA,NA
"Lomatia_dentata","Lomatia","Proteaceae","Proteales",0,NA,NA,0.05475,7.60375,12.181,4.62875,NA,7.60375,12.181,7.21,11.22525,0,9.45,NA,10.74895835125,1243,-37.47295,-72.933725,7.6585,3.01790732469006,0.653477060481122,12.181,11.22525,9.45,0.944372338629748,1.0790617756818,6.49297818152115,0.0755266881565508,-0.158516798161249,NA,NA,0.60890073410575,20.835423889153,0.39375,0.0284861154179905,0.0313126815513919,0.0465891833794919,0.0453050387112887,1.85496078789892,0.881833281369335,NA,NA
"Lomatia_ferruginea","Lomatia","Proteaceae","Proteales",0,NA,NA,NA,0.6025,4.04,1.5525,NA,0.6025,4.04,0.5525,3.6475,0,2.25,NA,9.6208333975,1604.5,-39.04195,-73.27215,0.6025,0.86598710594188,0.556204890714473,4.04,3.6475,2.25,0.63988665248134,1.10941314113328,4.0526304188957,0.103577638214921,-0.490127374510383,NA,NA,0.452620033312934,28.0473624547789,0.05,0.0124033852181752,0.0138633618014684,0.0894084052981678,0.0220833333333333,4.24852666588867,0.573625095717215,NA,NA
"Lomatia_hirsuta","Lomatia","Proteaceae","Proteales",0,NA,NA,0.6575,52.835,29.29,10.66,NA,52.835,29.29,51.385,27.51,0,27.25,NA,9.6208333975,1604.5,-39.04195,-73.27215,53.4925,7.7761177209547,0.721839241909046,29.29,27.51,27.25,1.02886005543489,1.05314207788576,8.34005812095695,0.0512078012111003,0.0187825271937385,NA,NA,0.697858835174067,18.078597509612,1.45,0.0441643261215137,0.0470043841307187,0.0276629101684329,0.0483165147924159,0.71086179511993,0.981334121955652,NA,NA
"Lomatia_silaifolia","Lomatia","Proteaceae","Proteales",0,NA,0.2389307145,NA,8.02,48.54,8.05,NA,8.02,48.54,8.015,48.055,0,1,NA,16.70416641,1278,-33.6938,151.14305,8.02,3.13658226238321,0.386121037707101,48.54,48.055,1,0.023776275121808,1.01358918891212,6.61119756016918,0.0134499955138357,-3.80570661369025,0.00721557600235646,NA,0.0473770761557336,294.103177253833,0.00499999999999989,0.000157183275699462,0.000160875160875157,0.000998003992015947,0.00499999999999989,0.145131314886094,0.0233788147769329,NA,-2.14172899448593
"Lonchocarpus_latifolius","Lonchocarpus","Fabaceae","Fabales",1,54.9,0.13577912,NA,27.07,23.24,9.62,NA,NA,NA,NA,NA,NA,NA,NA,26.39583397,2496,9.17,-79.85,27.07,5.87082570648975,0.610272942462552,NA,NA,NA,0,1,7.9035962896143,NA,NA,0.00068104800251106,NA,0.629833668082774,19.9518876985593,NA,0,0,0,0,0,0,1.73957234445009,-3.1668222764999
"Lonicera_involucrata","Lonicera","Caprifoliaceae","Dipsacales",1,78.3714285714286,0.155329934214286,0.129285714285714,30.9435714285714,23.8957142857143,9.48071428571428,NA,NA,NA,NA,NA,NA,NA,NA,9.90773820928571,1555.85714285714,43.6787567528571,-122.861341628571,31.0728571428571,5.88904066124778,0.626506167764753,NA,NA,NA,0,1,7.7586122770968,NA,NA,0.00115402900585137,NA,0.591980019170742,21.4167407058737,NA,0,0,0,0,0,0,1.89415776325425,-2.93778327530257
"Lophopetalum_beccarianum","Lophopetalum","Celastraceae","Celastrales",1,NA,NA,0.14,204.57,68.535,29.725,NA,NA,NA,NA,NA,NA,NA,NA,24.77499962,2225,5.016667,117.8125,204.64,16.1416512653754,0.545083443713005,NA,NA,NA,0,1,9.92640076346557,NA,NA,NA,NA,0.55111042465194,23.0233686852133,NA,0,0,0,0,0,0,NA,NA
"Lozania_klugii","Lozania","Lacistemataceae","Malpighiales",0,44.7,0.0572039695,0.06,29.05,24.84,10.495,NA,29.05,24.84,28.8,24.655,0,34,NA,25.09583282,3334,-0.6859,-76.3953,29.11,6.08799829304591,0.582534642281444,24.84,24.655,34,1.38356107933473,1.00749130499283,7.97623683834949,0.00746334708321934,0.321935318531381,0.000112796001130615,NA,0.594933757580893,21.2738828017489,0.25,0.0100845494471767,0.0101599716485074,0.00860605185861688,0.00735930735930736,1.17058895256676,1.37330127713268,1.65030752313194,-3.94770629678612
"Ludekia_borneensis","Ludekia","Rubiaceae","Gentianales",1,NA,NA,NA,65.45,33.605,13.535,NA,NA,NA,NA,NA,NA,NA,NA,24.77499962,2225,5.016667,117.8125,65.45,9.10040514205294,0.673620193357146,NA,NA,NA,0,1,8.77399163355322,NA,NA,NA,NA,0.7250504583457,17.3377808263577,NA,0,0,0,0,0,0,NA,NA
"Luehea_seemannii","Luehea","Malvaceae","Malvales",0,NA,0.149967484,NA,22.35,21.16,8.08,NA,22.35,21.16,22.08,20.04,0,27,NA,26.39583397,2496,9.17,-79.85,22.35,5.33450127236191,0.660210553510138,21.16,20.04,27,1.34730538922156,1.05588822355289,7.71199650704767,0.0543823307734347,0.298106589787665,0.00100627500032619,NA,0.627272235016776,20.0333601789709,0.270000000000003,0.0127599243856334,0.0134730538922157,0.0120805369127518,0.0100000000000001,1.20805369127517,1.27599243856333,NA,-2.99728331669232
"Luma_apiculata","Luma","Myrtaceae","Myrtales",1,NA,NA,0.0325,5.71375,9.49625,3.5475,NA,NA,NA,NA,NA,NA,NA,NA,10.74895835125,1243,-37.47295,-72.933725,5.74625,2.63871133866803,0.757483979493768,NA,NA,NA,0,1,6.24313755037512,NA,NA,NA,NA,0.761717514657559,16.7489957364646,NA,0,0,0,0,0,0,NA,NA
"Luvunga_heterophylla","Luvunga","Rutaceae","Sapindales",1,NA,NA,NA,96.44,47.74,20.785,NA,NA,NA,NA,NA,NA,NA,NA,24.77499962,2225,5.016667,117.8125,96.44,11.0689698561876,0.532253840397179,NA,NA,NA,0,1,9.16969809775684,NA,NA,NA,NA,0.530209161675634,23.7146999054116,NA,0,0,0,0,0,0,NA,NA
"Lyonia_ferruginea","Lyonia","Ericaceae","Ericales",1,131.666666666667,0.100488698,0.0491666666666667,5.34666666666667,10.705,4.1725,NA,NA,NA,NA,NA,NA,NA,NA,21.39999962,1274,28.39,-81.775,5.39583333333333,2.60265306444781,0.643108693478834,NA,NA,NA,0,1,6.26245821181482,NA,NA,0.00203667434464079,NA,0.58940439790727,21.6041162345786,NA,0,0,0,0,0,0,2.1194758409068,-2.69107840724527
"Lyonia_ligustri","Lyonia","Ericaceae","Ericales",0,49.1666666666667,0.110079001666667,0.0466666666666667,15.24,17.6983333333333,7.24666666666667,NA,15.24,17.6983333333333,15.2133333333333,17.6516666666667,0,27.5,NA,7.199999809,1105,42.5,-72.2,15.2866666666667,4.39021949805308,0.606317410735201,17.6983333333333,17.6516666666667,27.5,1.54167352134496,1.00249450889469,7.3123460864108,0.0024875800571572,0.335656928760557,0.000815239659334035,NA,0.605758054773744,20.7568849239534,0.0266666666666664,0.00149877384764296,0.00150342495313186,0.00177291609225121,0.000868147721484883,1.80516030295282,1.53690872060134,1.69167076559452,-3.08871470116678
"Lyonia_ligustrina","Lyonia","Ericaceae","Ericales",1,97.9666666666667,0.108024106333333,0.05,6.65,12.4866666666667,5.27,NA,NA,NA,NA,NA,NA,NA,NA,20.36249924,1305,29.6,-82.2,6.7,2.89854143424615,0.548355526758555,NA,NA,NA,0,1,6.47555841635411,NA,NA,0.00186127659577987,NA,0.526051339758833,23.9588929703426,NA,0,0,0,0,0,0,1.99107833135295,-2.73018908356191
"Lyonia_lucida","Lyonia","Ericaceae","Ericales",1,96.1,0.187319336,0.08,16.2233333333333,16.8033333333333,6.56666666666667,NA,NA,NA,NA,NA,NA,NA,NA,17.19583321,1232,34.18,-79.38,16.3033333333333,4.55592507355956,0.69385295515625,NA,NA,NA,0,1,7.39638606977953,NA,NA,0.00220526186202095,NA,0.721998069131586,17.4087604752596,NA,0,0,0,0,0,0,1.98272338766855,-2.65653983319009
"Lyonia_mariana","Lyonia","Ericaceae","Ericales",1,102,0.1227966505,0.045,7.47666666666667,13.83,6.06333333333333,NA,NA,NA,NA,NA,NA,NA,NA,17.19583321,1232,34.18,-79.38,7.50666666666667,3.04118877289306,0.499326225158054,NA,NA,NA,0,1,6.55454453582558,NA,NA,0.00218275150813221,NA,0.471434233228167,26.7765501879624,NA,0,0,0,0,0,0,2.00860017176192,-2.66099570304013
"Lyonia_rubiginosa","Lyonia","Ericaceae","Ericales",0,165.25,0.117937194,0.035,6.07,9.995,3.87,NA,6.07,9.995,6.025,9.965,0,13,NA,18.68333435,1961,18.1702,-66.5703,6.105,2.77334674092572,0.714953164102096,9.995,9.965,13,1.35554732140326,1.00302655716594,6.39303956155667,0.00302196226493657,0.148749258765604,0.00244960998674663,NA,0.752647980086638,16.7638187311521,0.0450000000000004,0.00456254327070155,0.00457653509571194,0.00791896242885979,0.00417293233082709,2.44909643334921,1.35130375629941,2.21814146815768,-2.61090305607914
"Mabea_occidentalis","Mabea","Euphorbiaceae","Malpighiales",1,NA,0.157594734,0.04,53.33,38.24,15.895,NA,NA,NA,NA,NA,NA,NA,NA,25.29999924,4740,2.970351018,-78.18942184,53.35,8.07239707488512,0.505227989798844,NA,NA,NA,0,1,8.49716873220594,NA,NA,0.000333684000866999,NA,0.440020810557562,28.5589964680403,NA,0,0,0,0,0,0,NA,-3.4766646159456
"Mabea_superbrondu","Mabea","Euphorbiaceae","Malpighiales",0,67.55,0.1539960225,0.07,40.515,30.695,13.065,NA,40.515,30.695,39.99,30.57,0,34.5,NA,25.09583282,3334,-0.6859,-76.3953,40.585,7.17180364386366,0.548395017604986,30.695,30.57,34.5,1.10934271921524,1.00398360447404,8.29924969306544,0.00397388881587433,0.0521063341733431,0.000591770617979714,NA,0.537215613937116,23.403777528034,0.525000000000002,0.016888882263181,0.0169633243058049,0.0127064043866077,0.0157640232108318,0.824801252635418,1.1042878150746,1.82962535335805,-3.22784660180813
"Macaranga_gigantea","Macaranga","Euphorbiaceae","Malpighiales",0,NA,NA,NA,2546.64,270.55,67.115,NA,2546.64,270.55,2493.66,262.295,0,57.5,4,24.77499962,2225,5.016667,117.8125,2546.64,56.1570667653671,0.835336283425278,270.55,262.295,59.5,0.25164337867985,1.03450083019261,12.3913268399824,0.0337853900667221,-1.56008755756822,NA,NA,0.424567505931518,29.6007498845648,52.9799999999999,0.191427328981696,0.19757627582516,0.0210277334590464,1.21446428571428,0.0296689271089448,0.241127310932846,NA,NA
"Macaranga_hypoleuca","Macaranga","Euphorbiaceae","Malpighiales",0,NA,NA,NA,267.86,90.725,25.475,NA,267.86,90.725,265.995,90.24,0,21,NA,24.77499962,2225,5.016667,117.8125,267.86,18.4320103955258,0.723787859527777,90.725,90.24,21,0.240305374228801,1.00561241649187,10.187917284149,0.00559483262626112,-1.46081586240288,NA,NA,0.414469082633362,30.7293620652502,1.865,0.0210625602398345,0.0211890458740522,0.0071436198457085,0.089583333333333,0.0810262614777136,0.238844264871941,NA,NA
"Macaranga_indistincta","Macaranga","Euphorbiaceae","Malpighiales",1,NA,NA,NA,465.815,108.48,32.25,NA,NA,NA,NA,NA,NA,NA,NA,24.77499962,2225,5.016667,117.8125,465.815,24.3074752134779,0.75371148605036,NA,NA,NA,0,1,10.7413739937502,NA,NA,NA,NA,0.495182180823013,25.3824224558028,NA,0,0,0,0,0,0,NA,NA
"Macaranga_pearsonii","Macaranga","Euphorbiaceae","Malpighiales",0,NA,NA,NA,218.775,84.78,22.425,NA,218.775,84.78,216.61,84.065,0,31.5,NA,24.77499962,2225,5.016667,117.8125,218.775,16.6757146029736,0.747730473572509,84.78,84.065,31.5,0.372650569798341,1.00848788216086,9.98980831390645,0.00845197410015723,-0.996237799651737,NA,NA,0.381848443438427,32.9093232639006,2.16500000000001,0.025499835685351,0.0257166519026428,0.00990108356332674,0.0699480249480251,0.142882160647572,0.369493333898238,NA,NA
"Macfadyena_unguis-cati","Macfadyena","Bignoniaceae","Lamiales",1,NA,0.060144498,NA,6.56,12.84,4.92,NA,NA,NA,NA,NA,NA,NA,NA,19.32500076,629,-24.58,-64.7,6.56,2.88367153810628,0.585475322737575,NA,NA,NA,0,1,6.47728823942204,NA,NA,0.000635740006972233,NA,0.498670688889776,25.506122663311,NA,0,0,0,0,0,0,NA,-3.19672045765784
"Machaonia_portoricensis","Machaonia","Rubiaceae","Gentianales",1,68.8,NA,0.035,1.06,5.27,1.415,NA,NA,NA,NA,NA,NA,NA,NA,25.17499924,1157,17.96999997,-66.87083829,1.095,1.18051192178015,0.834559630114768,NA,NA,NA,0,1,4.69507939927601,NA,NA,NA,NA,0.48181613378552,26.3158324420677,NA,0,0,0,0,0,0,1.83758843823551,NA
"Madhuca_korthalsii","Madhuca","Sapotaceae","Ericales",1,NA,NA,0.3,665.305,114.89,48.185,NA,NA,NA,NA,NA,NA,NA,NA,24.77499962,2225,5.016667,117.8125,665.605,29.0999812889464,0.603808425734794,NA,NA,NA,0,1,11.104294340702,NA,NA,NA,NA,0.632722326778372,19.8662285697176,NA,0,0,0,0,0,0,NA,NA
"Maesa_japonica","Maesa","Primulaceae","Ericales",0,74.3166666666667,0.0966396093333333,0.141666666666667,26.7683333333333,27.2816666666667,11.2233333333333,NA,26.7683333333333,27.2816666666667,26.2566666666667,26.2933333333333,0,10.3333333333333,NA,17.28611056,3135,30.3231,130.6281,26.91,5.80220348648076,0.518694649321231,27.2816666666667,26.2933333333333,10.3333333333333,0.397270071829762,1.03973595909857,7.86115392668764,0.0388097116590236,-0.936562203825867,0.00042393873263541,NA,0.448177377990379,28.1415951951093,0.511666666666667,0.0193391451213438,0.0200514910229691,0.0209006652274562,0.0480740740740741,0.405926322124708,0.382545950155718,1.87108622196596,-3.3726969028435
"Maesa_tenera","Maesa","Primulaceae","Ericales",0,47.225,0.07902715175,0.1175,28.24,27.0875,10.5975,NA,28.24,27.0875,27.455,24.7775,0,29.5,2,18.57291603,3066,30.3296,130.6472,28.3575,5.99003596050868,0.56574296608707,27.0875,24.7775,30,1.20961848197238,1.09261977505346,7.93752764869707,0.0884653988048343,0.187934378007028,0.000220479249869792,NA,0.481603685596742,26.1100781611211,0.785,0.0287615162650855,0.0314933237598535,0.0277602471510732,0.0267156862745098,1.07345040636465,1.10683224507525,1.67417196659387,-3.65663227735757
"Magnolia_acumita","Magnolia","Magnoliaceae","Magnoliales",1,NA,0.172101992,NA,264.35,74.66,30,NA,NA,NA,NA,NA,NA,NA,NA,6.575000286,1156,41.88,-78.7,264.35,18.3461405655451,0.611538018851504,NA,NA,NA,0,1,10.1824441686696,NA,NA,0.000112044999623106,NA,0.5959546429044,21.0861191602043,NA,0,0,0,0,0,0,NA,-3.95060752051714
"Magnolia_grandiflora","Magnolia","Magnoliaceae","Magnoliales",1,166.833333333333,0.2562463945,0.745,86.94,41.28,17.1666666666667,NA,NA,NA,NA,NA,NA,NA,NA,20.36249924,1305,29.6,-82.2,87.685,10.4923349394445,0.612480830759239,NA,NA,NA,0,1,9.05065871218403,NA,NA,0.000790342362371653,NA,0.633662314772093,19.9608945374167,NA,0,0,0,0,0,0,2.22228282709567,-3.10218473924111
"Magnolia_obovata","Magnolia","Magnoliaceae","Magnoliales",1,35.9,0.170712708,0.775,221,66.15,26.855,NA,NA,NA,NA,NA,NA,NA,NA,6.700000286,1960,36.7198,139.4699,221.775,16.6010762466067,0.616734582687009,NA,NA,NA,0,1,9.95764312741233,NA,NA,0.000135442254355654,NA,0.61885773930383,20.3062754530338,NA,0,0,0,0,0,0,1.55509444857832,-3.86824582626598
"Magnolia_portoricesnsis","Magnolia","Magnoliaceae","Magnoliales",1,125.6,0.221652397,0.14,108.92,47.41,14.82,NA,NA,NA,NA,NA,NA,NA,NA,20.09166718,2083,18.15399777,-66.80487416,109.06,11.7838662903487,0.795132678161182,NA,NA,NA,0,1,9.29706837548601,NA,NA,0.000450484000512063,NA,0.608944323026643,20.6363211531399,NA,0,0,0,0,0,0,2.09898963940118,-3.34632062890848
"Magnolia_virginiana","Magnolia","Magnoliaceae","Magnoliales",1,86.8,0.115984864208333,0.229583333333333,36.0029166666667,28.13125,12.2120833333333,NA,NA,NA,NA,NA,NA,NA,NA,20.8302083025,1272.25,29.2825,-81.0675,36.2325,6.71892082699557,0.552515537670176,NA,NA,NA,0,1,8.15147119405103,NA,NA,0.000412760593267419,NA,0.562002237161061,22.5562430169068,NA,0,0,0,0,0,0,1.93851972517649,-3.38430177199964
"Mallotus_japonicus","Mallotus","Euphorbiaceae","Malpighiales",0.75,65.35,0.1295824255,1.025,52.11,32.4,11.3775,NA,90.35,42.3,89.68,40.98,0,7,0.5,18.57291603,3066,30.3296,130.6472,53.135,8.0357488921809,0.700404825603154,42.3,40.98,7.5,0.0915080527086384,1.00805270863836,8.48725847203196,0.0158514716207393,-1.00503394170854,0.000313158500551254,NA,0.593776221361167,21.5551729605942,0.334999999999994,0.00395981087470442,0.00408735968765244,0.00185390149418923,0.0119642857142855,0.0415052573325955,0.0886524822695035,1.81524559191656,-3.5042357950679
"Mallotus_mollissimus","Mallotus","Euphorbiaceae","Malpighiales",0,NA,NA,NA,264.98,68.06,22.385,NA,264.98,68.525,261.84,67.845,0,10,NA,24.77499962,2225,5.016667,117.8125,264.98,18.3614357707837,0.821202008082086,68.525,67.845,10,0.146609332970594,1.01014949298041,10.1833967069638,0.0100904700546695,-1.93455155436209,NA,NA,0.718780942463098,17.487328835093,3.14,0.0458294912244336,0.0462956221404102,0.0118696916099903,0.325625,0.0374424163595014,0.145236085470411,NA,NA
"Mallotus_wrayi","Mallotus","Euphorbiaceae","Malpighiales",0.5,NA,NA,NA,76.335,38.895,16.075,NA,86.19,40.8,85.3,40.39,0,7,0,24.77499962,2225,5.016667,117.8125,76.335,9.83799030505254,0.611375918222623,40.8,40.39,7,0.173310225303293,1.00507551374102,8.93189784209134,0.00504992591739725,-1.05952489996006,NA,NA,0.630606955030329,19.9475696254246,0.445,0.010906862745098,0.0110175786085665,0.00516301195034227,0.0317857142857143,0.0812159183199907,0.17156862745098,NA,NA
"Maniltoa_grandiflora","Maniltoa","Fabaceae","Fabales",1,168.8,0.1561693475,0.045,22.38,20.32,8.165,NA,NA,NA,NA,NA,NA,NA,NA,24.46666718,2982,-16.75001585,179.0199514,22.425,5.34307813130491,0.65437917701862,NA,NA,NA,0,1,7.7150724726526,NA,NA,0.00109274350312548,NA,0.681030636622385,18.4520058331927,NA,0,0,0,0,0,0,2.22737244228964,-2.96148176691577
"Maquira_costaricana","Maquira","Moraceae","Rosales",1,31.4,0.182143553,NA,97.44,48.5,19.7,NA,NA,NA,NA,NA,NA,NA,NA,26.39583397,2496,9.17,-79.85,97.44,11.1384227446706,0.565402169780231,NA,NA,NA,0,1,9.18440698994968,NA,NA,0.000340479001431279,NA,0.520551451870829,24.1404967159277,NA,0,0,0,0,0,0,1.49692964807321,-3.46790966743324
"Marcgravia_rectiflora","Marcgravia","Marcgraviaceae","Ericales",1,152.05,0.1302403045,0.03,12.43,17.645,7.585,NA,NA,NA,NA,NA,NA,NA,NA,20.09166718,2083,18.15399777,-66.80487416,12.46,3.97699266123376,0.523942339445722,NA,NA,NA,0,1,7.12161215950756,NA,NA,0.0013631760059881,NA,0.500243710310829,25.2631195870697,NA,0,0,0,0,0,0,2.18198642448015,-2.86544806676654
"Marcgravia_sintenisii","Marcgravia","Marcgraviaceae","Ericales",1,115.95,0.120923528,0.03,13.27,20.46,8.075,NA,NA,NA,NA,NA,NA,NA,NA,18.68333435,1961,18.1702,-66.5703,13.3,4.11224957373825,0.50910318796395,NA,NA,NA,0,1,7.19015615205716,NA,NA,0.00102326799327969,NA,0.400770172979719,31.5458274563545,NA,0,0,0,0,0,0,2.06427075297401,-2.99001060992396
"Margaritaria_nobilis","Margaritaria","Phyllanthaceae","Malpighiales",1,59.65,0.162613998,0.17,84.83,45.175,18.76,NA,NA,NA,NA,NA,NA,NA,NA,25.08749962,3338,-0.7,-76.3953,85,10.4026093594924,0.554513242240855,NA,NA,NA,0,1,9.04761666698712,NA,NA,0.000313067048749215,NA,0.522270966142347,24.0619725387124,NA,0,0,0,0,0,0,1.77561044800636,-3.50436264078128
"Marmaroxylon_basijugum","Marmaroxylon","Fabaceae","Fabales",1,162.95,NA,NA,1.045,5.08,2.05,NA,NA,NA,NA,NA,NA,NA,NA,25.09583282,3334,-0.6859,-76.3953,1.045,1.15345861871859,0.562662740838337,NA,NA,NA,0,1,4.64908404117085,NA,NA,NA,NA,0.5088376463546,24.698908682909,NA,0,0,0,0,0,0,2.21205436480116,NA
"Marsdenia_astephanoides","Marsdenia","Apocynaceae","Gentianales",1,NA,0.0931541736666667,NA,42.775,28.6025,10.5475,NA,NA,NA,NA,NA,NA,NA,NA,25.19583321,942,19.5,-105.05,42.775,7.36812571324615,0.706937996966654,NA,NA,NA,0,1,8.35477555227578,NA,NA,0.000213748665920909,NA,0.659523420122803,19.1889820024678,NA,0,0,0,0,0,0,NA,-3.67009658717287
"Mastixiodendron_robustum","Mastixiodendron","Rubiaceae","Gentianales",1,171.85,0.2051746355,0.395,56.065,32.905,12.675,NA,NA,NA,NA,NA,NA,NA,NA,24.46666718,2982,-16.75001585,179.0199514,56.46,8.47191040552548,0.668226981226026,NA,NA,NA,0,1,8.63553042846191,NA,NA,0.000757287000041863,NA,0.649325307073077,19.3684237187481,NA,0,0,0,0,0,0,2.23514953647324,-3.12073949842237
"Matayba_domingensis","Matayba","Sapindaceae","Sapindales",1,182.45,0.148587601,0.04,10.365,13.86,5.55,NA,NA,NA,NA,NA,NA,NA,NA,18.68333435,1961,18.1702,-66.5703,10.405,3.63719383570758,0.655565258849912,NA,NA,NA,0,1,6.94460257948882,NA,NA,0.0019730362083052,NA,0.677263256815487,18.5551865874888,NA,0,0,0,0,0,0,2.26114386770067,-2.70486494469061
"Matayba_dominguensis","Matayba","Sapindaceae","Sapindales",1,157.1,NA,NA,7.97,13.14,4.965,NA,NA,NA,NA,NA,NA,NA,NA,20.09166718,2083,18.15399777,-66.80487416,7.97,3.16824807539027,0.637156766443555,NA,NA,NA,0,1,6.65895192240628,NA,NA,NA,NA,0.575846149241698,21.8401813863523,NA,0,0,0,0,0,0,2.19617618503997,NA
"Matayba_grandis","Matayba","Sapindaceae","Sapindales",1,NA,NA,NA,76.11,42.68,17.53,NA,NA,NA,NA,NA,NA,NA,NA,26.97500038,2237,-3,-58.97,76.11,9.84409781289241,0.561557205527234,NA,NA,NA,0,1,8.93734984826739,NA,NA,NA,NA,0.525052540834209,23.9335488109315,NA,0,0,0,0,0,0,NA,NA
"Matisia_bracteolosa","Matisia","Malvaceae","Malvales",1,40.6,0.10938941,0.73,80.58,45.065,18.06,NA,NA,NA,NA,NA,NA,NA,NA,25.08749962,3338,-0.7,-76.3953,81.31,10.0966139066838,0.556975638896846,NA,NA,NA,0,1,8.97233074452908,NA,NA,0.000154241499944048,NA,0.488302303759547,25.89763734026,NA,0,0,0,0,0,0,1.60852603357719,-3.81179876006044
"Matisia_malacocalyx","Matisia","Malvaceae","Malvales",1,43.6,0.1193783035,0.85,155.82,58.105,24.69,NA,NA,NA,NA,NA,NA,NA,NA,25.09583282,3334,-0.6859,-76.3953,156.67,14.0927545321187,0.570175858545469,NA,NA,NA,0,1,9.65052345340834,NA,NA,9.41024646204661e-05,NA,0.577327360090184,21.9305810708346,NA,0,0,0,0,0,0,1.63948648926859,-4.02639900189632
"Matisia_oblongifolia","Matisia","Malvaceae","Malvales",1,37.85,0.1117315965,0.835,143.3,57.455,24.165,NA,NA,NA,NA,NA,NA,NA,NA,25.09583282,3334,-0.6859,-76.3953,144.135,13.5468617406387,0.562507591821684,NA,NA,NA,0,1,9.57591053360075,NA,NA,8.97432503899392e-05,NA,0.551597600494013,23.1110330989188,NA,0,0,0,0,0,0,1.57806588383609,-4.04699820490713
"Mayna_anelio","Mayna","Achariaceae","Malpighiales",0,33.7,0.153018528,0.85,130.405,60.905,24.87,NA,130.405,60.905,127.72,57.525,0,38.5,NA,25.08749962,3338,-0.7,-76.3953,130.83,12.9059180989041,0.518924157142324,60.905,57.525,38.5,0.669510982420065,1.0588306524165,9.47888635067996,0.0569922115474237,-0.405703811512827,0.000181755309558801,NA,0.441770148935486,28.4470054927165,2.68500000000001,0.0440520816480614,0.04668738078633,0.020569949650373,0.0699047619047621,0.294780373117737,0.63141751604379,1.52762990087134,-3.74051289338003
"Mayna_odorata","Mayna","Achariaceae","Malpighiales",0,43.6,0.155827416,0.44,96.22,53.57,23.24,NA,96.22,53.57,94.735,52.6,0,18,NA,25.08749962,3338,-0.7,-76.3953,96.44,11.0776860720366,0.476686474805987,53.57,52.6,18,0.343932464433558,1.01856685768,9.1728510826192,0.0183705481568493,-1.11234793101283,0.0002517950006673,NA,0.421066083721857,29.8673262135132,1.485,0.0277225293643691,0.0282385798730996,0.0154659494017307,0.0894816053511704,0.18997517892651,0.3369653705361,1.63948648926859,-3.59895289696111
"Maytenus_ala","Maytenus","Celastraceae","Celastrales",0,71.55,NA,0.22,84.825,47.975,20.67,NA,84.825,47.975,84.545,47.42,0,41.5,NA,25.09583282,3334,-0.6859,-76.3953,85.045,10.4050906735093,0.503476482247211,47.975,47.42,41.5,0.876965912325647,1.01179209365215,9.04804138025786,0.0116977270667112,-0.145694738620052,NA,NA,0.463285093444694,27.1580189350503,0.280000000000001,0.00584291235183948,0.00592104326786225,0.00328531953171213,0.00668452380952383,0.48763508809873,0.865748360033275,1.8546096380958,NA
"Maytenus_boaria","Maytenus","Celastraceae","Celastrales",0,NA,NA,0.0475,2.8925,9.2925,4.0925,NA,2.8925,9.2925,2.7925,9.0575,0,30,NA,9.6208333975,1604.5,-39.04195,-73.27215,2.94,1.93246198567127,0.474518154523765,9.2925,9.0575,30,3.26268118139217,1.02500571280115,5.6788144123936,0.0245118684097085,1.0931528127201,NA,NA,0.425091504487654,29.9538306665908,0.1,0.0108835650157128,0.011141648197387,0.034941988277305,0.00381282051282052,10.1428763886268,3.16972807818136,NA,NA
"Maytenus_peduncularis","Maytenus","Celastraceae","Celastrales",NA,74.45234573,0.102,NA,10.4765,NA,NA,NA,NA,NA,NA,NA,NA,NA,NA,21.06666667,943,-28.07206667,32.03855,10.4765,3.65227245566619,NA,NA,NA,NA,NA,NA,6.95430483963512,NA,NA,0.00099307974991648,NA,NA,NA,NA,NA,NA,NA,NA,NA,NA,1.87187838538633,-3.00301587380278
"Maytenus_ponceana","Maytenus","Celastraceae","Celastrales",0,249.55,0.1146677915,0.04,9.025,12.39,4.835,NA,9.025,12.39,8.98,12.26,0,32,NA,22.53333282,2174,18.1702,-66.99,9.065,3.34310727118918,0.698148224175072,12.39,12.26,32,2.53223564275666,1.00985174517818,6.74415282336193,0.00979675998045835,0.917409091304534,0.00155589200511289,NA,0.722312280964873,17.436799190372,0.0450000000000004,0.00353242237241652,0.00356902048596951,0.00502789061600788,0.00141196013289038,3.56043996148372,2.50616286283345,2.39715757420214,-2.80802055079828
"Maytenus_schippii","Maytenus","Celastraceae","Celastrales",0,45.2,NA,NA,18.04,20.39,8.59,NA,18.04,20.39,17.95,20.25,0,46,NA,26.39583397,2496,9.17,-79.85,18.04,4.79262364337346,0.557930575480031,20.39,20.25,46,2.2716049382716,1.00691358024691,7.49776170062257,0.00688979103381566,0.820486602936547,NA,NA,0.545270428899913,23.0461252771619,0.0899999999999999,0.00441392839627268,0.00444444444444444,0.00498891352549888,0.00195652173913043,2.54988913525499,2.25600784698382,1.65513843481138,NA
"Mecranium_latifolium","Mecranium","Melastomataceae","Myrtales",0.5,94.275,0.1054110385,0.1775,24.7025,24.7575,10.4325,NA,24.98,24.895,24.75,24.385,0,64,NA,19.387500765,2022,18.162098885,-66.68758708,24.88,5.60731283435185,0.538589389659838,24.895,24.385,64,1.3084407163838,1.0105254835361,7.80419098121765,0.0208302316532817,0.960908580268742,0.000482271146664446,NA,0.503739813829234,24.9932910659955,0.23,0.0046244514000979,0.00472197813998757,0.00469033990722406,0.00180998270323697,1.29137453256489,1.28159561307952,1.97439654107766,-3.31670872028682
"Medicosma_sessiliflora","Medicosma","Rutaceae","Sapindales",1,NA,NA,0.68,72.86,45.57,20.42,NA,NA,NA,NA,NA,NA,NA,NA,23.6875,3054,-16.144616,145.430116,73.54,9.67646816353074,0.473872094198371,NA,NA,NA,0,1,8.90299966186122,NA,NA,NA,NA,0.440900888245253,28.5015769969805,NA,0,0,0,0,0,0,NA,NA
"Melaleuca_squarrosa","Melaleuca","Myrtaceae","Myrtales",1,148.6126948,0.11673217375,0.01,0.5056,2.91,1.125,NA,NA,NA,NA,NA,NA,NA,NA,8.095833778,1890,-42.8,146.4,0.5106,0.804726909966671,0.70211651159899,NA,NA,NA,0,1,3.92505190711876,NA,NA,0.0268390127614785,NA,0.714766012525709,17.5825263157895,NA,0,0,0,0,0,0,2.17205590933105,-1.57123346317248
"Melaleuca_uncinata","Melaleuca","Myrtaceae","Myrtales",1,372.9963009,0.0973653277222222,0.04,0.921466666666667,16.75,7.64666666666667,NA,NA,NA,NA,NA,NA,NA,NA,16.2722220966667,394.733333333333,-33.72581,143.810927766667,0.948133333333333,1.05694466543584,0.168414606127045,NA,NA,NA,0,1,4.37868930067316,NA,NA,0.0127752217686771,NA,0.0571462928204333,231.857549017309,NA,0,0,0,0,0,0,2.57170452482026,-1.89363155208744
"Melastoma_malabathricum","Melastoma","Melastomataceae","Myrtales",1,NA,NA,NA,19.01,19.775,8.36,NA,NA,NA,NA,NA,NA,NA,NA,24.77499962,2225,5.016667,117.8125,19.01,4.91955193368836,0.588480219696146,NA,NA,NA,0,1,7.54994589384812,NA,NA,NA,NA,0.610964662580267,20.5809679711618,NA,0,0,0,0,0,0,NA,NA
"Melicope_clusiifolia","Melicope","Rutaceae","Sapindales",1,NA,0.346726541,0.04,27.62,21.77,8.73,NA,NA,NA,NA,NA,NA,NA,NA,20.72083282,4667,21.3279,-157.755,27.66,5.93445918406847,0.67977768431483,NA,NA,NA,0,1,7.9251575122247,NA,NA,0.00434632300194594,NA,0.73234661777775,17.1590477914555,NA,0,0,0,0,0,0,NA,-2.36187800172691
"Melicope_peduncularis","Melicope","Rutaceae","Sapindales",1,NA,NA,NA,66.4,33.455,12.05,NA,NA,NA,NA,NA,NA,NA,NA,20.72083282,4667,21.3279,-157.755,66.4,9.18946957540903,0.765177112623476,NA,NA,NA,0,1,8.79857573468712,NA,NA,NA,NA,0.744448490301865,16.8822307994721,NA,0,0,0,0,0,0,NA,NA
"Melicope_wawraeana","Melicope","Rutaceae","Sapindales",1,NA,NA,NA,27.15,20.645,7.555,NA,NA,NA,NA,NA,NA,NA,NA,20.72083282,4667,21.3279,-157.755,27.15,5.79404233528874,0.766963511288425,NA,NA,NA,0,1,7.8471017005699,NA,NA,NA,NA,0.777197260269305,16.168860700718,NA,0,0,0,0,0,0,NA,NA
"Melicytus_alpinus","Melicytus","Violaceae","Malpighiales",1,62.9,NA,0,0.17,2.12,0.93,NA,NA,NA,NA,NA,NA,NA,NA,7.729166508,1681,-39.25,175.933333,0.17,0.465041201659962,0.50059237506096,NA,NA,NA,0,1,2.83148024006797,NA,NA,NA,NA,0.475616581850222,26.5447569444444,NA,0,0,0,0,0,0,1.79865064544527,NA
"Melicytus_ramiflorus","Melicytus","Violaceae","Malpighiales",0,93.39299618,0.155,0.395,32.638875,33.46,12.74,NA,35.02,33.46,33.855,29.21,0,60.5,NA,9.920833588,1596,-38.8,176.4,32.836375,6.42092909286616,0.519756095193711,33.46,29.21,60.5,2.08552338823019,1.14503623507117,8.06932997677043,0.135396442225981,0.723349328784528,0.000794011451611571,NA,0.383471552162927,34.1988768285646,1.165,0.0344577667830784,0.0395233978604589,0.0339494980890546,0.0199930901050304,1.96801828636552,1.82397492420242,1.97031430840965,-3.10017323392574
"Meliosma_rigida","Meliosma","Sabiaceae","Proteales",0,81.55,0.10846096875,0.3175,44.275,37.4275,14.0975,NA,44.275,37.4275,43.3125,33.02,0,22,NA,18.57291603,3066,30.3296,130.6472,44.51,7.35695073526213,0.51912381939663,37.4275,33.02,22,0.632315413465291,1.1244868780248,8.31248273771607,0.116205817369,-0.506126222696196,0.000305198778650377,NA,0.384958935269964,32.7635524771845,0.962499999999999,0.0254876022663559,0.028879894571452,0.0229763122312986,0.0470227272727272,0.487112693906008,0.555743215989805,1.91142396537629,-3.51541720868067
"Melochia_pyramidata","Melochia","Malvaceae","Malvales",0,151.5,0.0797206645,0.03,1.235,5.27,1.66,NA,1.235,5.27,1.105,4.32,0,19.5,2,26.21666718,1058,17.96222,-67.200125,1.265,1.25053475319472,0.752030039145373,5.27,4.32,20.5,4.85080221922327,1.23196881091618,4.78035775688319,0.207248474214882,1.57237986793215,0.00557182146745419,NA,0.536526907215452,23.5865800237989,0.13,0.024344603643435,0.0298395561553456,0.109921166146066,0.00663157894736842,18.3549010858248,3.92430607789539,2.18041263283832,-2.25400280770781
"Memecylon_laevigatum","Memecylon","Melastomataceae","Myrtales",1,NA,NA,NA,79.82,47.275,20.93,NA,NA,NA,NA,NA,NA,NA,NA,24.77499962,2225,5.016667,117.8125,79.82,10.0811161155746,0.481683506450057,NA,NA,NA,0,1,8.98492306477406,NA,NA,NA,NA,0.448820720149334,28.0015041993658,NA,0,0,0,0,0,0,NA,NA
"Memora_adenophora","Memora","Bignoniaceae","Lamiales",1,NA,NA,NA,28.97,24.65,9.77666666666667,NA,NA,NA,NA,NA,NA,NA,NA,26.97500038,2237,-3,-58.97,28.97,5.87091945972308,0.605349764362664,NA,NA,NA,0,1,7.82238307075767,NA,NA,NA,NA,0.569234841935672,22.1480349606473,NA,0,0,0,0,0,0,NA,NA
"Memora_cladotricha","Memora","Bignoniaceae","Lamiales",1,77.05,0.130389775,0.065,122.555,53.55,22.905,NA,NA,NA,NA,NA,NA,NA,NA,25.09583282,3334,-0.6859,-76.3953,122.62,12.4949668507986,0.552217252769498,NA,NA,NA,0,1,9.41425473824908,NA,NA,0.000148955498202648,NA,0.5483556453681,23.5694286057505,NA,0,0,0,0,0,0,1.88677264305444,-3.82694346159966
"Memora_moringifolia","Memora","Bignoniaceae","Lamiales",1,NA,NA,NA,1.575,6.67,2.515,NA,NA,NA,NA,NA,NA,NA,NA,26.97500038,2237,-3,-58.97,1.575,1.41460031689378,0.568607610402077,NA,NA,NA,0,1,5.05516955353668,NA,NA,NA,NA,0.464735381727487,28.3577028785168,NA,0,0,0,0,0,0,NA,NA
"Metrosideros_parkinsonii","Metrosideros","Myrtaceae","Myrtales",1,231,0.1069386605,0.03,2.53,6.935,2.82,NA,NA,NA,NA,NA,NA,NA,NA,9.470833778,2835,-40.88825164,172.3501599,2.56,1.75754981341655,0.621553045803986,NA,NA,NA,0,1,5.43466503161977,NA,NA,0.00570209222292223,NA,0.624020355539807,20.1401880893106,NA,0,0,0,0,0,0,2.36361197989214,-2.24396576289777
"Metrosideros_polymorpha","Metrosideros","Myrtaceae","Myrtales",1,152.2871482,0.20211839425,NA,7.535,10.585,3.355,NA,NA,NA,NA,NA,NA,NA,NA,18.11041641,3583.5,-6.144383335,-3.26916665,7.535,3.08418286980022,0.8927581417026,NA,NA,NA,0,1,6.60708483899277,NA,NA,0.0055652934583538,NA,0.790244341418326,15.9383143810361,NA,0,0,0,0,0,0,2.18266325395107,-2.25451193034392
"Metrosideros_rugosa","Metrosideros","Myrtaceae","Myrtales",1,NA,NA,NA,3.09,6.68,2.23,NA,NA,NA,NA,NA,NA,NA,NA,20.72083282,4667,21.3279,-157.755,3.09,1.9834680147845,0.889570727670262,NA,NA,NA,0,1,5.73325748357378,NA,NA,NA,NA,0.870192665530537,14.4433264547216,NA,0,0,0,0,0,0,NA,NA
"Miconia_argentea","Miconia","Melastomataceae","Myrtales",0,130,NA,NA,149.45,49.7,18.6,NA,149.45,49.7,148.8,48.83,0,47,NA,26.39583397,2496,9.17,-79.85,149.45,13.7944064736642,0.741634756648615,49.7,48.83,47,0.962523039115298,1.01781691583043,9.61213207471804,0.0176600550290143,-0.0381972763635103,NA,NA,0.760314032410146,16.527868852459,0.649999999999977,0.0130784708249492,0.0133114888388281,0.00434928069588476,0.0138297872340421,0.314486450317832,0.945674044265594,2.11394335230684,NA
"Miconia_bubalina","Miconia","Melastomataceae","Myrtales",0,79.3,0.2625779225,0.42,172.465,65.04,26.385,NA,172.465,65.04,171.075,61.975,0,181.5,NA,25.09583282,3334,-0.6859,-76.3953,172.885,14.8170186366884,0.561820100479956,65.04,61.975,181.5,2.92988717026707,1.04929110357643,9.75251333514447,0.0481118604205067,1.07494081368918,0.000398804500124925,NA,0.51230224518607,24.5561391957282,1.39,0.0214058157405314,0.0224596289862172,0.00810691368210885,0.00766493055555556,1.05699071168481,2.79231628479537,1.8992731873176,-3.39923994973752
"Miconia_fosteri","Miconia","Melastomataceae","Myrtales",0,51.85,0.160456101,0.2,36.91,26.345,9.685,NA,36.91,26.345,36.11,25.03,0,31.5,NA,25.09583282,3334,-0.6859,-76.3953,37.11,6.86210975415723,0.709062678430963,26.345,25.03,31.5,1.25649982505382,1.05243229455317,8.21220277162155,0.0509662508023917,0.192129686777953,0.00069793993736341,NA,0.665781764001936,18.972225051514,0.800000000000001,0.030150207941416,0.031898146847521,0.0211086274659505,0.0248967391304348,0.837971657870723,1.18899243914921,1.71474876072506,-3.15618194986108
"Miconia_grandifolia","Miconia","Melastomataceae","Myrtales",0,77.2,0.573403767,NA,346.48,94.165,38.94,NA,346.48,94.165,342.215,91.875,0,202.5,NA,25.09583282,3334,-0.6859,-76.3953,346.48,20.8295985638921,0.5360367662367,94.165,91.875,202.5,2.21445850032459,1.02754957171636,10.4194345025419,0.0270180393309504,0.794472905472865,0.00127340000003792,NA,0.48247315468511,26.0472491515748,4.26499999999997,0.0475208723914321,0.0491544539167028,0.0140331045471529,0.0219388888888888,0.607330458023476,2.1545151002037,1.88761730033574,-2.89503515445925
"Miconia_pilgeriana","Miconia","Melastomataceae","Myrtales",1,60.2,0.281937843,0.19,170.475,55.81,21.77,NA,NA,NA,NA,NA,NA,NA,NA,25.08749962,3338,-0.7,-76.3953,170.665,14.6327693821552,0.671740850149318,NA,NA,NA,0,1,9.71517210818527,NA,NA,0.000470340389110598,NA,0.67849856253314,18.5224218358987,NA,0,0,0,0,0,0,1.77959649125782,-3.32758772587925
"Miconia_prasina","Miconia","Melastomataceae","Myrtales",0,70.4,0.2813941865,0.31,60.92,40.535,17.125,NA,60.92,40.535,60.24,39.555,0,90,NA,23.96249962,1997,18.4095,-66.9706,61.23,8.80303424646267,0.513363339202485,40.535,39.555,90,2.27036250525141,1.02427875899933,8.70775349687553,0.0237368321116407,0.814825745091081,0.00134106600232015,NA,0.462362063792518,27.2950387732516,0.68,0.0166122934325264,0.0171008787831702,0.0109665644909642,0.00742198270459957,1.48428414113929,2.21264406366242,1.84757265914211,-2.87254984725053
"Miconia_purpono","Miconia","Melastomataceae","Myrtales",1,47.25,0.14779813,0.535,71.51,41.16,17.535,NA,NA,NA,NA,NA,NA,NA,NA,25.09583282,3334,-0.6859,-76.3953,72.045,9.49469200061806,0.539508211918595,NA,NA,NA,0,1,8.84737417694606,NA,NA,0.000316982768623464,NA,0.518673124825933,24.2904773581666,NA,0,0,0,0,0,0,1.67440181284528,-3.49896434565337
"Miconia_sintenisii","Miconia","Melastomataceae","Myrtales",0,172.45,0.2813383355,0.5,40.585,33.755,11.605,NA,40.585,33.755,40.08,28.83,0,110,NA,18.68333435,1961,18.1702,-66.5703,41.085,7.22201626675014,0.622334030609955,33.755,28.83,110,3.81755829903978,1.17055555555556,8.3149261805644,0.157270179977325,1.33846777404575,0.00192823180281816,NA,0.445985560586168,28.2246338604925,0.505000000000003,0.0149051029813985,0.0174889899646236,0.0123852280694475,0.0046218139688845,2.75076357071311,3.26586276198679,2.23666319870341,-2.71484075848635
"Miconia_tipica","Miconia","Melastomataceae","Myrtales",1,49,0.1896806975,0.44,178.92,56.075,22.535,NA,NA,NA,NA,NA,NA,NA,NA,25.09583282,3334,-0.6859,-76.3953,179.14,15.0355509745238,0.667279275366106,NA,NA,NA,0,1,9.77546358911416,NA,NA,0.000206207000676872,NA,0.709017826412214,17.7242335503606,NA,0,0,0,0,0,0,1.69019608002851,-3.68569659461155
"Microdesmis_caseariifolia","Microdesmis","Pandaceae","Malpighiales",0,51.3,0.1169596705,0.03,61.995,34.65,13.72,NA,61.995,34.65,61.485,33.745,0,51.5,NA,25.29166603,2035,2.917,102.25,62.025,8.85959115177252,0.645156941256423,34.65,33.745,51.5,1.52727133303894,1.02647603484399,8.72046873053079,0.0261164306501077,0.423409569506866,0.000220597499671959,NA,0.643949592655221,19.5265392310835,0.509999999999994,0.0143617284702483,0.0147725119277099,0.00786437419542635,0.00971844293272854,0.844961922073038,1.48802253746596,1.71011736511182,-3.65639941431117
"Micropholis_brochidodroma","Micropholis","Sapotaceae","Ericales",1,NA,NA,NA,23.16,22.81,9.02,NA,NA,NA,NA,NA,NA,NA,NA,26.97500038,2237,-3,-58.97,23.16,5.41938755672048,0.600765603069604,NA,NA,NA,0,1,7.73952956115224,NA,NA,NA,NA,0.556612330056413,22.5841343294922,NA,0,0,0,0,0,0,NA,NA
"Micropholis_chrysophylloides","Micropholis","Sapotaceae","Ericales",1,393,0.1289293695,0.0975,22.6675,22.485,8.695,NA,NA,NA,NA,NA,NA,NA,NA,19.387500765,2022,18.162098885,-66.68758708,22.765,5.25233867019486,0.59949932946269,NA,NA,NA,0,1,7.62870327020214,NA,NA,0.000759025998472966,NA,0.543243530051938,23.2488592171433,NA,0,0,0,0,0,0,2.59439255037543,-3.11974334821523
"Micropholis_porphyrocarpa","Micropholis","Sapotaceae","Ericales",1,NA,NA,NA,76.46,42.46,18.01,NA,NA,NA,NA,NA,NA,NA,NA,26.97500038,2237,-3,-58.97,76.46,9.86670642060716,0.547845997812724,NA,NA,NA,0,1,8.94193791425636,NA,NA,NA,NA,0.53294719164567,23.5790164792048,NA,0,0,0,0,0,0,NA,NA
"Micropholis_trunciflora","Micropholis","Sapotaceae","Ericales",1,NA,NA,NA,44.26,34.785,15.12,NA,NA,NA,NA,NA,NA,NA,NA,26.97500038,2237,-3,-58.97,44.26,7.47155248192326,0.493958009900812,NA,NA,NA,0,1,8.37628115934835,NA,NA,NA,NA,0.454997937910058,27.6204163241457,NA,0,0,0,0,0,0,NA,NA
"Minquartia_guianensis","Minquartia","Olacaceae","Santalales",1,NA,NA,NA,104.13,49.12,19.05,NA,NA,NA,NA,NA,NA,NA,NA,26.97500038,2237,-3,-58.97,104.13,11.5144445716358,0.604432785912639,NA,NA,NA,0,1,9.2508103045299,NA,NA,NA,NA,0.542336727409417,23.1707903582061,NA,0,0,0,0,0,0,NA,NA
"Mischocarpus_grandissimus","Mischocarpus","Sapindaceae","Sapindales",1,NA,NA,0.26,276.81,71.02,28.55,NA,NA,NA,NA,NA,NA,NA,NA,23.6875,3054,-16.144616,145.430116,277.07,18.7823449190928,0.657875478777331,NA,NA,NA,0,1,10.2294403678315,NA,NA,NA,NA,0.689652481819362,18.2213084787399,NA,0,0,0,0,0,0,NA,NA
"Mitraria_coccinea","Mitraria","Gesneriaceae","Lamiales",0,NA,NA,0.0325,3.4875,8.32,3.0425,NA,3.4875,8.32,3.285,7.605,0,8.5,NA,8.958333015,1793,-40.2427,-73.3484,3.52,2.0549979413391,0.698289936604376,8.32,7.605,8.5,1.1937597318956,1.08917039235144,5.73006120161421,0.0851466671073523,0.149108427517786,NA,NA,0.619772701500602,20.7220267947303,0.2025,0.0232789615299572,0.0253976484569912,0.0591891398280403,0.0229960317460318,3.11589007416976,1.10147026719393,NA,NA
"Mitrephora_maingayi","Mitrephora","Annonaceae","Magnoliales",1,49.85,0.1729532945,0.06,40.485,30.505,12.305,NA,NA,NA,NA,NA,NA,NA,NA,26.72083282,2181,2.409143,101.850166,40.545,7.13974250907289,0.578750344040564,NA,NA,NA,0,1,8.28217422449917,NA,NA,0.000759882678815449,NA,0.538248390250538,23.3739553793416,NA,0,0,0,0,0,0,1.69766516264767,-3.11925345492472
"Monanthotaxis_caffra","Monanthotaxis","Annonaceae","Magnoliales",NA,46.35040909,0.14,NA,14.8866,NA,NA,NA,NA,NA,NA,NA,NA,NA,NA,21.06666667,943,-28.07206667,32.03855,14.8866,4.35364304998176,NA,NA,NA,NA,NA,NA,7.30563166544163,NA,NA,0.00131662031625757,NA,NA,NA,NA,NA,NA,NA,NA,NA,NA,1.66605357159261,-2.88053944776249
"Monotoca_glauca","Monotoca","Ericaceae","Ericales",1,166.3265306,0.07464224075,0.01,0.4185,2.92,1.225,NA,NA,NA,NA,NA,NA,NA,NA,8.095833778,1890,-42.8,146.4,0.4235,0.731228494818174,0.616661102865453,NA,NA,NA,0,1,3.72951331145435,NA,NA,0.0133934291714373,NA,0.646104362162766,19.4502780748663,NA,0,0,0,0,0,0,2.22096152867949,-1.87310821465605
"Monotoca_submutica","Monotoca","Ericaceae","Ericales",1,NA,0.050044565,0.01,0.15,1.81,0.76,NA,NA,NA,NA,NA,NA,NA,NA,8.095833778,1890,-42.8,146.4,0.16,0.451351666838205,0.593986609172356,NA,NA,NA,0,1,2.77258872223978,NA,NA,0.0157132321442092,NA,0.57584011205947,21.8466666666667,NA,0,0,0,0,0,0,NA,-1.80373447326575
"Morus_rubra","Morus","Moraceae","Rosales",0,32.3666666666667,0.11565878,0.586666666666667,116.4025,61.5408333333333,16.165,NA,116.4025,61.5408333333333,114.125833333333,56.3591666666667,0,94.3333333333333,2.6,17.279166695,1168.5,33.92,-80.51,116.989166666667,11.8102180931323,0.734048770801068,61.5408333333333,56.3591666666667,96.25,1.78723251442869,1.10411287651515,9.2327984800531,0.0985873754611022,0.547462158126625,0.000127091549409334,NA,0.41098397514947,33.9859992844503,2.27666666666666,0.0406995054142912,0.0453345119237031,0.023076442122975,0.0263719788226618,0.964098032207847,1.61414183022454,1.51009797518834,-3.89588332566084
"Mouriri_myrtilloides","Mouriri","Melastomataceae","Myrtales",1,83.7,0.052716449,NA,12.02,17.15,7.29,NA,NA,NA,NA,NA,NA,NA,NA,26.39583397,2496,9.17,-79.85,12.02,3.91207608920336,0.536635951879748,NA,NA,NA,0,1,7.09174211509515,NA,NA,0.000231199999598137,NA,0.51355396062728,24.4694259567388,NA,0,0,0,0,0,0,1.92272545799326,-3.63601217100638
"Muehlenbeckia_australis","Muehlenbeckia","Polygonaceae","Caryophyllales",0.5,NA,0.04896864225,0.155,3.21,7.305,2.465,NA,0.21,2.07,0.21,2.07,0,3,NA,11.212500094,1892,-40.66912582,173.78341345,3.2875,1.65576913663177,0.658141114456292,2.07,2.07,3,0.72463768115942,1,4.71243019177222,0,0.371063681390832,0.00129803037656725,NA,0.552768846550889,23.1384751276414,0,0,0,0,0,7.14285714285714,0.72463768115942,NA,-2.88671514403706
"Muehlenbeckia_axillaris","Muehlenbeckia","Polygonaceae","Caryophyllales",1,53.35,0.0381371585,0.045,0.995,3.81,1.2,NA,NA,NA,NA,NA,NA,NA,NA,12.95416641,949,-40.45,175.216667,1.04,1.1233856239946,0.935028096850829,NA,NA,NA,0,1,4.54577841799311,NA,NA,0.00146738188204109,NA,0.818336738276453,15.3560333416583,NA,0,0,0,0,0,0,1.72713442376049,-2.83345684751977
"Mutisia_ilicifolia","Mutisia","Asteraceae","Asterales",0,NA,NA,0.055,3.64,9.435,3.34,NA,3.64,9.435,3.37,7.92,0,22.5,NA,12.13333321,863,-35.8258,-72.5033,3.695,2.16118603816917,0.647523712790444,9.435,7.92,22.5,2.84524908674883,1.19229015294448,5.89763666791565,0.1758265815759,1.04548803160431,NA,NA,0.509086753165268,24.6997159740755,0.27,0.028458962836441,0.0339063064509654,0.0745057458744077,0.0119345238095238,6.29867654267197,2.38618109355619,NA,NA
"Myoschilos_oblongum","Myoschilos","Santalaceae","Santalales",1,NA,NA,0.03,3.025,7.91,3.37,NA,NA,NA,NA,NA,NA,NA,NA,8.958333015,1793,-40.2427,-73.3484,3.055,1.97209549330317,0.585801212994697,NA,NA,NA,0,1,5.72164833852278,NA,NA,NA,NA,0.609127355207909,20.7345761970383,NA,0,0,0,0,0,0,NA,NA
"Myrceugenia_planipes","Myrceugenia","Myrtaceae","Myrtales",1,NA,NA,0.055,12.68,15.595,6.535,NA,NA,NA,NA,NA,NA,NA,NA,8.958333015,1793,-40.2427,-73.3484,12.735,4.01008744723756,0.612737092611741,NA,NA,NA,0,1,7.13286997975528,NA,NA,NA,NA,0.648588988377134,19.5539775058619,NA,0,0,0,0,0,0,NA,NA
"Myrcia_fallax","Myrcia","Myricaceae","Fagales",1,112.35,0.1088395865,0.04,8.895,11.775,4.275,NA,NA,NA,NA,NA,NA,NA,NA,18.68333435,1961,18.1702,-66.5703,8.935,3.35966152557222,0.795562949871582,NA,NA,NA,0,1,6.77936374480291,NA,NA,0.00134113449824937,NA,0.805423307126897,15.6476367490253,NA,0,0,0,0,0,0,2.05057307675515,-2.87252766590794
"Myrcia_gatunensis","Myrcia","Myrtaceae","Myrtales",1,68.3,0.105318288,NA,15.98,19.05,8,NA,NA,NA,NA,NA,NA,NA,NA,26.39583397,2496,9.17,-79.85,15.98,4.51069483836669,0.563836854795836,NA,NA,NA,0,1,7.37650812632622,NA,NA,0.000694114004208444,NA,0.553345877797644,22.7097934918648,NA,0,0,0,0,0,0,1.83442070368153,-3.15856919333126
"Myrcia_minutiflora","Myrcia","Myrtaceae","Myrtales",1,NA,NA,NA,36.92,36.45,12.32,NA,NA,NA,NA,NA,NA,NA,NA,26.97500038,2237,-3,-58.97,36.92,6.85623832663526,0.556512851187927,NA,NA,NA,0,1,8.21392359562274,NA,NA,NA,NA,0.349201813997897,35.9859832069339,NA,0,0,0,0,0,0,NA,NA
"Myrcia_platatomen","Myrcia","Myrtaceae","Myrtales",1,76.7,0.0818772126666667,0.07,10.4533333333333,14.56,6.08333333333333,NA,NA,NA,NA,NA,NA,NA,NA,25.09583282,3334,-0.6859,-76.3953,10.5233333333333,3.65535408037372,0.601549548100614,NA,NA,NA,0,1,6.95313990661179,NA,NA,0.000640334098264548,NA,0.617967328373302,20.3351345321598,NA,0,0,0,0,0,0,1.88479536394898,-3.19359337105754
"Myrcia_splendens","Myrcia","Myrtaceae","Myrtales",1,50.45,0.0464052955,0.06,15.16,16.76,6.85,NA,NA,NA,NA,NA,NA,NA,NA,25.09583282,3334,-0.6859,-76.3953,15.22,4.39704704613275,0.64156097135337,NA,NA,NA,0,1,7.32315830070599,NA,NA,0.00014359173174761,NA,0.676667454665243,18.650944864599,NA,0,0,0,0,0,0,1.70286117057293,-3.84287056677735
"Myrica_californica","Myrica","Myricaceae","Fagales",0,114.45,0.13890193325,0.0825,8.4975,17.0825,7.0225,NA,8.4975,17.0825,8.16,15.7725,0,26.5,2.5,11.483333585,1753,42.982499745,-124.4733305,8.58,3.04614732253404,0.430382756387672,17.0825,15.7725,27.75,1.65184663956984,1.07470137579588,6.39702571314842,0.0718286226257846,0.473021473319264,0.0030971177649276,NA,0.303510579636762,41.6313496359919,0.337499999999999,0.015257502659706,0.016632759092505,0.0301391719768772,0.00954353092588385,4.24889560446344,1.53231779931624,2.05861579701056,-2.5090422806988
"Myrica_cerifera","Myrica","Myricaceae","Fagales",0.25,100.569444444444,0.0802757355833333,0.0601111111111111,6.19888888888889,14.5825,6.28583333333333,NA,6.99866666666667,15.6586666666667,6.85233333333333,14.9793333333333,0,6.43333333333333,0,21.0361108783333,1428,27.4833666666667,-78.91,6.25166666666667,2.76721640057762,0.445142928438269,15.6586666666667,14.9793333333333,6.43333333333333,0.386301298617008,1.03397713038851,6.36250838670329,0.0396874507463287,-0.860617151217945,0.00117011411492054,NA,0.362516577010005,35.9919883982767,0.125333333333334,0.00663232007613317,0.00699015951909594,0.0162236868595686,0.0140582010582011,0.969004149225452,0.369097715158373,2.0024660510493,-2.93177178178924
"Myrica_gale","Myrica","Myricaceae","Fagales",0,85.75,0.054923139,0.01,2.615,9.46,3.805,NA,2.615,9.46,2.515,8.94,0,9.5,NA,7.320833206,3540,55.32333333,-131.595,2.62,1.78929868166999,0.469386181110538,9.46,8.94,9.5,1.09316479400749,1.05683520599251,5.48440077790136,0.0552578719651941,0.0786779053881034,0.00189720201107756,NA,0.351409138550498,35.7646096757413,0.1,0.0101302257992399,0.0107209737827715,0.0381654239639328,0.0103333333333333,4.21796427952142,1.03537894030852,1.93323412871481,-2.72188642365783
"Myrica_splendens","Myrica","Myricaceae","Fagales",1,99.15,0.0559501355,0.02,5.23,12.875,4.795,NA,NA,NA,NA,NA,NA,NA,NA,20.09166718,2083,18.15399777,-66.80487416,5.25,2.58497224571993,0.539449054632934,NA,NA,NA,0,1,6.2626721119693,NA,NA,0.000596446659002394,NA,0.397618135970662,31.6971657897916,NA,0,0,0,0,0,0,1.99629271854132,-3.2244283897753
"Myristica_castaneifolia","Myristica","Myristicaceae","Magnoliales",1,186.45,0.3834806245,0.88,135.87,59.38,20.06,NA,NA,NA,NA,NA,NA,NA,NA,24.46666718,2982,-16.75001585,179.0199514,136.75,13.1951390289123,0.658362920376267,NA,NA,NA,0,1,9.52328081920216,NA,NA,0.00107558036169437,NA,0.484292794036134,25.9565425675018,NA,0,0,0,0,0,0,2.27056238769733,-2.96835713587011
"Myristica_gillespieana","Myristica","Myristicaceae","Magnoliales",1,97.6,0.163529887,0.325,39.965,27.18,10.815,NA,NA,NA,NA,NA,NA,NA,NA,24.46666718,2982,-16.75001585,179.0199514,40.29,7.13253940233761,0.663507124264581,NA,NA,NA,0,1,8.2845372251725,NA,NA,0.000705140497677238,NA,0.676207348447082,18.5982655209538,NA,0,0,0,0,0,0,1.98944981766669,-3.15172434217633
"Myristica_insipida","Myristica","Myristicaceae","Magnoliales",1,NA,NA,0.14,29.42,26.24,11.26,NA,NA,NA,NA,NA,NA,NA,NA,23.6875,3054,-16.144616,145.430116,29.56,6.13489697895339,0.544839873796926,NA,NA,NA,0,1,7.99159228206809,NA,NA,NA,NA,0.536938902791143,23.4037253569001,NA,0,0,0,0,0,0,NA,NA
"Myrrhinium_loranthoides","Myrrhinium","Myrtaceae","Myrtales",1,NA,NA,NA,2.26666666666667,8.25,3.66,NA,NA,NA,NA,NA,NA,NA,NA,19.32500076,629,-24.58,-64.7,2.26666666666667,1.65759850248775,0.464272088870432,NA,NA,NA,0,1,5.32397104692675,NA,NA,NA,NA,0.415863244115742,30.7591314814815,NA,0,0,0,0,0,0,NA,NA
"Myrsine_coriacea","Myrsine","Primulaceae","Ericales",1,125.45,0.1264527175,0.123333333333333,8.855,16.4816666666667,7.155,NA,NA,NA,NA,NA,NA,NA,NA,20.43611145,2072.66666666667,18.1647992566667,-66.7883913866667,8.97833333333333,3.37217757873661,0.472276891381349,NA,NA,NA,0,1,6.78968083113648,NA,NA,0.00180900927479052,NA,0.41104712262179,30.9362475046348,NA,0,0,0,0,0,0,2.09847066565063,-2.74255920650668
"Myrsine_emarginata","Myrsine","Primulaceae","Ericales",1,NA,0.2668869565,0.12,7.605,12.64,5.275,NA,NA,NA,NA,NA,NA,NA,NA,20.72083282,4667,21.3279,-157.755,7.725,3.12939931631106,0.595564174364529,NA,NA,NA,0,1,6.64092475631361,NA,NA,0.0092949510096861,NA,0.598557865804671,21.0475954464739,NA,0,0,0,0,0,0,NA,-2.03175289489467
"Myrsine_floridana","Myrsine","Primulaceae","Ericales",1,85.8333333333333,0.189132576666667,0.156666666666667,32.7033333333333,25.95,10.9666666666667,NA,NA,NA,NA,NA,NA,NA,NA,23.32500076,1309,26.17,-81.34,32.86,6.43741399811484,0.586530121012413,NA,NA,NA,0,1,8.07772739850554,NA,NA,0.0011844786069451,NA,0.603628757108487,20.8341245958571,NA,0,0,0,0,0,0,1.93365597865755,-2.9264727787315
"Myrsine_lessertiana","Myrsine","Primulaceae","Ericales",1,NA,0.383210787,0.215,24.035,22.95,9.7,NA,NA,NA,NA,NA,NA,NA,NA,20.72083282,4667,21.3279,-157.755,24.25,5.55109858458951,0.573194248012047,NA,NA,NA,0,1,7.78960405785863,NA,NA,0.00556041299784776,NA,0.573331096501525,21.9334629353507,NA,0,0,0,0,0,0,NA,-2.25489295014005
"Myrsine_seguinii","Myrsine","Primulaceae","Ericales",1,100.2,0.145698029166667,0.2,31.0816666666667,33.2766666666667,14.5516666666667,NA,NA,NA,NA,NA,NA,NA,NA,17.28611056,3135,30.3231,130.6281,31.2816666666667,6.2982966927522,0.434238703118311,NA,NA,NA,0,1,8.03981974199471,NA,NA,0.000692487698174339,NA,0.355365450706105,36.1244466561083,NA,0,0,0,0,0,0,2.00086772153123,-3.15958793729955
"Myrtus_communis","Myrtus","Myrtaceae","Myrtales",1,102.9862538,0.0805,0.03,2.87065,7.52,3.38,NA,NA,NA,NA,NA,NA,NA,NA,16.12916756,784,36.416864,-5.581529,2.88565,1.90966531068295,0.516104100399556,NA,NA,NA,0,1,5.6499469944268,NA,NA,0.00191649661372845,NA,0.524428379814955,23.9620338983051,NA,0,0,0,0,0,0,2.0127792606546,-2.71749194376697
"Naucleopsis_krukovii","Naucleopsis","Moraceae","Rosales",1,53.45,0.1114987945,0.135,58.78,40.515,17.81,NA,NA,NA,NA,NA,NA,NA,NA,25.09583282,3334,-0.6859,-76.3953,58.915,8.65482555896047,0.486606590499391,NA,NA,NA,0,1,8.67841160543897,NA,NA,0.000218915937281398,NA,0.450586581653859,27.9340690701818,NA,0,0,0,0,0,0,1.7279477095448,-3.65972262024378
"Nectandra_oppositifolia","Nectandra","Lauraceae","Laurales",1,97.5,0.531129594,1.59,440.27,92.34,37.73,NA,NA,NA,NA,NA,NA,NA,NA,25.09583282,3334,-0.6859,-76.3953,441.86,23.7190561624336,0.628652429431052,NA,NA,NA,0,1,10.696163275811,NA,NA,0.000638434448971631,NA,0.648857333142111,19.3669239330411,NA,0,0,0,0,0,0,1.98900461569854,-3.19488368714191
"Nectandra_viburnoides","Nectandra","Lauraceae","Laurales",1,67.85,0.2072429425,0.45,103.425,44.545,18.64,NA,NA,NA,NA,NA,NA,NA,NA,25.09583282,3334,-0.6859,-76.3953,103.875,11.3808029879681,0.614830647729989,NA,NA,NA,0,1,9.206118921378,NA,NA,0.000451803998755898,NA,0.648478169610494,19.443067620462,NA,0,0,0,0,0,0,1.83154985199576,-3.34504992961323
"Nectandra_yarinensis_cf.","Nectandra","Lauraceae","Laurales",1,61.55,0.2071942755,0.665,142.935,55.44,23.76,NA,NA,NA,NA,NA,NA,NA,NA,25.09583282,3334,-0.6859,-76.3953,143.6,13.4601218855653,0.565679709350671,NA,NA,NA,0,1,9.55385090909114,NA,NA,0.000299915974054316,NA,0.578137955140327,21.7442848451409,NA,0,0,0,0,0,0,1.78922805726734,-3.52300040233354
"Neea_amplifolia","Neea","Nyctaginaceae","Caryophyllales",1,173.5,0.11972641,NA,3.8,9.75,4.2,NA,NA,NA,NA,NA,NA,NA,NA,26.39583397,2496,9.17,-79.85,3.8,2.19961593692936,0.523718080221276,NA,NA,NA,0,1,5.94017125272043,NA,NA,0.0037722140135495,NA,0.502324348029611,25.0164473684211,NA,0,0,0,0,0,0,2.23929947912689,-2.42340367588514
"Neea_aniboid","Neea","Nyctaginaceae","Caryophyllales",1,76.7,0.254897078,0.93,254.675,76.075,32.295,NA,NA,NA,NA,NA,NA,NA,NA,25.08749962,3338,-0.7,-76.3953,255.605,17.3460380814933,0.530974255922708,NA,NA,NA,0,1,9.9851786444294,NA,NA,0.000538877999277914,NA,0.504344140748677,24.9795162451034,NA,0,0,0,0,0,0,1.88479536394898,-3.26850954694256
"Neea_bajio","Neea","Nyctaginaceae","Caryophyllales",1,53.7,0.1730288495,0.31,57.95,32.785,13.235,NA,NA,NA,NA,NA,NA,NA,NA,25.09583282,3334,-0.6859,-76.3953,58.26,8.59737451720867,0.649175429416699,NA,NA,NA,0,1,8.66294019032811,NA,NA,0.00052178499977182,NA,0.675452187715374,18.6057037927512,NA,0,0,0,0,0,0,1.72997428569956,-3.28250841011499
"Neea_buxifolia","Neea","Nyctaginaceae","Caryophyllales",1,48.15,0.056393526,0.01,0.99,4.57,1.89,NA,NA,NA,NA,NA,NA,NA,NA,23.96249962,1997,18.4095,-66.9706,1,1.12144651175884,0.591515762810226,NA,NA,NA,0,1,4.58036493571142,NA,NA,0.00323614504114796,NA,0.585767999548696,21.5525029515939,NA,0,0,0,0,0,0,1.68259629146055,-2.48997202193041
"Neea_claudia","Neea","Nyctaginaceae","Caryophyllales",1,43.75,0.0953654445,0.24,31.95,25.14,10.41,NA,NA,NA,NA,NA,NA,NA,NA,25.08749962,3338,-0.7,-76.3953,32.19,6.39818634595181,0.617156443675413,NA,NA,NA,0,1,8.07444223655707,NA,NA,0.000283419728523923,NA,0.638405849340038,19.7815220151096,NA,0,0,0,0,0,0,1.64097805735833,-3.54756992229299
"Neea_comun","Neea","Nyctaginaceae","Caryophyllales",1,55.75,0.1008922625,0.565,77.76,45.84,20.255,NA,NA,NA,NA,NA,NA,NA,NA,25.09583282,3334,-0.6859,-76.3953,78.325,9.61157799421448,0.469101283562952,NA,NA,NA,0,1,8.80670834457305,NA,NA,0.000143678948485162,NA,0.423589595714158,29.8223864355269,NA,0,0,0,0,0,0,1.7462448717202,-3.84260685905068
"Neea_supercrasa","Neea","Nyctaginaceae","Caryophyllales",1,52.8,0.1092010045,0.13,35.07,28.035,12.03,NA,NA,NA,NA,NA,NA,NA,NA,25.09583282,3334,-0.6859,-76.3953,35.2,6.68803642676691,0.555677630275452,NA,NA,NA,0,1,8.16227255403858,NA,NA,0.000341621516500646,NA,0.55920697415814,22.4916824168939,NA,0,0,0,0,0,0,1.72263392253381,-3.46645478375815
"Nematolepis_squamea","Nematolepis","Rutaceae","Sapindales",1,139.5488488,0.11483359025,0.07,4.0189,12.25,5.645,NA,NA,NA,NA,NA,NA,NA,NA,11.29166698,792,-42.9,147.3,4.0539,2.27157844063531,0.40383158391574,NA,NA,NA,0,1,6.00426289310016,NA,NA,0.00325484006335025,NA,0.336020654332292,37.4688519161804,NA,0,0,0,0,0,0,2.14472625815271,-2.48747034697627
"Nemopanthus_mucrotus","Nemopanthus","Aquifoliaceae","Aquifoliales",1,42.0666666666667,0.050043132,0.055,5.205,9.79,3.935,NA,NA,NA,NA,9.79,NA,NA,NA,7.199999809,1105,42.5,-72.2,5.26,2.5806188988615,0.657339422521517,NA,9.79,NA,0,1,6.2542226268173,NA,NA,0.00047756186058985,NA,0.680430567508214,18.5119184175999,NA,0,0,0,0,0,0,1.62393810018845,-3.32097036445148
"Neobalanocarpus_heimii","Neobalanocarpus","Dipterocarpaceae","Malvales",1,78.5,0.225741731,0.165,95,48.215,19.27,NA,NA,NA,NA,NA,NA,NA,NA,25.29166603,2035,2.917,102.25,95.165,11.0063790597982,0.571815381506435,NA,NA,NA,0,1,9.16032903387931,NA,NA,0.000537468772325612,NA,0.51338045640623,24.4792316376846,NA,0,0,0,0,0,0,1.89486965674525,-3.26964676378565
"Neolaugeria_resinosa","Neolaugeria","Rubiaceae","Gentianales",1,145.2,0.17139077325,0.135,13.645,20.475,9.13,NA,NA,NA,NA,NA,NA,NA,NA,23.24791622,2085.5,18.28985,-66.9803,13.78,4.17916142652478,0.459979488665779,NA,NA,NA,0,1,7.21919120914457,NA,NA,0.00218437688243174,NA,0.410942487906711,30.7986031338618,NA,0,0,0,0,0,0,2.16196661636407,-2.66067242831185
"Neolitsea_aciculata","Neolitsea","Lauraceae","Laurales",1,93.925,0.096347735,0.095,11.48,17.5425,7.72,NA,NA,NA,NA,NA,NA,NA,NA,14.191666605,3319.5,30.305,130.5849,11.575,3.82563291680372,0.500367089359943,NA,NA,NA,0,1,7.04011056701438,NA,NA,0.000815617788051337,NA,0.473555173296358,26.8437154966509,NA,0,0,0,0,0,0,1.97278120373542,-3.08851331113287
"Neonauclea_artocarpoides","Neonauclea","Rubiaceae","Gentianales",1,NA,NA,0.44,785.775,109.48,39.335,NA,NA,NA,NA,NA,NA,NA,NA,24.77499962,2225,5.016667,117.8125,785.995,31.6063730241035,0.805372026185487,NA,NA,NA,0,1,11.2685226810233,NA,NA,NA,NA,0.823157873793537,15.2708648351558,NA,0,0,0,0,0,0,NA,NA
"Neorites_kevediana","Neorites","Proteaceae","Proteales",1,NA,NA,0.22,15.44,21.24,9.37,NA,NA,NA,NA,NA,NA,NA,NA,23.6875,3054,-16.144616,145.430116,15.66,4.46530304352937,0.476553152991395,NA,NA,NA,0,1,7.35627987655075,NA,NA,NA,NA,0.430078898956118,29.2187564766839,NA,0,0,0,0,0,0,NA,NA
"Neostrearia_fleckeri","Neostrearia","Hamamelidaceae","Saxifragales",1,NA,NA,0.05,67.87,36.87,15.16,NA,NA,NA,NA,NA,NA,NA,NA,23.6875,3054,-16.144616,145.430116,67.92,9.29937792964735,0.613415430715525,NA,NA,NA,0,1,8.82350072799118,NA,NA,NA,NA,0.627395555776652,20.0294224252247,NA,0,0,0,0,0,0,NA,NA
"Nephelium_ramboutan-ake","Nephelium","Sapindaceae","Sapindales",1,NA,NA,0.03,41.735,30.88,13.36,NA,NA,NA,NA,NA,NA,NA,NA,24.77499962,2225,5.016667,117.8125,41.75,7.25943589971769,0.542243000214809,NA,NA,NA,0,1,8.31947464286431,NA,NA,NA,NA,0.543641487731771,23.1959788760865,NA,0,0,0,0,0,0,NA,NA
"Nerium_oleander","Nerium","Apocynaceae","Gentianales",1,150.1623503,0.200435662,0.06,18.6895375,19.07,8.91,NA,NA,NA,NA,NA,NA,NA,NA,16.12916756,784,36.416864,-5.581529,18.7195375,4.65931530005486,0.359314956795542,NA,NA,NA,0,1,7.33831773502598,NA,NA,0.00223158819927675,NA,0.276092911932743,45.5150062578223,NA,0,0,0,0,0,0,2.17656105712483,-2.65138594382133
"Nestegis_sandwicensis","Nestegis","Oleaceae","Lamiales",NA,224.3603996,0.271666667,NA,27.43333333,NA,NA,NA,NA,NA,NA,NA,NA,NA,NA,15.5,2500,-33.61666667,151.2166667,27.43333333,5.91009347131305,NA,NA,NA,NA,NA,NA,7.9169290048815,NA,NA,0.00269025922118553,NA,NA,NA,NA,NA,NA,NA,NA,NA,NA,2.35094620484399,-2.57020587133346
"Niemeyera_prunifera","Niemeyera","Sapotaceae","Ericales",1,NA,NA,NA,29.49,29.07,12.82,NA,NA,NA,NA,NA,NA,NA,NA,23.6875,3054,-16.144616,145.430116,29.49,6.12762875623515,0.47797416195282,NA,NA,NA,0,1,7.98922140881528,NA,NA,NA,NA,0.438525217906284,28.655981688708,NA,0,0,0,0,0,0,NA,NA
"Nissolia_fruticosa","Nissolia","Fabaceae","Fabales",1,NA,0.02486949525,NA,1.6275,5.065,1.8225,NA,NA,NA,NA,NA,NA,NA,NA,25.19583321,942,19.5,-105.05,1.6275,1.38191766336941,0.76705296306633,NA,NA,NA,0,1,4.93797662064177,NA,NA,0.00047600450243307,NA,0.732542291923072,17.1833612141309,NA,0,0,0,0,0,0,NA,-3.3223889393539
"Nothofagus_alessandri","Nothofagus","Nothofagaceae","Fagales",0,NA,NA,0.04,6.43,10.13,3.35,NA,6.43,10.13,6.335,9.485,0,22.5,NA,12.13333321,863,-35.8258,-72.5033,6.47,2.74381173228564,0.81601560933415,10.13,9.485,22.5,2.35122993077036,1.06310821426818,6.28333992399826,0.0610847007689122,0.854518638828428,NA,NA,0.725723350215562,17.329177670367,0.0950000000000002,0.00851235791010534,0.00909252712721561,0.0145801242895841,0.00383333333333334,4.16157645934031,2.21119251225362,NA,NA
"Nothofagus_alpina","Nothofagus","Nothofagaceae","Fagales",0,NA,NA,0.035,4.98,10.47,3.735,NA,4.98,10.47,4.865,9.58,0,78,NA,10.28333378,1416,-37.8412,-73.1959,5.015,2.5197040654493,0.675871038381382,10.47,9.58,78,8.07148958538669,1.09039358696366,6.20614080638873,0.0860133068536282,2.08071505153204,NA,NA,0.571311677457467,22.0629408488359,0.115000000000001,0.0108529383289767,0.0118787918610509,0.0228547027589025,0.00146697388632873,15.5619917567116,7.38060661383345,NA,NA
"Nothofagus_cunninghamii","Nothofagus","Nothofagaceae","Fagales",0,144.93422337,0.0654112143333333,0.01,0.5764,2.9,0.855,NA,0.455,2.9,0.425,2.64,0,15,NA,9.03333299333333,2009.1,-42.0931055566667,145.956327766667,0.579733333333333,0.85332733105113,0.899989932333563,2.9,2.64,15,5.67927452218332,1.09843310566493,4.03326951738473,0.093865382807869,1.73507280564421,0.00777212982557713,NA,0.68046337552503,18.4948695652174,0.03,0.0103467960610818,0.0113642885840556,0.0659420289855073,0.00200892857142857,32.9951690821256,5.1686408829266,2.16117094769201,-2.10945995356108
"Nothofagus_dombeyi","Nothofagus","Nothofagaceae","Fagales",0,91.86300704,0.0644,0.02,2.05783333333333,7.2375,2.56,NA,2.0575,7.2375,1.9375,6.295,0,30.25,1,9.35000010766667,1095.63333333333,-38.3030055566667,-72.3748222233333,2.07116666666667,1.60669390884536,0.627502733534505,7.2375,6.295,30.5,4.89876029466766,1.14886606917503,5.28900002223953,0.138704752732143,1.57597278910901,0.00201474860335196,NA,0.476621527319071,27.705834953575,0.12,0.0162709616145434,0.0187405224932811,0.0591113346373814,0.00410280970625798,17.5642928754827,4.27283469164916,1.96314065749279,-2.69577913661388
"Nothofagus_fusca","Nothofagus","Nothofagaceae","Fagales",0,54.05,NA,0.02,4.3,9.865,2.845,NA,4.3,9.865,3.94,7.98,0,13,NA,7.729166508,1681,-39.25,175.933333,4.32,2.34368072304481,0.823687573298872,9.865,7.98,13,1.63122697389628,1.23541070785565,6.06567454966712,0.211242764226713,0.48867171118496,NA,NA,0.555659303848895,22.6414191629141,0.36,0.0363246145601451,0.0449444385915533,0.0833170179903849,0.0276923076923077,3.04009223607214,1.32167738478028,1.73279569828933,NA
"Nothofagus_glauca","Nothofagus","Nothofagaceae","Fagales",0,NA,NA,0.0533333333333333,13.91,15.74,4.93666666666667,NA,13.91,15.74,13.81,14.37,0,77,8,11.6208334,900,-35.9821,-72.6873,13.9633333333333,4.04323722667127,0.828046042977741,15.74,14.37,79.6666666666667,4.64750930284374,1.0754718138567,7.0621901465367,0.070308461828127,1.22033779880465,NA,NA,0.697492527864731,18.6207443796366,0.100000000000001,0.0059074746937346,0.00647286919510094,0.00749677384225527,0.0019873271889401,4.86043113846643,4.11230162074413,NA,NA
"Nothofagus_gunnii","Nothofagus","Nothofagaceae","Fagales",0,94.09190372,0.0668242125,0.02,1.5433,5.14,1.54,NA,1.35,5.14,1.24,4.35,0,13.5,NA,8.220832825,2634,-41.8,145.6,1.5533,1.40311132483122,0.858119900127089,5.14,4.35,13.5,3.08059384941676,1.18022269353128,5.03627889724157,0.165494179630433,1.11672035891642,0.00297643144027688,NA,0.644165214628379,19.576816570669,0.11,0.0215311733613612,0.0253711558854719,0.0822441293752768,0.00843749999999999,9.91360212671688,2.60438087404226,1.97355225551014,-2.52630411662385
"Nothofagus_nitida","Nothofagus","Nothofagaceae","Fagales",0,NA,NA,0.045,3.715,9.39,3.11,NA,3.715,9.39,3.52,8.13,0,45,NA,8.958333015,1793,-40.2427,-73.3484,3.76,2.15970728849227,0.726740452468842,9.39,8.13,45,5.56089091279129,1.15376958888776,5.87681692373195,0.143023103915941,1.71553564763723,NA,NA,0.534161675268896,23.9420480552877,0.195,0.0204849498327759,0.0236418159153353,0.0530657344905175,0.00425925925925925,12.5916104146577,4.82035355948399,NA,NA
"Nothofagus_obliqua","Nothofagus","Nothofagaceae","Fagales",0,NA,NA,0.0425,9.5475,14.95,4.7275,NA,9.5475,14.95,9.2875,12.875,0,58.5,NA,9.6208333975,1604.5,-39.04195,-73.27215,9.59,3.29496128500524,0.713825753554872,14.95,12.875,58.5,5.2730660205613,1.17142954571744,6.64245630934689,0.157533297663208,1.57445634925644,NA,NA,0.495885996459935,25.5516035009245,0.26,0.016319561361121,0.0190391459755393,0.0295507005897893,0.00459444477465072,8.96844979378476,4.44809854778818,NA,NA
"Nyssa_?aquatica","Nyssa","Nyssaceae","Cornales",1,69.1666666666667,0.155267567333333,0.23,26.94,25.17,10.8733333333333,NA,NA,NA,NA,NA,NA,NA,NA,20.36249924,1305,29.6,-82.2,27.17,5.7703576861165,0.539299917166961,NA,NA,NA,0,1,7.82511168900126,NA,NA,0.000921208879997294,NA,0.52555191522941,24.0777782688032,NA,0,0,0,0,0,0,1.83989684632845,-3.03564188430395
"Nyssa_aquatica","Nyssa","Nyssaceae","Cornales",0.833333333333333,40.9611111111111,0.131377918555556,0.163888888888889,49.8244444444444,30.3288888888889,12.1588888888889,NA,66,36.11,65.02,35.38,0,0.333333333333333,0,15.9222221366667,1148,35.5801423333333,-79.1923183333333,49.9883333333333,7.81598067706399,0.654771588627976,36.11,35.38,0.333333333333333,0.00314050624960744,1.00114628478111,8.43020055316999,0.00340385775962119,-2.87299950817169,0.000369089361452285,NA,0.665381674350993,19.1348220635297,0.163333333333334,0.0015077386996523,0.00153884806230765,0.000824915824915828,0.0272222222222223,0.00168350168350168,0.00307701775439244,1.61237172879979,-3.4328684726292
"Nyssa_sylvatica","Nyssa","Nyssaceae","Cornales",1,57.7366666666667,0.120566737611111,0.122,27.1294444444444,22.6191666666667,9.27527777777778,NA,NA,NA,NA,19.885,NA,NA,NA,11.5618055681667,1153.5,39.5884045,-75.5394925,27.2311111111111,5.71564932659539,0.614094191935476,NA,19.885,NA,0,1,7.77304896435649,NA,NA,0.00065982041766203,NA,0.625332066628371,20.4493074382485,NA,0,0,0,0,0,0,1.76145170697697,-3.18057424965646
"Ochanostachys_amentacea","Ochanostachys","Olacaceae","Santalales",1,50.25,0.1202361405,0.275,59.175,33.5075,13.8875,NA,NA,NA,NA,NA,NA,NA,NA,25.033332825,2130,3.9668335,110.03125,59.3125,8.46627445437697,0.605923630373003,NA,NA,NA,0,1,8.58077898252198,NA,NA,0.000276495001269241,NA,0.622876680081499,20.2619068728608,NA,0,0,0,0,0,0,1.70113606609253,-3.55831271586311
"Ocotea_alamembra","Ocotea","Lauraceae","Laurales",1,58.7,0.250992277,0.55,178.155,66.605,29.23,NA,NA,NA,NA,NA,NA,NA,NA,25.09583282,3334,-0.6859,-76.3953,178.705,15.0801149239153,0.515852178194364,NA,NA,NA,0,1,9.78981246854478,NA,NA,0.000354838499196467,NA,0.504300103385803,24.9316670599326,NA,0,0,0,0,0,0,1.76863810124761,-3.44996926628814
"Ocotea_amazonica","Ocotea","Lauraceae","Laurales",1,NA,NA,NA,43.25,32.7833333333333,13.9366666666667,NA,NA,NA,NA,NA,NA,NA,NA,26.97500038,2237,-3,-58.97,43.25,7.41973093602318,0.532642314820764,NA,NA,NA,0,1,8.37161392440353,NA,NA,NA,NA,0.505768979098395,24.8518187910593,NA,0,0,0,0,0,0,NA,NA
"Ocotea_argyrophylla","Ocotea","Lauraceae","Laurales",1,89.3,0.139148443,0.325,51.48,34.845,14.795,NA,NA,NA,NA,NA,NA,NA,NA,25.09583282,3334,-0.6859,-76.3953,51.805,8.04629434385185,0.541360655865979,NA,NA,NA,0,1,8.51504759440762,NA,NA,0.000380078693966012,NA,0.519794311930055,24.3110123966942,NA,0,0,0,0,0,0,1.95085145888855,-3.42012647491765
"Ocotea_cernua","Ocotea","Lauraceae","Laurales",1,64.325,0.103958313,0.165,36.175,29.285,12.3475,NA,NA,NA,NA,NA,NA,NA,NA,25.745833395,2915,4.24205,-78.12265,36.2575,6.79161097411604,0.551565765855776,NA,NA,NA,0,1,8.19414108604851,NA,NA,0.000313668500948291,NA,0.531541345264493,23.8481356195556,NA,0,0,0,0,0,0,1.80837979488238,-3.50352909160253
"Ocotea_leucoxylon","Ocotea","Lauraceae","Laurales",1,86.8,0.2387922245,0.225,49.205,30.915,12.48,NA,NA,NA,NA,NA,NA,NA,NA,18.68333435,1961,18.1702,-66.5703,49.43,7.82545386309136,0.625857903011821,NA,NA,NA,0,1,8.45024106035038,NA,NA,0.00119315650282705,NA,0.630744345139667,19.9251790977186,NA,0,0,0,0,0,0,1.93851972517649,-2.92330258746428
"Ocotea_longifolia","Ocotea","Lauraceae","Laurales",1,NA,NA,NA,189.21,67.9,28.1,NA,NA,NA,NA,NA,NA,NA,NA,26.97500038,2237,-3,-58.97,189.21,15.521264583124,0.552358170217937,NA,NA,NA,0,1,9.84802769533176,NA,NA,NA,NA,0.515720507274385,24.3666296707362,NA,0,0,0,0,0,0,NA,NA
"Ocotea_luis","Ocotea","Lauraceae","Laurales",1,96,0.247158757,0.095,103.95,46.625,19.72,NA,NA,NA,NA,NA,NA,NA,NA,25.09583282,3334,-0.6859,-76.3953,104.045,11.4224570228958,0.577018018837806,NA,NA,NA,0,1,9.2193076667171,NA,NA,0.000606267697339605,NA,0.588900326573894,21.4298087114584,NA,0,0,0,0,0,0,1.98227123303957,-3.21733557087256
"Ocotea_patens","Ocotea","Lauraceae","Laurales",1,262.8,0.104958815,0.0675,29.99,23.68,9.5775,NA,NA,NA,NA,NA,NA,NA,NA,22.0270834,2040,18.281748885,-66.88773708,30.0575,5.99715147824552,0.639292692329668,NA,NA,NA,0,1,7.87435224214775,NA,NA,0.000401507454181849,NA,0.653440807466898,19.4584861503707,NA,0,0,0,0,0,0,2.41962536088774,-3.39630638742143
"Ocotea_puberula","Ocotea","Lauraceae","Laurales",1,NA,NA,NA,29.82,26.78,11.19,NA,NA,NA,NA,NA,NA,NA,NA,19.32500076,629,-24.58,-64.7,29.82,6.16181817518194,0.550653992420192,NA,NA,NA,0,1,8.00034949532468,NA,NA,NA,NA,0.522512106947532,24.0499128101945,NA,0,0,0,0,0,0,NA,NA
"Ocotea_pubescens","Ocotea","Lauraceae","Laurales",1,NA,0.151256989,NA,33.3175,28.7275,12.4525,NA,NA,NA,NA,NA,NA,NA,NA,19.32500076,629,-24.58,-64.7,33.3175,6.47926656020521,0.522475935010691,NA,NA,NA,0,1,8.09092798401482,NA,NA,0.000504379998266008,NA,0.50422602578181,24.9726166157653,NA,0,0,0,0,0,0,NA,-3.29724214417457
"Ocotea_scabrella","Ocotea","Lauraceae","Laurales",1,NA,NA,NA,85.436,42.078,17.288,NA,NA,NA,NA,NA,NA,NA,NA,26.97500038,2237,-3,-58.97,85.436,10.2912245929749,0.595892688236263,NA,NA,NA,0,1,9.00017101570976,NA,NA,NA,NA,0.59023017208637,21.4369493483236,NA,0,0,0,0,0,0,NA,NA
"Ocotea_sphathulata","Ocotea","Lauraceae","Laurales",1,423.15,0.0969636245,0.045,7.355,13.485,5.635,NA,NA,NA,NA,NA,NA,NA,NA,18.68333435,1961,18.1702,-66.5703,7.4,3.05882978629808,0.542854789369473,NA,NA,NA,0,1,6.59264185749441,NA,NA,0.00129208675136282,NA,0.504941485726462,24.8874323324853,NA,0,0,0,0,0,0,2.62649434521105,-2.88870832660923
"Ocotea_splendens","Ocotea","Lauraceae","Laurales",1,NA,NA,NA,34.175,27.165,11.285,NA,NA,NA,NA,NA,NA,NA,NA,26.97500038,2237,-3,-58.97,34.175,6.55767727822011,0.57972517370775,NA,NA,NA,0,1,8.11295215373619,NA,NA,NA,NA,0.572906495991046,22.0816887718338,NA,0,0,0,0,0,0,NA,NA
"Octomeles_sumatrana","Octomeles","Tetramelaceae","Cucurbitales",1,NA,NA,NA,870.035,129.67,41.48,NA,NA,NA,NA,NA,NA,NA,NA,24.77499962,2225,5.016667,117.8125,870.035,33.0846843978084,0.796288767616506,NA,NA,NA,0,1,11.3496449665755,NA,NA,NA,NA,0.644117846068329,19.5173392557999,NA,0,0,0,0,0,0,NA,NA
"Odontadenia_puncticulosa","Odontadenia","Apocynaceae","Gentianales",1,NA,NA,NA,104.88,50.49,21.92,NA,NA,NA,NA,NA,NA,NA,NA,26.97500038,2237,-3,-58.97,104.88,11.5558367698676,0.52718233439177,NA,NA,NA,0,1,9.25798702544354,NA,NA,NA,NA,0.517001497832232,24.3062557208238,NA,0,0,0,0,0,0,NA,NA
"Olea_europaea","Olea","Oleaceae","Lamiales",1,164.1766054,0.073899867,0.04,4.5403666665,10.52,4.76,NA,NA,NA,NA,NA,NA,NA,NA,16.12916756,784,36.416864,-5.581529,4.5603666665,2.40270257157054,0.466340988676382,NA,NA,NA,0,1,6.11098131417145,NA,NA,0.00130204205585594,NA,0.434887733784243,28.8956657963446,NA,0,0,0,0,0,0,2.21531127172651,-2.88537498786369
"Olearia_agrophylla","Olearia","Asteraceae","Asterales",0,NA,0.1884335805,0.515,35.92,28.77,11.725,NA,35.92,28.77,35.595,27.945,0,22,NA,11.29166698,792,-42.9,147.3,36.435,6.80377446724834,0.579976438696091,28.77,27.945,22,0.786886351041475,1.02915571090002,8.19641690563014,0.0286641857452441,-0.239804502935557,0.00100294362531208,NA,0.543974475295945,23.1031763267493,0.324999999999996,0.0111790339742328,0.0115406580483295,0.0088795717438019,0.014606625258799,0.615130123319156,0.764555786734258,NA,-2.99872347765153
"Olearia_argophylla","Olearia","Asteraceae","Asterales",NA,120.0425369,0.2118,NA,31.2356,NA,NA,NA,NA,NA,NA,NA,NA,NA,NA,11.29166698,792,-42.9,147.3,31.2356,6.30637781325617,NA,NA,NA,NA,NA,NA,8.04672865596956,NA,NA,0.00143615746135819,NA,NA,NA,NA,NA,NA,NA,NA,NA,NA,2.07933516494366,-2.84279794111742
"Olearia_avicenniifolia","Olearia","Asteraceae","Asterales",1,NA,0.082897954,NA,6.91,11.13,4.525,NA,NA,NA,NA,NA,NA,NA,NA,9.470833778,2835,-40.88825164,172.3501599,6.91,2.93896176228728,0.646499984647623,NA,NA,NA,0,1,6.50095138011193,NA,NA,0.00100935899919047,NA,0.683929234836723,18.5017595926507,NA,0,0,0,0,0,0,NA,-2.99595434056427
"Olearia_decurrens","Olearia","Asteraceae","Asterales",1,NA,0.102883871666667,0.01,0.863333333333333,8.09666666666667,3.27333333333333,NA,NA,NA,NA,NA,NA,NA,NA,17.35833359,415,-32.966,146.15472,0.873333333333333,1.04717416581164,0.327222561913406,NA,NA,NA,0,1,4.44162328045246,NA,NA,0.0128262065135352,NA,0.174314744553836,76.0783997469956,NA,0,0,0,0,0,0,NA,-1.8919017718282
"Olearia_elliptica","Olearia","Asteraceae","Asterales",NA,93.67579776,0.14,NA,6.9068,NA,NA,NA,NA,NA,NA,NA,NA,NA,NA,17.38333333,701.3,-28.08541667,151.72905,6.9068,2.96546975833119,NA,NA,NA,NA,NA,NA,6.53767661954423,NA,NA,0.00283778305438119,NA,NA,NA,NA,NA,NA,NA,NA,NA,NA,1.97162740031177,-2.54702080897949
"Olearia_persoonioides","Olearia","Asteraceae","Asterales",1,180.6799908,0.108477854,0.04,1.8131,6.15,2.46,NA,NA,NA,NA,NA,NA,NA,NA,8.220832825,2634,-41.8,145.6,1.8231,1.52316125714071,0.633224104187397,NA,NA,NA,0,1,5.20465539627576,NA,NA,0.00659638268288093,NA,0.626182363272821,20.0722302320342,NA,0,0,0,0,0,0,2.25691005977562,-2.18069415711446
"Olearia_pimelioides","Olearia","Asteraceae","Asterales",1,NA,0.0809975803333333,0.025,0.509166666666667,4.04416666666667,1.44416666666667,NA,NA,NA,NA,NA,NA,NA,NA,17.38749981,410.5,-32.97119,146.150275,0.5175,0.760207400861409,0.522245704610638,NA,NA,NA,0,1,3.67320621657144,NA,NA,0.00868571199425034,NA,0.344777686555494,37.5187353185477,NA,0,0,0,0,0,0,NA,-2.06119457531705
"Olearia_quinquevulnera","Olearia","Asteraceae","Asterales",0,NA,0.0265223615,0.015,0.555,3.045,1.045,NA,0.555,3.045,0.525,2.97,0,8,NA,9.470833778,2835,-40.88825164,172.3501599,0.57,0.848597968550171,0.814013307167642,3.045,2.97,8,2.71604938271605,1.02469135802469,4.02742011055051,0.0243733079262837,0.995028990272575,0.00137081604009794,NA,0.748284307732099,16.8013394648829,0.03,0.00994556341861732,0.0101851851851852,0.055685618729097,0.00375,14.8494983277592,2.65215024496462,NA,-2.86302082247585
"Olearia_solandri","Olearia","Asteraceae","Asterales",1,NA,0.03161466,NA,0.04,1.155,0.5,NA,NA,NA,NA,NA,NA,NA,NA,12.95416641,949,-40.45,175.216667,0.04,0.225675833419103,0.451351666838205,NA,NA,NA,0,1,1.38629436111989,NA,NA,0.0258171623774344,NA,0.376816840112609,33.35125,NA,0,0,0,0,0,0,NA,-1.58809149373286
"Olearia_virgata","Olearia","Asteraceae","Asterales",1,341.15,0.027238421,0.01,0.1025,1.4675,0.6075,NA,NA,NA,NA,NA,NA,NA,NA,8.600000143,2258,-40.06912582,174.14174645,0.1125,0.375456454250086,0.619220200347001,NA,NA,NA,0,1,2.38695302723262,NA,NA,0.00598268399994702,NA,0.585920404208279,21.5961057692308,NA,0,0,0,0,0,0,2.53294537561592,-2.22310393560081
"Ophiocaryon_heterophyllum","Ophiocaryon","Sabiaceae","Proteales",1,66.1,0.2869354615,0.11,135.195,60.05,26.675,NA,NA,NA,NA,NA,NA,NA,NA,25.09583282,3334,-0.6859,-76.3953,135.25,13.1140533619717,0.491478600257945,NA,NA,NA,0,1,9.50965229528179,NA,NA,0.00064748600073668,NA,0.470346995281054,26.7227642681527,NA,0,0,0,0,0,0,1.82020145948564,-3.18876961700507
"Oreocnide_peduncularis","Oreocnide","Urticaceae","Rosales",0,74.95,0.0700846905,0.055,8.715,15.185,5.665,NA,8.715,15.185,8.39,13.86,0,34,NA,17.95416641,3064,30.31,130.63,8.77,3.29823918445649,0.581769849414329,15.185,13.86,34,2.45451615738435,1.09520698444321,6.72355861053567,0.0909405573020975,0.897922362806541,0.000607311505362038,NA,0.461316148720271,27.2511082701373,0.325,0.0210388553796853,0.0230480766413735,0.0380252100840336,0.00939434129089302,4.13558106169297,2.24117655940662,1.8747716371843,-3.21658849120098
"Orites_acicularis","Orites","Proteaceae","Proteales",1,545.4545455,0.055983465,0.02,0.3775,6.235,2.91,NA,NA,NA,NA,NA,NA,NA,NA,8.220832825,2634,-41.8,145.6,0.3875,0.700315006204591,0.258565474558875,NA,NA,NA,0,1,3.6452080857316,NA,NA,0.00866493101338009,NA,0.13734425033449,91.7632777777778,NA,0,0,0,0,0,0,2.73675856526161,-2.06223489061049
"Orites_diversifolia","Orites","Proteaceae","Proteales",0.5,NA,0.13594064,0.065,4.075,13.235,5.85,NA,5.3,15.26,5.22,14.72,0,3.5,0,8.220832825,2634,-41.8,145.6,4.14,2.26940821928102,0.386735398269099,15.26,14.72,3.5,0.237771739130435,1.01834239130435,5.97886974157115,0.0180139562777903,-0.743296964245417,0.00508492302446319,NA,0.285503054628093,44.0149748427673,0.04,0.00262123197903015,0.00271739130434783,0.00754716981132076,0.00571428571428572,0.660377358490566,0.229357798165138,NA,-2.29371561703896
"Orites_milliganii","Orites","Proteaceae","Proteales",0,299.57,0.13389571725,0.05,2.7848125,8.325,2.84,NA,2.925,8.325,2.715,7.105,0,6.5,NA,8.220832825,2634,-41.8,145.6,2.8098125,1.89058543644992,0.685256076262315,8.325,7.105,6.5,0.915001347046798,1.17173460008558,5.63647138409913,0.158436021022041,-0.0919617238422761,0.00658551835964952,NA,0.530296969891916,23.6970964969717,0.21,0.0252080044558984,0.0295627248379582,0.0716916493230129,0.0322619047619048,2.21979281154269,0.780359415538503,2.47649831941858,-2.18141003514786
"Orites_revoluta","Orites","Proteaceae","Proteales",1,421.2736179,0.07527105325,0.02,0.2479,2.675,1.21,NA,NA,NA,NA,NA,NA,NA,NA,8.220832825,2634,-41.8,145.6,0.2579,0.57219306894681,0.447354978449496,NA,NA,NA,0,1,3.24410069421544,NA,NA,0.0219925997870326,NA,0.368826870708834,34.0754761904762,NA,0,0,0,0,0,0,2.62456426245178,-1.65772342882817
"Osmanthus_americanus","Osmanthus","Oleaceae","Lamiales",1,134.841666666667,0.204663949361111,0.233333333333333,25.4583333333333,26.0286111111111,11.4825,NA,NA,NA,NA,NA,NA,NA,NA,21.05416616,1284.33333333333,28.7933333333333,-81.9166666666667,25.6916666666667,5.59505958512721,0.497087082889347,NA,NA,NA,0,1,7.75896776802994,NA,NA,0.00190459899340904,NA,0.467720621833175,28.2490226526342,NA,0,0,0,0,0,0,2.12982411183813,-2.72019644953284
"Osteophloeum_platyspermum","Osteophloeum","Myristicaceae","Magnoliales",1,NA,NA,NA,40.1,33.09,14,NA,NA,NA,NA,NA,NA,NA,NA,26.97500038,2237,-3,-58.97,40.1,6.92214498598527,0.490321070705304,NA,NA,NA,0,1,8.16526183776582,NA,NA,NA,NA,0.423638386889216,30.0269329851745,NA,0,0,0,0,0,0,NA,NA
"Ostrya_virginia","Ostrya","Betulaceae","Fagales",0,31.2791666666667,0.0962906228333333,0.0858333333333333,24.43,31.4696666666667,8.36233333333333,NA,24.43,31.4696666666667,23.4573333333333,21.216,0,84.7666666666667,29.3,8.7116667746,1137.8,41.682,-75.058,24.4916666666667,5.38712988135828,0.644561509762854,31.4696666666667,21.216,114.066666666667,5.56618433871302,1.47518853322889,7.65986950792199,0.384508866379763,1.68931680798292,0.000443288044122475,NA,0.302025649200166,44.2376784868661,0.972666666666667,0.0290997940158685,0.0430413883687179,0.0409190855336194,0.0113252632251904,5.77866519018289,3.78250749766619,1.49525517415478,-3.35331398185577
"Ostrya_virginiana","Ostrya","Betulaceae","Fagales",0,51.1,0.0784058295416667,0.0366666666666667,15.9379166666667,23.3,7.22166666666667,NA,15.9379166666667,23.3,15.3116666666667,17.5904166666667,0,67.6666666666667,18.3333333333333,18.8208329675,1236.75,31.76,-81.355,15.9704166666667,4.38180342557615,0.60476596417356,23.3,17.5904166666667,86,4.96596610165411,1.31378390623137,7.26033233746957,0.270826004355415,1.57335211171464,0.000511223013311795,NA,0.352948710525081,36.2220008852984,0.62625,0.0264939865967077,0.0348528534510971,0.0432387966480412,0.00939379273996064,6.26492671847994,3.80206994131681,1.70842090013471,-3.29138960412712
"Ouratea_lucens","Ouratea","Ochnaceae","Malpighiales",0,67.9,0.146739592,NA,36.06,34.59,13.13,NA,36.06,34.59,35.51,29.86,0,85,25,26.39583397,2496,9.17,-79.85,36.06,6.77591454957558,0.516063560516038,34.59,29.86,110,3.68385800401875,1.15840589417281,8.19035440376326,0.147044830838033,1.30396057368137,0.000597130001672947,NA,0.378734146237406,33.179925124792,0.550000000000004,0.0159005492917029,0.0184192900200939,0.0152523571824738,0.00647058823529417,3.05047143649473,3.18010985834056,1.8318697742805,-3.22393110796128
"Ovidia_pillo-pillo","Ovidia","Thymelaeaceae","Malvales",1,NA,NA,0.01,3.045,8.23,3.545,NA,NA,NA,NA,NA,NA,NA,NA,10.28333378,1416,-37.8412,-73.1959,3.05,1.93525234765847,0.55587834653562,NA,NA,NA,0,1,5.64648840227627,NA,NA,NA,NA,0.560158549776331,22.6787344998622,NA,0,0,0,0,0,0,NA,NA
"Ovidia_pillopillo","Ovidia","Thymelaeaceae","Malvales",1,NA,NA,NA,5.965,12.44,5.53,NA,NA,NA,NA,NA,NA,NA,NA,8.958333015,1793,-40.2427,-73.3484,5.965,2.75104669144069,0.497105868561065,NA,NA,NA,0,1,6.38404562932667,NA,NA,NA,NA,0.48222660609287,26.1457071274249,NA,0,0,0,0,0,0,NA,NA
"Oxydendrum_arboreum","Oxydendrum","Ericaceae","Ericales",0,31.5166666666667,0.0598307258333333,0.0583333333333333,21.5533333333333,20.865,8.80166666666667,NA,21.5533333333333,20.8666666666667,21.525,20.8416666666667,0,11.6666666666667,NA,15.47916698,1139,35.98,-78.91,21.6116666666667,5.0516042073478,0.584645705397941,20.8666666666667,20.8416666666667,11.6666666666667,0.560115706473934,1.00120863573493,7.52512343454522,0.00120761528088259,-0.812340515434501,0.000196966330299489,NA,0.593501941614591,21.4534169262921,0.028333333333333,0.00120184602139386,0.00120341732512567,0.00117183913000075,0.00202204984557922,0.591457696709437,0.559369144385708,1.4985402784614,-3.70560800640119
"Oxylobium_ellipticum","Oxylobium","Fabaceae","Fabales",1,153.8054269,0.0910626735,0.025,1.393,4.92,2.02,NA,NA,NA,NA,NA,NA,NA,NA,8.095833778,1890,-42.8,146.4,1.4055,1.33598577299739,0.637581959331562,NA,NA,NA,0,1,4.94022557590376,NA,NA,0.00593930133818528,NA,0.661410214721243,19.0143309070549,NA,0,0,0,0,0,0,2.18697165946504,-2.22626463966807
"Ozothamnus_leptophylla","Ozothamnus","Asteraceae","Asterales",1,NA,NA,0,0.035,0.76,0.295,NA,NA,NA,NA,NA,NA,NA,NA,7.729166508,1681,-39.25,175.933333,0.035,0.210558419090135,0.712995073924601,NA,NA,NA,0,1,1.242453324894,NA,NA,NA,NA,0.756420321304453,16.6829166666667,NA,0,0,0,0,0,0,NA,NA
"Pachygone_ovata","Pachygone","Menispermaceae","Rununculales",NA,68.42472487,0.25,NA,50.4496,NA,NA,NA,NA,NA,NA,NA,NA,NA,NA,27.69166667,1657.6,-12.41041667,130.8200833,50.4496,8.01463821616865,NA,NA,NA,NA,NA,NA,8.52614500411406,NA,NA,0.00123886016935714,NA,NA,NA,NA,NA,NA,NA,NA,NA,NA,1.83521305982449,-2.90697770984964
"Palaquium_galactoxylum","Palaquium","Sapotaceae","Ericales",1,NA,NA,0.15,33.8,28.43,12.17,NA,NA,NA,NA,NA,NA,NA,NA,23.6875,3054,-16.144616,145.430116,33.95,6.57468497676952,0.540237056431349,NA,NA,NA,0,1,8.1300590399928,NA,NA,NA,NA,0.525500150712149,23.9131627218935,NA,0,0,0,0,0,0,NA,NA
"Palaquium_gutta","Palaquium","Sapotaceae","Ericales",1,74.95,0.1395172165,0.08,39.9975,32.6175,14.09,NA,NA,NA,NA,NA,NA,NA,NA,27.47916603,2255,3.083,101.583,40.0775,7.10510792534919,0.503749750255647,NA,NA,NA,0,1,8.27374787243891,NA,NA,0.00054197291505831,NA,0.467071289097282,27.0650891564148,NA,0,0,0,0,0,0,1.8747716371843,-3.26602241666205
"Palaquium_hornei","Palaquium","Sapotaceae","Ericales",1,162.7,0.170227968,0.26,33.8,28.05,11.734,NA,NA,NA,NA,NA,NA,NA,NA,24.46666718,2982,-16.75001585,179.0199514,34.06,6.55451344264999,0.560623249448783,NA,NA,NA,0,1,8.11431699463102,NA,NA,0.000919640947320854,NA,0.536577080765475,23.486125410537,NA,0,0,0,0,0,0,2.21138755293686,-3.03638169986515
"Palicourea_alpina","Palicourea","Rubiaceae","Gentianales",1,87.65,0.097291442,0.1,11.57,15.785,6.615,NA,NA,NA,NA,NA,NA,NA,NA,18.68333435,1961,18.1702,-66.5703,11.62,3.70314558671566,0.562182601481331,NA,NA,NA,0,1,6.89980185612349,NA,NA,0.000535689003194078,NA,0.541686930024915,23.1988021905709,NA,0,0,0,0,0,0,1.94275192042981,-3.27108726888036
"Palicourea_crocea","Palicourea","Rubiaceae","Gentianales",1,65.4,0.133473291,0.1675,25.715,27.315,11.88,NA,NA,NA,NA,NA,NA,NA,NA,21.3125,2128.5,18.162098885,-66.89743708,25.8825,5.70122900372754,0.479245048507399,NA,NA,NA,0,1,7.83056890835504,NA,NA,0.000701478998198043,NA,0.42545390948521,29.6968449258854,NA,0,0,0,0,0,0,1.81557774832427,-3.15398532692106
"Palicourea_guianensis","Palicourea","Rubiaceae","Gentianales",0.5,NA,0.284642734,NA,188.24,60.37,24.505,NA,267.28,72.9,267.26,72.83,0,1,NA,26.685417175,2366.5,3.085,-69.41,188.24,15.1194800488307,0.612851335335427,72.9,72.83,1,0.00686530275985171,1.00048057119319,9.74590911666774,0.000960680784788787,-4.28812795822982,0.000741955000173945,NA,0.615795136499459,20.4208910434572,0.0199999999999818,0.000137174211248161,0.000137306055196909,3.74139479197505e-05,0.0099999999999909,0.00187069739598923,0.00685871056241427,NA,-3.129622434032
"Palicourea_nigricans","Palicourea","Rubiaceae","Gentianales",1,58.2,0.2058766725,0.895,128.33,60.075,26.175,NA,NA,NA,NA,NA,NA,NA,NA,25.09583282,3334,-0.6859,-76.3953,129.225,12.6499343975387,0.480729947443627,NA,NA,NA,0,1,9.41029838885972,NA,NA,0.000328148500624097,NA,0.431275347175743,29.2662636080348,NA,0,0,0,0,0,0,1.76492298464989,-3.48392957578057
"Parapiptadenia_excelsa","Parapiptadenia","Fabaceae","Fabales",1,NA,0.0101208735,NA,0.135,1.68,0.645,NA,NA,NA,NA,NA,NA,NA,NA,19.32500076,629,-24.58,-64.7,0.135,0.414521859538649,0.642740295639829,NA,NA,NA,0,1,2.6020033435384,NA,NA,0.000760017499652853,NA,0.601031926368547,20.9103296703297,NA,0,0,0,0,0,0,NA,-3.11917640783082
"Parashorea_malaanonan","Parashorea","Dipterocarpaceae","Malvales",1,NA,NA,NA,111.375,51.71,22.42,NA,NA,NA,NA,NA,NA,NA,NA,24.77499962,2225,5.016667,117.8125,111.375,11.7263489771939,0.527591850781639,NA,NA,NA,0,1,9.25551352111924,NA,NA,NA,NA,0.513315026642533,24.5480881368897,NA,0,0,0,0,0,0,NA,NA
"Parashorea_tomentella","Parashorea","Dipterocarpaceae","Malvales",1,NA,NA,NA,427.72,86.06,34.135,NA,NA,NA,NA,NA,NA,NA,NA,24.77499962,2225,5.016667,117.8125,427.72,23.1622828190668,0.67604218569731,NA,NA,NA,0,1,10.6334454163255,NA,NA,NA,NA,0.711331259152225,17.7719973646301,NA,0,0,0,0,0,0,NA,NA
"Parinari_oblongifolia","Parinari","Chrysobalanaceae","Malpighiales",1,NA,NA,NA,118.03,51.96,22.615,NA,NA,NA,NA,NA,NA,NA,NA,24.77499962,2225,5.016667,117.8125,118.03,12.2325294229197,0.541144237762688,NA,NA,NA,0,1,9.36747878378093,NA,NA,NA,NA,0.547241334742824,22.9639678588877,NA,0,0,0,0,0,0,NA,NA
"Parthenocissus_quinquefolia","Parthenocissus","Vitaceae","Vitales",0,30.1083333333333,0.103609102444444,0.0675,19.6005555555556,25.0705555555556,8.83611111111111,NA,19.6005555555556,25.0705555555556,18.38,21.1544444444444,0,11.5555555555556,2.33333333333333,10.6305554733333,1165,40.9763556666667,-73.946472,19.615,4.85127628731733,0.554417648756872,25.0705555555556,21.1544444444444,13.0555555555556,0.643975892288262,1.18205734140544,7.45200441876386,0.166767833479503,-0.478562637235101,0.000592563802352823,NA,0.374914460624132,33.9394422622216,1.22055555555556,0.0464220128592834,0.0549083232247357,0.0630922121012446,0.11594329220974,0.838991788065103,0.544023145493155,1.4786867155204,-3.22726488157445
"Patagonula_americana","Patagonula","Cordiaceae","Boraginales",NA,46.54121224,0.09,NA,6.4459,NA,NA,NA,NA,NA,NA,NA,NA,NA,NA,13.81666667,520.3,-23.74698333,-64.85421667,6.4459,2.86481670991503,NA,NA,NA,NA,NA,NA,6.46861445576426,NA,NA,0.00125661273057292,NA,NA,NA,NA,NA,NA,NA,NA,NA,NA,1.66783769098952,-2.90079854481937
"Pausandra_trianae","Pausandra","Euphorbiaceae","Malpighiales",0,73.6,NA,NA,677.805,146.815,59.81,NA,677.805,146.815,672.23,138.615,0,106.5,NA,25.09583282,3334,-0.6859,-76.3953,677.805,29.3642773008084,0.490865225337242,146.815,138.615,106.5,0.775956512577043,1.05986983961998,11.1222963593421,0.0579920983364829,-0.287777119603531,NA,NA,0.394706086742572,31.8467876857683,5.57499999999993,0.0378695922479871,0.0400444436475611,0.0081800488224611,0.0568670064874878,0.159717271702569,0.729049112087088,1.8668778143375,NA
"Payena_acuminata","Payena","Sapotaceae","Ericales",1,NA,NA,NA,144.47,60.69,26.92,NA,NA,NA,NA,NA,NA,NA,NA,24.77499962,2225,5.016667,117.8125,144.47,13.548396265861,0.503161401733823,NA,NA,NA,0,1,9.57403767693271,NA,NA,NA,NA,0.491743166083705,25.5555739541052,NA,0,0,0,0,0,0,NA,NA
"Pennantia_corymbosa","Pennantia","Pennantiaceae","Apiales",0,100.6020701,0.1,0.1,7.853375,11.24,3.945,NA,7.15,11.24,6.68,10.58,0,7.5,NA,9.920833588,1596,-38.8,176.4,7.903375,3.16934543014018,0.775737447918728,11.24,10.58,7.5,0.713739702101385,1.06305230924747,6.66884082087323,0.0610803488695487,-0.344732257503211,0.00116866801063488,NA,0.713822835814804,17.6761865801789,0.47,0.0421754399322376,0.044932129981369,0.066022575802357,0.0623214285714286,1.05137785989849,0.670565543320675,2.00260691733777,-2.93230884352294
"Pentagonia_parvifolia","Pentagonia","Rubiaceae","Gentianales",1,NA,0.2717418015,0.885,134.3,61,26.15,NA,NA,NA,NA,NA,NA,NA,NA,25.08749962,3338,-0.7,-76.3953,135.185,13.1026022255432,0.500998718733841,NA,NA,NA,0,1,9.50663372952386,NA,NA,0.000568539001027444,NA,0.451969917960033,27.8199220626998,NA,0,0,0,0,0,0,NA,-3.2452397379243
"Peraxilla_tetrapetala","Peraxilla","Loranthaceae","Santalales",1,249.85,NA,0.025,2.48,7.245,2.915,NA,NA,NA,NA,NA,NA,NA,NA,7.729166508,1681,-39.25,175.933333,2.505,1.75034599446304,0.599803246988776,NA,NA,NA,0,1,5.44132020058345,NA,NA,NA,NA,0.570391094052657,22.0313080909876,NA,0,0,0,0,0,0,2.39767935377861,NA
"Perebea_angustifolia","Perebea","Moraceae","Rosales",0,37.45,0.0774160135,0.06,16.455,26.23,11.79,NA,16.455,26.23,15.975,25.94,0,15,NA,25.09583282,3334,-0.6859,-76.3953,16.515,4.57334368634967,0.389312036448211,26.23,25.94,15,0.592470469979408,1.01145977640113,7.39872185073232,0.011390990500535,-0.551379291429233,0.000372972682991799,NA,0.30077616694119,41.9017540370514,0.48,0.0182538144402551,0.0184617547574204,0.0292626319424265,0.0331221719457013,0.949626957201028,0.585394716750649,1.57345182203549,-3.42832297532366
"Perebea_xanthochyma","Perebea","Moraceae","Rosales",1,46.55,0.170080886,0.1625,90.66,47.105,20.205,NA,NA,NA,NA,NA,NA,NA,NA,25.09166622,3336,-0.69295,-76.3953,90.7825,10.6036605079444,0.525645969909571,NA,NA,NA,0,1,9.05701841439566,NA,NA,0.000478966176777746,NA,0.500460155200701,25.1666394219534,NA,0,0,0,0,0,0,1.66791968531736,-3.31969515413748
"Perrottetia_sandwicensis","Perrottetia","Dipentodontaceae","Huerteales",NA,107.950392,0.231666667,NA,34.3,NA,NA,NA,NA,NA,NA,NA,NA,NA,NA,15.5,2500,-33.61666667,151.2166667,34.3,6.60848820717841,NA,NA,NA,NA,NA,NA,8.14031554015999,NA,NA,0.00156470683961775,NA,NA,NA,NA,NA,NA,NA,NA,NA,NA,2.03322422372563,-2.8055670190521
"Persea_borbonia","Persea","Lauraceae","Laurales",1,110.091666666667,0.146436593958333,0.178833333333333,20.44875,22.4145833333333,9.77,NA,NA,NA,NA,NA,NA,NA,NA,20.8302083025,1272.25,29.2825,-81.0675,20.6191666666667,4.99684534558619,0.510256891936306,NA,NA,NA,0,1,7.52551478841264,NA,NA,0.00113226271115104,NA,0.486012143658346,26.7833590999199,NA,0,0,0,0,0,0,2.04175444651351,-2.94605279508593
"Persea_japonica","Persea","Lauraceae","Laurales",1,97.925,0.13270569225,0.3325,33.955,30.4025,13.08,NA,NA,NA,NA,NA,NA,NA,NA,18.57291603,3066,30.3296,130.6472,34.2875,6.54457968608656,0.498892020727089,NA,NA,NA,0,1,8.10061683638115,NA,NA,0.00055779124708649,NA,0.453298505482216,27.9912355039301,NA,0,0,0,0,0,0,1.9908935802199,-3.25352830500698
"Persea_lingue","Persea","Lauraceae","Laurales",1,NA,NA,0.175625,44.999375,28.764375,12.020625,NA,NA,NA,NA,NA,NA,NA,NA,10.74895835125,1243,-37.47295,-72.933725,45.175,7.3852915074528,0.621221333218555,NA,NA,NA,0,1,8.30154568689317,NA,NA,NA,NA,0.654942447947582,19.5593596219298,NA,0,0,0,0,0,0,NA,NA
"Persoonia_gunnii","Persoonia","Proteaceae","Proteales",1,239.03989935,0.149515401,0.04,1.21,5.8025,2.3975,NA,NA,NA,NA,NA,NA,NA,NA,8.1583333015,2262,-42.3,146,1.23,1.25101436587402,0.532816272594502,NA,NA,NA,0,1,4.81085893735674,NA,NA,0.0182960228377655,NA,0.458097353982018,27.8541702634949,NA,0,0,0,0,0,0,2.37847039727156,-1.7376433062987
"Persoonia_lanceolata","Persoonia","Proteaceae","Proteales",NA,232.9640449,0.15,NA,5.4429,NA,NA,NA,NA,NA,NA,NA,NA,NA,NA,17.25,1354.9,-33.59491667,151.2762778,5.4429,2.6325112569634,NA,NA,NA,NA,NA,NA,6.29948219305018,NA,NA,0.00413382571790773,NA,NA,NA,NA,NA,NA,NA,NA,NA,NA,2.3672888982515,-2.38364783717813
"Persoonia_levis","Persoonia","Proteaceae","Proteales",1,209.3338659,0.172648576666667,0.543333333333333,55.5556833333333,46.85,19.6266666666667,NA,NA,NA,NA,NA,NA,NA,NA,17.010416795,867.5,-33.27476389,148.721,55.82735,8.0779669169113,0.534721152734695,NA,NA,NA,0,1,8.44970313409225,NA,NA,0.000594055186150404,NA,0.489055050327979,25.8784662076668,NA,0,0,0,0,0,0,2.32083949390832,-3.22617320833981
"Persoonia_linearis","Persoonia","Proteaceae","Proteales",1,NA,0.0805696616666667,0.015,2.465,20.25,9.61,NA,NA,NA,NA,NA,NA,NA,NA,16.70416641,1278,-33.6938,151.14305,2.48,1.75934521280164,0.18692293505595,NA,NA,NA,0,1,5.47314378985902,NA,NA,0.0054970029875322,NA,0.0777881904314161,166.830110848888,NA,0,0,0,0,0,0,NA,-2.25987402700218
"Peumus_boldus","Peumus","Monimiaceae","Laurales",1,NA,NA,0.035,22.51,18.49,6.46,NA,NA,NA,NA,NA,NA,NA,NA,12.13333321,863,-35.8258,-72.5033,22.545,5.35680297658112,0.829163395283861,NA,NA,NA,0,1,7.71999715595515,NA,NA,NA,NA,0.827066907167086,15.1940694356172,NA,0,0,0,0,0,0,NA,NA
"Phialanthus_myrtilloides","Phialanthus","Rubiaceae","Gentianales",1,158.55,0.1252974565,0.035,4.68,10.11,4.305,NA,NA,NA,NA,NA,NA,NA,NA,22.53333282,2174,18.1702,-66.99,4.715,2.4483294124478,0.568585430642898,NA,NA,NA,0,1,6.15291373933358,NA,NA,0.00333734799147327,NA,0.574433325785372,21.8773941110841,NA,0,0,0,0,0,0,2.20016624636311,-2.47659850629187
"Phillyrea_latifolia","Phillyrea","Oleaceae","Lamiales",NA,164.78732605,0.095,NA,2.39735,NA,NA,NA,NA,NA,NA,NA,NA,NA,NA,19.275,531.4,32.098658335,34.936058335,2.39735,1.74194911168701,NA,NA,NA,NA,NA,NA,5.46766069197423,NA,NA,0.0038035555200248,NA,NA,NA,NA,NA,NA,NA,NA,NA,NA,2.2169238066438,-2.41981024002039
"Philotheca_difformis","Philotheca","Rutaceae","Sapindales",0.75,316.642264,0.0542916314444444,0,0.132377777777778,1.95333333333333,0.763333333333333,NA,0.18,1.99,0.16,1.94,0,0.666666666666667,0,17.3972218833333,409,-32.97292,146.148793333333,0.132377777777778,0.39833706758444,0.613607507107236,1.99,1.94,0.666666666666667,0.171821305841924,1.00429553264605,2.45122578423424,0.0084822218870548,0.0304592074847087,0.0251579479165098,NA,0.570503487227524,22.4264315865235,0.00666666666666666,0.0016750418760469,0.00171821305841924,0.0185185185185185,0.00166666666666667,1.85185185185185,0.16750418760469,2.50056888208968,-1.5993247863143
"Phlomis_purpurea","Phlomis","Lamiaceae","Lamiales",0,137.7318716,0.181548236,0.7,8.64979,15.59,6.53,NA,9.16,15.59,8.74,15.23,0,49,NA,16.12916756,784,36.416864,-5.581529,8.99979,3.38122124205705,0.5426006822719,15.59,15.23,49,3.21733420879842,1.0236375574524,6.7977825611112,0.0233625161626147,1.16855313120356,0.0036638200117984,NA,0.473601541536552,26.533635371179,0.42,0.026940346375882,0.0275771503611293,0.0458515283842795,0.00857142857142857,5.34934497816594,3.14304041051956,2.1390344490324,-2.43606586955734
"Photinia_villosa var. laevis","Photinia","Rosaceae","Rosales",0,42.95,0.086073587,0.115,25.16,35.66,10.745,NA,25.16,35.66,24.6,25.275,0,170,25.5,6.700000286,1960,36.7198,139.4699,25.275,5.67094943695285,0.529091493379476,35.66,25.275,195.5,7.71579345201832,1.41080762953436,7.83365123685379,0.344160985796531,2.04015548358273,0.000295323500410288,NA,0.250342075400666,50.9269028226675,0.56,0.0157489526415099,0.0222155941394586,0.0222581340228399,0.00337345157657658,7.8393665158371,5.46837015147965,1.63296316816726,-3.52970199261357
"Phyllanthus_mocinianus","Phyllanthus","Phyllanthaceae","Malpighiales",NA,26.18520708,0.0322,NA,7.2751,NA,NA,NA,NA,NA,NA,NA,NA,NA,NA,25.48333333,1365.9,19.49991667,-105.043,7.2751,3.04350866795263,NA,NA,NA,NA,NA,NA,6.58962774465564,NA,NA,0.000142519003175214,NA,NA,NA,NA,NA,NA,NA,NA,NA,NA,1.41805601277429,-3.84612722390885
"Phyllodoce_coenulea","Phyllodoce","Ericaceae","Ericales",1,NA,0.036303803,0,0.05,1.4,0.585,NA,NA,NA,NA,NA,NA,NA,NA,1.116666555,717,62.29077997,-150.2042104,0.05,0.251035576498085,0.428781453933329,NA,NA,NA,0,1,1.58902691517397,NA,NA,0.0219661018710468,NA,0.317687165605946,40.4,NA,0,0,0,0,0,0,NA,-1.65824700662525
"Phyllostylon_rhamnoides","Phyllostylon","Ulmaceae","Rosales",NA,35.74880506,0.0677,NA,7.5527,NA,NA,NA,NA,NA,NA,NA,NA,NA,NA,13.81666667,520.3,-23.74698333,-64.85421667,7.5527,3.10103149121728,NA,NA,NA,NA,NA,NA,6.62707530121374,NA,NA,0.000606841262065222,NA,NA,NA,NA,NA,NA,NA,NA,NA,NA,1.55326152964699,-3.21692489710417
"Phyllota_phylicoides","Phyllota","Fabaceae","Fabales",1,137.2515674,0.0515084805,0.02,0.2610666665,5.74,2.46333333333333,NA,NA,NA,NA,NA,NA,NA,NA,17.010416795,867.5,-33.27476389,148.721,0.2710666665,0.562449373954672,0.296503354052247,NA,NA,NA,0,1,3.11814842889441,NA,NA,0.0100919077331116,NA,0.153007935032177,83.2843262108262,NA,0,0,0,0,0,0,2.13751731275261,-1.99602672874341
"Picramnia_latifolia","Picramnia","Picramniaceae","Picramniales",1,45.2,0.138346541,NA,47.89,36.25,15.6,NA,NA,NA,NA,NA,NA,NA,NA,26.39583397,2496,9.17,-79.85,47.89,7.80867733981671,0.50055623973184,NA,NA,NA,0,1,8.47407690034261,NA,NA,0.000399661002436097,NA,0.457971739336341,27.4391835456254,NA,0,0,0,0,0,0,1.65513843481138,-3.39830822665379
"Picramnia_mini","Picramnia","Picramniaceae","Picramniales",1,47.05,NA,0.015,28.515,24.17,9.945,NA,NA,NA,NA,NA,NA,NA,NA,25.09583282,3334,-0.6859,-76.3953,28.53,6.01541075297394,0.606688731785158,NA,NA,NA,0,1,7.94836856526405,NA,NA,NA,NA,0.614687958788106,20.5102314787868,NA,0,0,0,0,0,0,1.67255962776328,NA
"Picramnia_pubirecta","Picramnia","Picramniaceae","Picramniales",1,53.8,0.21569711,0.07,82.275,40.21,16.4,NA,NA,NA,NA,NA,NA,NA,NA,25.09583282,3334,-0.6859,-76.3953,82.345,10.2337969448953,0.625561415402026,NA,NA,NA,0,1,9.01390498165262,NA,NA,0.000604931000680693,NA,0.640572768491014,19.6543544871795,NA,0,0,0,0,0,0,1.73078227566639,-3.21829415878976
"Pictetia_aculeata","Pictetia","Fabaceae","Fabales",1,105.25,0.0798958835,0.01,1.1525,5.2725,1.3175,NA,NA,NA,NA,NA,NA,NA,NA,25.577082635,997,17.952397485,-66.900190145,1.1575,1.21281116493876,0.920193254955152,NA,NA,NA,0,1,4.7475710224427,NA,NA,0.00513460003919316,NA,0.578176355711546,25.4786067994342,NA,0,0,0,0,0,0,2.02222210450771,-2.28949338021401
"Pieris_japonica","Pieris","Ericaceae","Ericales",0,126.983333333333,0.10850144,0.04,5.76666666666667,13.5333333333333,5.98833333333333,NA,5.76666666666667,13.5333333333333,5.67833333333333,13.3616666666667,0,22,NA,13.48472214,3350.66666666667,30.3033,130.5699,5.78833333333333,2.6842697030835,0.448229163206568,13.5333333333333,13.3616666666667,22,1.6641687411156,1.01271140645134,6.31341807365829,0.0126151399200969,0.46571027264492,0.0020893090043326,NA,0.386976359921481,32.5621733282068,0.0883333333333334,0.00644336532795611,0.00654495542099944,0.0154751367219879,0.0038660290326957,4.10508949556505,1.64208396182728,2.10374672318937,-2.6799973240445
"Pimelea_arenaria","Pimelea","Thymelaeaceae","Malvales",1,141.7,0.0414597925,0,0.355,2.435,0.96,NA,NA,NA,NA,NA,NA,NA,NA,12.95416641,949,-40.45,175.216667,0.355,0.672292809034881,0.701728787306938,NA,NA,NA,0,1,3.56943349997276,NA,NA,0.00487745101613151,NA,0.75315653183114,16.7155714285714,NA,0,0,0,0,0,0,2.15136985024746,-2.3118070834979
"Pimelea_drupacea","Pimelea","Thymelaeaceae","Malvales",1,NA,0.092151134,0.035,2.695,8.04,3.425,NA,NA,NA,NA,NA,NA,NA,NA,11.29166698,792,-42.9,147.3,2.73,1.86258286842321,0.543786010218571,NA,NA,NA,0,1,5.6055925176337,NA,NA,0.00311866951873269,NA,0.522895761793647,24.1119986681095,NA,0,0,0,0,0,0,NA,-2.50603064441411
"Pimelea_linifolia","Pimelea","Thymelaeaceae","Malvales",1,106.7072822,0.0680561416666667,0.01,0.5617166665,5.43666666666667,2.42,NA,NA,NA,NA,NA,NA,NA,NA,17.010416795,867.5,-33.27476389,148.721,0.5667166665,0.831978375253329,0.411866120918998,NA,NA,NA,0,1,3.95408737541521,NA,NA,0.00835111457398237,NA,0.327617199004482,39.2435983796296,NA,0,0,0,0,0,0,2.02819405870617,-2.07825555792635
"Pimelea_microcephala","Pimelea","Thymelaeaceae","Malvales",1,119.4836652,0.076929547,0.02,1.07573333316667,11.1733333333333,5.07666666666667,NA,NA,NA,NA,NA,NA,NA,NA,17.41666603,406,-32.97638,146.14583,1.08239999983333,1.10103211242006,0.292840914943792,NA,NA,NA,0,1,4.41586493943774,NA,NA,0.00574532748829052,NA,0.174947036750742,73.7071376072543,NA,0,0,0,0,0,0,2.07730853625985,-2.24068521113516
"Pimelea_sp.","Pimelea","Thymelaeaceae","Malvales",NA,239.5878059,0.074333333,NA,0.4658,NA,NA,NA,NA,NA,NA,NA,NA,NA,NA,16.52499962,1147,-34.1,115.1,0.4658,0.770113614954079,NA,NA,NA,NA,NA,NA,3.8411712644562,NA,NA,0.0118622679151758,NA,NA,NA,NA,NA,NA,NA,NA,NA,NA,2.37946471035706,-1.92583227143668
"Pimenta_racemosa","Pimenta","Myrtaceae","Myrtales",1,312.85,0.1468305245,0.14,11.575,14.7,4.91,NA,NA,NA,NA,NA,NA,NA,NA,22.53333282,2174,18.1702,-66.99,11.715,3.84466908365901,0.784716362547701,NA,NA,NA,0,1,7.0478384791872,NA,NA,0.00192048750060536,NA,0.671343314463667,18.7643762047315,NA,0,0,0,0,0,0,2.49533615931354,-2.71658851507302
"Piper_aduncum","Piper","Piperaceae","Piperales",1,61.025,0.16336340675,0.05,52.75,34.4275,14.39,NA,NA,NA,NA,NA,NA,NA,NA,19.387500765,2022,18.162098885,-66.68758708,52.7875,7.97637201476664,0.546960908720828,NA,NA,NA,0,1,8.44502391120446,NA,NA,0.000538967500637659,NA,0.520008932038355,24.4747352563296,NA,0,0,0,0,0,0,1.78550778808923,-3.26843742167646
"Piper_amalago","Piper","Piperaceae","Piperales",1,NA,NA,NA,24.65,23.1333333333333,9.14,NA,NA,NA,NA,NA,NA,NA,NA,19.32500076,629,-24.58,-64.7,24.65,5.59885501898364,0.612887344337127,NA,NA,NA,0,1,7.80751658823553,NA,NA,NA,NA,0.580372619627767,21.7141397799767,NA,0,0,0,0,0,0,NA,NA
"Piper_arboreum","Piper","Piperaceae","Piperales",1,52.4,0.136341352,NA,68.78,41.28,17.46,NA,NA,NA,NA,NA,NA,NA,NA,26.39583397,2496,9.17,-79.85,68.78,9.35806688835277,0.535971757637616,NA,NA,NA,0,1,8.83608319099221,NA,NA,0.000270267000075427,NA,0.507215665360372,24.7752020936319,NA,0,0,0,0,0,0,1.71933128698373,-3.56820697894081
"Piper_augustum","Piper","Piperaceae","Piperales",1,52.2,0.4201051885,0.59,229.71,60.71,21.965,NA,NA,NA,NA,NA,NA,NA,NA,25.09583282,3334,-0.6859,-76.3953,230.005,16.9955785719511,0.776279047820552,NA,NA,NA,0,1,10.0155611362976,NA,NA,0.000804029499079561,NA,0.77608137303935,16.2103883497843,NA,0,0,0,0,0,0,1.71767050300226,-3.0947280171067
"Piper_blattarum","Piper","Piperaceae","Piperales",1,51.3,0.150715751,0.235,30.135,23.12,8.75,NA,NA,NA,NA,NA,NA,NA,NA,18.68333435,1961,18.1702,-66.5703,30.37,6.18523341406951,0.706994459024663,NA,NA,NA,0,1,7.99712941402644,NA,NA,0.000770025996735821,NA,0.701283238901293,17.9191718040939,NA,0,0,0,0,0,0,1.71011736511182,-3.11349461242709
"Piper_hieronymi","Piper","Piperaceae","Piperales",1,NA,NA,NA,51.34,34.49,14.85,NA,NA,NA,NA,NA,NA,NA,NA,19.32500076,629,-24.58,-64.7,51.34,8.08505523955794,0.544448164279996,NA,NA,NA,0,1,8.54364036143109,NA,NA,NA,NA,0.542349619276235,23.1702395792754,NA,0,0,0,0,0,0,NA,NA
"Piper_kazura","Piper","Piperaceae","Piperales",1,50.275,0.10354509625,0.1925,36.2225,25.2625,9.405,NA,NA,NA,NA,NA,NA,NA,NA,18.57291603,3066,30.3296,130.6472,36.415,6.59777945554362,0.697781093441922,NA,NA,NA,0,1,8.0763476278113,NA,NA,0.000317989501504496,NA,0.664373242997564,18.9882492223744,NA,0,0,0,0,0,0,1.70135207926878,-3.49758721810969
"Piper_obchic","Piper","Piperaceae","Piperales",1,37.3,0.223654769,1.61,116.14,46.015,18.27,NA,NA,NA,NA,NA,NA,NA,NA,25.09583282,3334,-0.6859,-76.3953,117.75,12.1796983128205,0.665362742952952,NA,NA,NA,0,1,9.35244618443069,NA,NA,0.000430384977083076,NA,0.680427005167571,18.4741600089649,NA,0,0,0,0,0,0,1.57170883180869,-3.36614289645828
"Piper_obtomen","Piper","Piperaceae","Piperales",1,45.95,0.62718028,2.05,968.475,130.28,42.08,NA,NA,NA,NA,NA,NA,NA,NA,25.08749962,3338,-0.7,-76.3953,969.5,35.105713714309,0.83392960683583,NA,NA,NA,0,1,11.4787137457907,NA,NA,0.000441168999821537,NA,0.716502775592766,17.5429915207308,NA,0,0,0,0,0,0,1.66228551572213,-3.35539501227775
"Piper_reticulatum","Piper","Piperaceae","Piperales",1,41.6,0.17760283,NA,53.27,32.79,11.55,NA,NA,NA,NA,NA,NA,NA,NA,26.39583397,2496,9.17,-79.85,53.27,8.23562204985404,0.713040870117233,NA,NA,NA,0,1,8.580543506917,NA,NA,0.000592130002327931,NA,0.622600876098254,20.1836699831049,NA,0,0,0,0,0,0,1.61909333062674,-3.22758293331868
"Piper_tucumanensis","Piper","Piperaceae","Piperales",NA,37.83143142,0.19,NA,67.6686,NA,NA,NA,NA,NA,NA,NA,NA,NA,NA,11.75,397.9,-26.7633,-65.33286667,67.6686,9.28215155321577,NA,NA,NA,NA,NA,NA,8.81979244738218,NA,NA,0.000533482294594539,NA,NA,NA,NA,NA,NA,NA,NA,NA,NA,1.57785277391358,-3.2728799895244
"Piptadenia_obliqua","Piptadenia","Fabaceae","Fabales",1,NA,0.0415073035,NA,0.718,3.394,1.27,NA,NA,NA,NA,NA,NA,NA,NA,25.19583321,942,19.5,-105.05,0.718,0.940917059929791,0.746692809793206,NA,NA,NA,0,1,4.20820938925385,NA,NA,0.00379982094466056,NA,0.762792644531992,16.4971150664262,NA,0,0,0,0,0,0,NA,-2.42023686774583
"Piscidia_carthagenesis","Piscidia","Fabaceae","Fabales",1,106.65,0.167296882,0.15,37.635,25.7,10.005,NA,NA,NA,NA,NA,NA,NA,NA,26.21666718,1058,17.96222,-67.200125,37.785,6.93233569946539,0.693367077600484,NA,NA,NA,0,1,8.2349150553894,NA,NA,0.000744244159645752,NA,0.715459994092458,17.5650506709058,NA,0,0,0,0,0,0,2.02796085978545,-3.12828456473441
"Pisonia_albida","Pisonia","Nyctaginaceae","Caryophyllales",1,101.05,0.1537709385,0.205,16.565,17.13,6.5,NA,NA,NA,NA,NA,NA,NA,NA,26.21666718,1058,17.96222,-67.200125,16.77,4.61020262649525,0.709585583903753,NA,NA,NA,0,1,7.41551552538296,NA,NA,0.00141416549930311,NA,0.705392705906326,17.9186607786242,NA,0,0,0,0,0,0,2.00453631785132,-2.84949976223066
"Pistacia_lentiscus","Pistacia","Anacardiaceae","Sapindales",NA,192.9100529,0.1,NA,1.701,NA,NA,NA,NA,NA,NA,NA,NA,NA,NA,19.425,407,31.6423,34.93455,1.701,1.47165908606393,NA,NA,NA,NA,NA,NA,5.13638649940182,NA,NA,0.00587889476778366,NA,NA,NA,NA,NA,NA,NA,NA,NA,NA,2.28535486012308,-2.23070431361257
"Pitavia_punctata","Pitavia","Rutaceae","Sapindales",0,NA,NA,0.17,12.6,17.86,7.75,NA,12.6,17.86,12.3,17.57,0,36,NA,12.13333321,863,-35.8258,-72.5033,12.77,4.03227838650409,0.520293985355366,17.86,17.57,36,2.04894706886739,1.01650540694365,7.15226885603254,0.0163706732493471,0.717326036257104,NA,NA,0.496383686420466,25.3158412698413,0.299999999999999,0.0167973124300111,0.0170745589072282,0.0238095238095237,0.0083333333333333,2.85714285714286,2.01567749160134,NA,NA
"Pithecellobium_dulce","Pithecellobium","Fabaceae","Fabales",1,NA,0.049519848,NA,7.9,11.74,4.26,NA,NA,NA,NA,NA,NA,NA,NA,25.19583321,942,19.5,-105.05,7.9,3.17152840179743,0.744490235163717,NA,NA,NA,0,1,6.67203294546107,NA,NA,0.000310407005815583,NA,0.720279014170148,17.4465316455696,NA,0,0,0,0,0,0,NA,-3.50806848537547
"Pithecellobium_unguis-cati","Pithecellobium","Fabaceae","Fabales",1,103.875,0.08081240475,0.01,4.11,8.1925,3.0825,NA,NA,NA,NA,NA,NA,NA,NA,25.577082635,997,17.952397485,-66.900190145,4.12,2.26731231059663,0.733828925057548,NA,NA,NA,0,1,5.98105176310432,NA,NA,0.00165588887882232,NA,0.752914703047434,16.6953208045549,NA,0,0,0,0,0,0,2.01651103679217,-2.78096881062693
"Pithecellobium_unquis-cati","Pithecellobium","Fabaceae","Fabales",1,73.15,0.0613962145,0.01,3.86,7.995,2.78,NA,NA,NA,NA,NA,NA,NA,NA,26.21666718,1058,17.96222,-67.200125,3.87,2.21138731215125,0.79419013023047,NA,NA,NA,0,1,5.94320909691756,NA,NA,0.00100699624034395,NA,0.753369840088313,16.6804802189513,NA,0,0,0,0,0,0,1.86421433046133,-2.99697215089715
"Pittosporum_bicolor","Pittosporum","Pittosporaceae","Apiales",1,135.013912,0.098932533,0.03,2.8142,8.625,3.865,NA,NA,NA,NA,NA,NA,NA,NA,11.29166698,792,-42.9,147.3,2.8292,1.89776479935593,0.484584426881408,NA,NA,NA,0,1,5.64475343102888,NA,NA,0.00351287632111372,NA,0.460302503804248,27.3005226574708,NA,0,0,0,0,0,0,2.13037852103974,-2.45433714027441
"Pittosporum_eugenioides","Pittosporum","Pittosporaceae","Apiales",1,105.1550784,0.153333333,0.24,18.412333335,20.005,8.505,NA,NA,NA,NA,NA,NA,NA,NA,9.920833588,1596,-38.8,176.4,18.532333335,4.85639879655304,0.570535386042559,NA,NA,NA,0,1,7.52371193120626,NA,NA,0.00126746811288598,NA,0.573205577405209,21.9645550496266,NA,0,0,0,0,0,0,2.02183025151439,-2.89706295788959
"Pittosporum_glabrum","Pittosporum","Pittosporaceae","Apiales",1,NA,0.1675017155,NA,9.515,17.28,7.54,NA,NA,NA,NA,NA,NA,NA,NA,20.72083282,4667,21.3279,-157.755,9.515,3.47985410227238,0.461518409441385,NA,NA,NA,0,1,6.85713300227242,NA,NA,0.00294869949603826,NA,0.400245732515247,31.4204635492281,NA,0,0,0,0,0,0,NA,-2.53036948443775
"Pittosporum_tenuifolium","Pittosporum","Pittosporaceae","Apiales",1,134.2418253,0.10625,0.09,8.799625,10.295,4.3,NA,NA,NA,NA,NA,NA,NA,NA,9.920833588,1596,-38.8,176.4,8.844625,3.28066761596493,0.620247704173088,NA,NA,NA,0,1,6.69002818898306,NA,NA,0.000918986710625394,NA,0.641674248705817,19.9793480475572,NA,0,0,0,0,0,0,2.12788784867182,-3.0366907688574
"Pittosporum_tobira","Pittosporum","Pittosporaceae","Apiales",1,111.2,0.1368751165,0.19,19.44,22.37,9.67,NA,NA,NA,NA,NA,NA,NA,NA,19.19166565,3068,30.3492,130.6644,19.63,4.99901087715945,0.518025712640027,NA,NA,NA,0,1,7.58194247979196,NA,NA,0.00098511550270975,NA,0.490021344654036,25.753157958276,NA,0,0,0,0,0,0,2.04610478724604,-3.00651284640729
"Plagianthus_divaricatus","Plagianthus","Malvaceae","Malvales",1,77.5,0.019668599,0.005,0.195,2.715,1.18,NA,NA,NA,NA,NA,NA,NA,NA,12.95416641,949,-40.45,175.216667,0.2,0.498781781869817,0.43887088951743,NA,NA,NA,0,1,2.94857693381837,NA,NA,0.00203694895740227,NA,0.354867564845414,37.8104142857143,NA,0,0,0,0,0,0,1.88930170250631,-2.69101985357042
"Platanus_hispanica","Platanus","Platanaceae","Proteales",0,NA,0.191884713,1.88,252.03,117.63,26.15,NA,252.03,117.63,239.67,107.65,0,27,NA,16.12916756,784,36.416864,-5.581529,253.91,17.9802183747502,0.68758005257171,117.63,107.65,27,0.250812819321876,1.09270784951231,10.142150059508,0.0886588811619779,-1.38304835780604,0.000145011000287867,NA,0.228889520532496,54.9014676824188,12.36,0.105075235909207,0.114816535067348,0.0490417807403881,0.457777777777778,0.1071301035591,0.229533282325937,NA,-3.83859905167458
"Platanus_hybrida","Platanus","Platanaceae","Proteales",NA,67.97734942,0.233,NA,264.8078667,NA,NA,NA,NA,NA,NA,NA,NA,NA,NA,16.12916756,784,36.416864,-5.581529,264.8078667,18.3620218832077,NA,NA,NA,NA,NA,NA,10.1841747176912,NA,NA,0.00020501279163849,NA,NA,NA,NA,NA,NA,NA,NA,NA,NA,1.8323642265208,-3.68821904057987
"Platanus_occidentalis","Platanus","Platanaceae","Proteales",0,68.575,0.216618432,0.8875,221.11,102.513333333333,22.2933333333333,NA,221.11,102.513333333333,206.126666666667,72.9666666666667,0,21.8333333333333,3.33333333333333,11.330555601,1100,40.216809,-75.6856516666667,221.701666666667,16.433408897282,0.735768682669981,102.513333333333,72.9666666666667,24.1666666666667,0.321014764783167,1.39914715722777,9.9219919338897,0.333924305765834,-1.21334387217152,0.000196289154360759,NA,0.257782889889627,49.416758521543,14.9833333333333,0.139747058748214,0.197470148171846,0.0680303884892403,0.713025671887227,0.111192280152001,0.225800648084507,1.83616581627657,-3.70710369597513
"Platymiscium_pinnatum","Platymiscium","Fabaceae","Fabales",1,33.1,NA,NA,31.42,22.43,7.4,NA,NA,NA,NA,NA,NA,NA,NA,26.39583397,2496,9.17,-79.85,31.42,6.32496533552389,0.854725045341066,NA,NA,NA,0,1,8.05261481881557,NA,NA,NA,NA,0.784797295162828,16.0122501591343,NA,0,0,0,0,0,0,1.51982799377572,NA
"Platypodium_elegans","Platypodium","Fabaceae","Fabales",1,27.2,NA,NA,3.45,8.2,3.36,NA,NA,NA,NA,NA,NA,NA,NA,26.39583397,2496,9.17,-79.85,3.45,2.09587128167173,0.623771214783254,NA,NA,NA,0,1,5.84354441703136,NA,NA,NA,NA,0.64476470284859,19.4898550724638,NA,0,0,0,0,0,0,1.4345689040342,NA
"Pleiocarpa_bicarpellata","Pleiocarpa","Apocynaceae","Gentianales",NA,56.11316004,0.19,NA,51.9783,NA,NA,NA,NA,NA,NA,NA,NA,NA,NA,21.58333333,1671.9,2.1261,16.17776667,51.9783,8.1351599264002,NA,NA,NA,NA,NA,NA,8.55599650978012,NA,NA,0.000694520598018789,NA,NA,NA,NA,NA,NA,NA,NA,NA,NA,1.74906472689791,-3.15831486947533
"Pleiocarpidia_sandakanica","Pleiocarpidia","Rubiaceae","Gentianales",1,NA,NA,NA,122.185,52.04,22.32,NA,NA,NA,NA,NA,NA,NA,NA,24.77499962,2225,5.016667,117.8125,122.185,12.4714886013407,0.559186230336052,NA,NA,NA,0,1,9.41028541020547,NA,NA,NA,NA,0.567152135618537,22.164989010269,NA,0,0,0,0,0,0,NA,NA
"Plinia_pseudomouriri","Plinia","Myrtaceae","Myrtales",1,70.3,0.1266128885,0.06,47.22,34.345,14.875,NA,NA,NA,NA,NA,NA,NA,NA,25.09583282,3334,-0.6859,-76.3953,47.25,7.73658807154041,0.519734776886407,NA,NA,NA,0,1,8.45040557462348,NA,NA,0.000353057999962278,NA,0.499986543971402,25.1398030197706,NA,0,0,0,0,0,0,1.84695532501982,-3.45215394335314
"Plumeria_alba","Plumeria","Apocynaceae","Gentianales",1,206.35,0.203151448,0.4675,29.4875,40.8825,18.045,NA,NA,NA,NA,NA,NA,NA,NA,25.577082635,997,17.952397485,-66.900190145,29.955,6.08527990986989,0.352072267304394,NA,NA,NA,0,1,7.94497481201929,NA,NA,0.00156672485559742,NA,0.237891804102243,60.1532300618831,NA,0,0,0,0,0,0,2.31460447321343,-2.80500726657401
"Plumeria_krugii","Plumeria","Apocynaceae","Gentianales",1,198.6,0.141941967,0.28,12.85,17.31,6.46,NA,NA,NA,NA,NA,NA,NA,NA,22.53333282,2174,18.1702,-66.99,13.13,4.07969510708264,0.632538347375088,NA,NA,NA,0,1,7.17121095495367,NA,NA,0.00154459800761423,NA,0.53883392399676,23.3595711803153,NA,0,0,0,0,0,0,2.29797924415936,-2.81118452969621
"Plumeria_obtusa","Plumeria","Apocynaceae","Gentianales",1,109.85,0.252863682,0.705,42.9,28.555,10.61,NA,NA,NA,NA,NA,NA,NA,NA,23.96249962,1997,18.4095,-66.9706,43.605,7.43776626452317,0.701546340204855,NA,NA,NA,0,1,8.37313872297685,NA,NA,0.00150362549802658,NA,0.661119403776448,19.0374264983975,NA,0,0,0,0,0,0,2.04080006125653,-2.82286031826127
"Poikilospermum_cordifolium","Poikilospermum","Urticaceae","Rosales",1,NA,NA,NA,395.025,78.25,29.1,NA,NA,NA,NA,NA,NA,NA,NA,24.77499962,2225,5.016667,117.8125,395.025,22.1469626110148,0.760766756056851,NA,NA,NA,0,1,10.5332466825602,NA,NA,NA,NA,0.792219884998308,15.8645534611865,NA,0,0,0,0,0,0,NA,NA
"Polyalthia_australis","Polyalthia","Annonaceae","Magnoliales",NA,54.342837,0.25,NA,88.2361,NA,NA,NA,NA,NA,NA,NA,NA,NA,NA,27.69166667,1657.6,-12.41041667,130.8200833,88.2361,10.5993250630975,NA,NA,NA,NA,NA,NA,9.0851863623138,NA,NA,0.000708326863947976,NA,NA,NA,NA,NA,NA,NA,NA,NA,NA,1.73514230727443,-3.14976628687149
"Polyalthia_sumatrana","Polyalthia","Annonaceae","Magnoliales",1,NA,NA,NA,45.095,35.685,15.69,NA,NA,NA,NA,NA,NA,NA,NA,24.77499962,2225,5.016667,117.8125,45.095,7.57654044744868,0.48286841075263,NA,NA,NA,0,1,8.41349657080475,NA,NA,NA,NA,0.444975870569833,28.2421296790944,NA,0,0,0,0,0,0,NA,NA
"Polygala_penaea","Polygala","Polygalaceae","Fabales",1,235,0.07615802,0.02,0.875,4.36,1.75,NA,NA,NA,NA,NA,NA,NA,NA,22.53333282,2174,18.1702,-66.99,0.895,1.06233297963767,0.608141741284061,NA,NA,NA,0,1,4.47474747673898,NA,NA,0.00684558651022792,NA,0.574897190210384,21.8812619047619,NA,0,0,0,0,0,0,2.37106786227174,-2.1645893368297
"Polyscias_australiana","Polyscias","Araliaceae","Apiales",1,NA,NA,0.14,99.98,44.71,17.46,NA,NA,NA,NA,NA,NA,NA,NA,23.6875,3054,-16.144616,145.430116,100.12,11.2905599160929,0.646652916156525,NA,NA,NA,0,1,9.21153965255166,NA,NA,NA,NA,0.628512119743039,19.9938397679536,NA,0,0,0,0,0,0,NA,NA
"Polyscias_mollis","Polyscias","Araliaceae","Apiales",0,NA,NA,0.03,104.29,51.03,20.71,NA,104.29,51.03,103.8,48.6,0,85,NA,23.6875,3054,-16.144616,145.430116,104.32,11.5249446552585,0.556491774758983,51.03,48.6,85,1.74897119341564,1.05,9.25263328416643,0.048790164169432,0.559027725583868,NA,NA,0.503270407912318,24.9694208457187,0.490000000000009,0.00960219478738015,0.0100823045267492,0.00469843705053226,0.00576470588235305,0.815034998561703,1.66568685087204,NA,NA
"Polyscias_multijuga","Polyscias","Araliaceae","Apiales",1,94.1,0.111898129,0.08,65.71,37.44,15.385,NA,NA,NA,NA,NA,NA,NA,NA,25.32083321,2450,-16.633333,179.083333,65.79,9.09807558277896,0.591002535221057,NA,NA,NA,0,1,8.76768157673813,NA,NA,0.00024284699910203,NA,0.581154694794641,21.628069638273,NA,0,0,0,0,0,0,1.97358962342726,-3.61466725880195
"Pomaderris_apetala","Pomaderris","Rhamnaceae","Rosales",1,109.2225955,0.12977113175,0.175,12.6061,17.615,7.545,NA,NA,NA,NA,NA,NA,NA,NA,11.29166698,792,-42.9,147.3,12.6936,4.01934639804545,0.525989797403248,NA,NA,NA,0,1,7.14541351673663,NA,NA,0.00134473527796517,NA,0.49396817799194,25.4522071925411,NA,0,0,0,0,0,0,2.03831249263474,-2.87136320163506
"Pomaderris_ferruginea","Pomaderris","Rhamnaceae","Rosales",1,137.3348734,0.163388198,0.366666666666667,20.545983335,28.7566666666667,10.65,NA,NA,NA,NA,NA,NA,NA,NA,17.102083205,1213,-33.655233335,151.17985835,20.7293166683333,4.95352469635158,0.584876013587178,NA,NA,NA,0,1,7.49000924038511,NA,NA,0.00135606449263653,NA,0.46646902756567,28.6567805492676,NA,0,0,0,0,0,0,2.13778083149822,-2.86771965550573
"Pometia_pinnata","Pometia","Sapindaceae","Sapindales",0,52.65,0.108390137,0.025,11.57,20.6,6.825,NA,11.57,20.6,10.295,16.12,0,18,NA,24.46666718,2982,-16.75001585,179.0199514,11.595,3.84206028282722,0.573068676751349,20.6,16.12,18,1.09133558744021,1.27832396322149,7.05550226892846,0.245544001974093,0.0558261289817796,0.000991427999905381,NA,0.34975269338991,36.8507199571906,1.275,0.0626891777722236,0.0801755066402199,0.110371712316072,0.0810416666666667,1.54526376208498,0.854453927817602,1.72139837552151,-3.00373881991474
"Popowia_pisocarpa","Popowia","Annonaceae","Magnoliales",1,NA,NA,NA,55.82,35.115,15.105,NA,NA,NA,NA,NA,NA,NA,NA,24.77499962,2225,5.016667,117.8125,55.82,8.41344420416289,0.560384690691635,NA,NA,NA,0,1,8.61921636898773,NA,NA,NA,NA,0.571832268783171,22.104171341088,NA,0,0,0,0,0,0,NA,NA
"Populus_acuminata","Populus","Salicaceae","Malpighiales",0,202.75,0.1820439025,0.04,7.265,19.11,6.69,NA,7.265,19.11,7.02,15.125,0,118,NA,7.645833015,256,40.54999841,-109.3266671,7.285,3.0442198880348,0.457488853194737,19.11,15.125,118,7.66231541274547,1.26147002042717,6.5892016941435,0.231744657396242,1.96088328995402,0.00455819450435731,NA,0.257552871980111,51.3099720770278,0.245,0.0128413273147852,0.0161883821870834,0.0339859472126482,0.00244510978043912,16.7302922401528,6.00631881399026,2.30696086288319,-2.34120714682418
"Populus_alba","Populus","Salicaceae","Malpighiales",0,102.3754696,0.084166667,0.12,12.752966665,16.87,5.52,NA,13.18,16.87,12.51,16.27,0,25,NA,16.12916756,784,36.416864,-5.581529,12.812966665,4.03832650562796,0.745489965441795,16.87,16.27,25,1.53657037492317,1.03687768899816,7.15490492541877,0.0362139753269305,0.429552903637254,0.000574725470617882,NA,0.581962645050785,21.5930880121396,0.67,0.039715471250741,0.041180086047941,0.050834597875569,0.0268,1.89681335356601,1.4819205690575,2.01019590689762,-3.24053955542646
"Populus_angustifolium","Populus","Salicaceae","Malpighiales",0,104.2,0.1015073015,0.055,5.605,12.385,5.2,NA,5.605,12.385,5.465,11.9,0,87,NA,0.974999964,825,37.4797,-106.8607,5.66,2.68005525985864,0.522107607962137,12.385,11.9,87,7.31527053414561,1.04141300654888,6.33195598181304,0.0405333359720274,1.98992396946773,0.00182650482359021,NA,0.46973415200517,28.1867859516129,0.14,0.0113868554893938,0.0118728184875225,0.0251048387096774,0.0016211558854719,15.8341935483871,7.02440689850037,2.01786771896351,-2.73837917652852
"Populus_balsamifera","Populus","Salicaceae","Malpighiales",0,65.85,0.1379897535,0.57,59.28,32.66,12.07,NA,59.28,32.66,58.86,31.775,0,59,NA,1.116666555,717,62.29077997,-150.2042104,59.85,8.61520595176472,0.720212171445668,32.66,31.775,59,1.69526884469778,1.02445122048662,8.64360184061906,0.0239908088595048,0.367790956616672,0.000344218001956716,NA,0.691561283880277,18.2742378005493,0.420000000000002,0.0119929870688831,0.012367335515708,0.00656914870631563,0.00806087383406978,0.880468408864276,1.63955971165589,1.8185557792978,-3.46316642062663
"Populus_grandidentata","Populus","Salicaceae","Malpighiales",0,83.9533333333333,0.148190289904762,0.551666666666667,41.8778571428571,30.3659523809524,8.5097619047619,NA,41.8778571428571,30.3659523809524,39.5747619047619,25.0388095238095,0,17.1190476190476,1.5,8.58750009585714,1135,41.7228571428571,-74.5071428571429,42.2719047619048,7.22902527692588,0.850844380958716,30.3659523809524,25.0388095238095,17.2619047619048,0.705263026609978,1.20703314861664,8.28690789022037,0.186114961145337,-0.381439736819259,0.000553979733617798,NA,0.566612242585996,22.5878534338206,2.30309523809524,0.0731290953254144,0.0894162767042093,0.0547231323756458,0.140275001679811,0.465699377281177,0.584939752717386,1.92403794430413,-3.25650612288701
"Populus_tremuloides","Populus","Salicaceae","Malpighiales",0,82.5395833333333,0.0877388639444444,0.2475,18.2427777777778,18.1038888888889,5.42518518518519,NA,18.2427777777778,18.1038888888889,17.8498148148148,16.6453703703704,0,50.9259259259259,4.125,5.93842594477778,947.888888888889,45.1905674144444,-96.4773312555556,18.4627777777778,4.74336982261517,0.87462574469765,18.1038888888889,16.6453703703704,52.462962962963,3.23898109059657,1.08728304811931,7.43438031125092,0.0830435431148223,1.15323631955814,0.000480262155065585,NA,0.670621884897698,18.8478815686421,0.392962962962963,0.020627671355087,0.0225717633486928,0.0213908420444248,0.00751320632390861,3.3113161063823,2.97093204851278,1.91666227219234,-3.31852163466802
"Populus_trichocarpa","Populus","Salicaceae","Malpighiales",0,86.8222222222222,0.132316989444444,0.45,37.6761111111111,26.985,9.18777777777778,NA,37.6761111111111,26.9955555555556,37.21,25.8955555555556,0,55.8333333333333,2,9.34166659288889,1700.88888888889,45.8984915333333,-123.059663177778,38.1261111111111,6.67892468021394,0.729615334474021,26.9955555555556,25.8955555555556,55.9444444444444,2.26908418564032,1.04127444067724,8.08715100440758,0.0402123287414653,0.73912055090758,0.000539377092678934,NA,0.620329797616264,20.636744541933,0.466111111111111,0.0167811547969548,0.0176029578236899,0.0132478586800381,0.00845704167757581,1.8045411525463,2.17700308259649,1.93863089744944,-3.26810750195874
"Pourouma_aff. velutina","Pourouma","Urticaceae","Rosales",0,NA,NA,NA,88,40.325,15.725,NA,88,40.325,87.36,39.655,0,22.5,NA,26.97500038,2237,-3,-58.97,88,10.2507765892633,0.658215265640087,40.325,39.655,22.5,0.636333364631723,1.01759348619209,8.94971296234792,0.0174375836657813,-0.531075732423752,NA,NA,0.6474117815022,19.460502955665,0.640000000000004,0.014810666019241,0.0150619466114009,0.00719464443602378,0.0304000000000002,0.351353627215696,0.624756530914247,NA,NA
"Pourouma_minor","Pourouma","Urticaceae","Rosales",1,44.816233515,0.1944635315,1.705,94.83215,56.02,24.185,NA,NA,NA,NA,NA,NA,NA,NA,24.989583075,3383.3,-6.619025,-73.25325,95.68465,10.74517510394,0.548531833984878,NA,NA,NA,0,1,9.0558380661481,NA,NA,0.000483054273717098,NA,0.546626570383437,22.9900586412049,NA,0,0,0,0,0,0,1.65143535437693,-3.31600407121195
"Pourouma_tomentosa","Pourouma","Urticaceae","Rosales",1,NA,NA,NA,85.07,37.81,13.25,NA,NA,NA,NA,NA,NA,NA,NA,26.97500038,2237,-3,-58.97,85.07,10.4074246608188,0.785466012137272,NA,NA,NA,0,1,9.04864463297588,NA,NA,NA,NA,0.747778444669466,16.8049382861173,NA,0,0,0,0,0,0,NA,NA
"Pouteria_doradagrande","Pouteria","Sapotaceae","Ericales",1,75.95,0.1352874615,0.675,131.43,57.01,24.365,NA,NA,NA,NA,NA,NA,NA,NA,25.09583282,3334,-0.6859,-76.3953,132.105,12.9691471776376,0.53245152448463,NA,NA,NA,0,1,9.48873714512531,NA,NA,0.000138627999379339,NA,0.508642430823961,24.7425136161955,NA,0,0,0,0,0,0,1.88052777819881,-3.85814904427071
"Pouteria_obovata","Pouteria","Sapotaceae","Ericales",1,77.7,0.1423075285,0.18,68.565,45.95,20.275,NA,NA,NA,NA,NA,NA,NA,NA,26.72083282,2181,2.409143,101.850166,68.745,9.33371459149504,0.459845772711004,NA,NA,NA,0,1,8.82614729132939,NA,NA,0.000298710999796642,NA,0.405978277241184,31.1833066300827,NA,0,0,0,0,0,0,1.89042101880091,-3.52474878455012
"Pouteria_sericea","Pouteria","Sapotaceae","Ericales",NA,94.92058282,0.12,NA,11.5781,NA,NA,NA,NA,NA,NA,NA,NA,NA,NA,23.075,967.7,-19.33205,146.7726,11.5781,3.83949147321598,NA,NA,NA,NA,NA,NA,7.05428556867791,NA,NA,0.00124372738186749,NA,NA,NA,NA,NA,NA,NA,NA,NA,NA,1.97736039615648,-2.90527480415131
"Pouteria_stipitata","Pouteria","Sapotaceae","Ericales",1,78.3,0.069545318,NA,24.05,26.47,11.65,NA,NA,NA,NA,NA,NA,NA,NA,26.39583397,2496,9.17,-79.85,24.05,5.53366163140471,0.474992414712851,NA,NA,NA,0,1,7.78530518253986,NA,NA,0.000201104002316887,NA,0.431337346318794,29.1335093555094,NA,0,0,0,0,0,0,1.89376176205794,-3.69657928610718
"Pouteria_torta ssp. glabra","Pouteria","Sapotaceae","Ericales",1,69.8,0.450217815,0.93,724.905,123.48,44.48,NA,NA,NA,NA,NA,NA,NA,NA,25.08749962,3338,-0.7,-76.3953,725.37,29.6009733913633,0.671201427306289,NA,NA,NA,0,1,11.0836635883535,NA,NA,0.000499977999909657,NA,0.560796433939465,23.994974522446,NA,0,0,0,0,0,0,1.84385542262316,-3.30104910512007
"Pouteria_vernicosa","Pouteria","Sapotaceae","Ericales",1,80.9666666666667,0.168438395333333,0.233333333333333,80.69,43.0366666666667,18.6433333333333,NA,NA,NA,NA,NA,NA,NA,NA,25.09583282,3334,-0.6859,-76.3953,80.9233333333333,10.1291399731623,0.544323625099283,NA,NA,NA,0,1,8.99031244932083,NA,NA,0.000354109517251644,NA,0.546772594747542,23.0093689104307,NA,0,0,0,0,0,0,1.90830626008547,-3.45086240073602
"Premna_serratifolia","Premna","Lamiaceae","Lamiales",1,NA,NA,0.62,86.27,38.72,15.14,NA,NA,NA,NA,NA,NA,NA,NA,23.6875,3054,-16.144616,145.430116,86.89,10.5181644806515,0.694726848127574,NA,NA,NA,0,1,9.06981313683921,NA,NA,NA,NA,0.723101004417153,17.3784444186855,NA,0,0,0,0,0,0,NA,NA
"Prioria_copaifera","Prioria","Fabaceae","Fabales",1,60.7,NA,NA,71.54,36.32,14.47,NA,NA,NA,NA,NA,NA,NA,NA,26.39583397,2496,9.17,-79.85,71.54,9.543980146163,0.659570155228957,NA,NA,NA,0,1,8.87542691981896,NA,NA,NA,NA,0.681501977156716,18.4392284036902,NA,0,0,0,0,0,0,1.78318869107526,NA
"Prockia_crucis","Prockia","Salicaceae","Malpighiales",0,NA,0.067092839,NA,10.94,14.88,4.9,NA,10.94,14.88,10.51,13.4,0,31,5,19.32500076,629,-24.58,-64.7,10.94,3.73218978877049,0.761671385463364,14.88,13.4,36,2.6865671641791,1.11044776119403,6.99759598298193,0.10476332244808,0.988264231499244,0.000411467005948804,NA,0.620899519277379,20.2389762340037,0.43,0.0288978494623656,0.032089552238806,0.0393053016453382,0.0138709677419355,3.29067641681901,2.41935483870968,NA,-3.3856649835595
"Prosopis_pallida","Prosopis","Fabaceae","Fabales",1,109.05,0.0566163745,0,0.4475,3.68,1.515,NA,NA,NA,NA,NA,NA,NA,NA,26.097916605,947.5,17.9485075,-67.0648335,0.4475,0.748318288577177,0.493511654462112,NA,NA,NA,0,1,3.76639189574507,NA,NA,0.00572588838204271,NA,0.41509882895258,30.5036851640805,NA,0,0,0,0,0,0,2.03762566991472,-2.2421571221781
"Protium_altsonii","Protium","Burseraceae","Sapindales",1,NA,NA,NA,12.4225,18.0575,7.495,NA,NA,NA,NA,NA,NA,NA,NA,26.97500038,2237,-3,-58.97,12.4225,3.97171892529804,0.533054115293155,NA,NA,NA,0,1,7.11932722280388,NA,NA,NA,NA,0.48155672269647,26.4519259838778,NA,0,0,0,0,0,0,NA,NA
"Protium_amazonicum","Protium","Burseraceae","Sapindales",1,NA,0.1653970925,0.66,140.18,63.535,27.45,NA,NA,NA,NA,NA,NA,NA,NA,25.08749962,3338,-0.7,-76.3953,140.84,13.1499826880665,0.491903924461568,NA,NA,NA,0,1,9.47872732995285,NA,NA,0.000228117974053437,NA,0.443417831552117,29.132243383783,NA,0,0,0,0,0,0,NA,-3.6418404940978
"Protium_apiculatum","Protium","Burseraceae","Sapindales",1,NA,NA,NA,73.4,42.92,16.99,NA,NA,NA,NA,NA,NA,NA,NA,26.97500038,2237,-3,-58.97,73.4,9.66725310434981,0.568996651227181,NA,NA,NA,0,1,8.90109412160856,NA,NA,NA,NA,0.500710267815479,25.0970899182561,NA,0,0,0,0,0,0,NA,NA
"Protium_aracouchini","Protium","Burseraceae","Sapindales",0.75,63.85,0.0702082685,0.03,35.0005,29.6125,12.205,NA,52.23,35.89,52.17,35.77,0,1,0,26.0354166,2785.5,-1.84295,-67.68265,35.0155,6.62746261565806,0.551258583787271,35.89,35.77,1,0.013978194017333,1.00033547665642,8.131269001795,0.00066983037771788,-1.96767164083683,0.000135516499753088,NA,0.499953915352154,25.3911940704477,0.011999999999999,0.000167177486765102,0.000167738328207982,0.000114876507754155,0.0011999999999999,0.00957304231284702,0.0139314572304263,1.80516090159943,-3.8680078242326
"Protium_brillanodu","Protium","Burseraceae","Sapindales",1,65.35,0.268357426,0.195,264.23,73.81,30.245,NA,NA,NA,NA,NA,NA,NA,NA,25.09583282,3334,-0.6859,-76.3953,264.425,18.2421725417647,0.602302977720195,NA,NA,NA,0,1,10.1592906000956,NA,NA,0.000224341011461778,NA,0.602876071264855,20.8449118139725,NA,0,0,0,0,0,0,1.81524559191656,-3.6490913264017
"Protium_cf. demerarens","Protium","Burseraceae","Sapindales",1,NA,NA,NA,35.7,29.51,12.28,NA,NA,NA,NA,NA,NA,NA,NA,26.97500038,2237,-3,-58.97,35.7,6.69085997660899,0.54540762445095,NA,NA,NA,0,1,8.14936806463179,NA,NA,NA,NA,0.507782753533791,24.7699600118802,NA,0,0,0,0,0,0,NA,NA
"Protium_cf. granifolium","Protium","Burseraceae","Sapindales",1,NA,NA,NA,71.785,42.39,17.665,NA,NA,NA,NA,NA,NA,NA,NA,26.97500038,2237,-3,-58.97,71.785,9.55968856896312,0.5438928209568,NA,NA,NA,0,1,8.87858627829667,NA,NA,NA,NA,0.502798166783131,25.0338152964626,NA,0,0,0,0,0,0,NA,NA
"Protium_cf. laxiflorum","Protium","Burseraceae","Sapindales",1,NA,NA,NA,38.075,29.345,12.45,NA,NA,NA,NA,NA,NA,NA,NA,26.97500038,2237,-3,-58.97,38.075,6.9432557751636,0.557446161371244,NA,NA,NA,0,1,8.23353520218913,NA,NA,NA,NA,0.552581967588363,22.974691224702,NA,0,0,0,0,0,0,NA,NA
"Protium_cf. nodulosum","Protium","Burseraceae","Sapindales",1,NA,NA,NA,40.365,35.16,15.13,NA,NA,NA,NA,NA,NA,NA,NA,26.97500038,2237,-3,-58.97,40.365,7.15649309693035,0.473219626437246,NA,NA,NA,0,1,8.29614623822784,NA,NA,NA,NA,0.409316361015811,30.7077406948502,NA,0,0,0,0,0,0,NA,NA
"Protium_crassipetalum","Protium","Burseraceae","Sapindales",1,NA,NA,NA,56.28,37.95,14.25,NA,NA,NA,NA,NA,NA,NA,NA,26.97500038,2237,-3,-58.97,56.28,8.46284040808329,0.593927572811575,NA,NA,NA,0,1,8.63444116953012,NA,NA,NA,NA,0.490902054334789,25.599787225426,NA,0,0,0,0,0,0,NA,NA
"Protium_gallosum","Protium","Burseraceae","Sapindales",1,NA,NA,NA,87.488,42.386,17.04,NA,NA,NA,NA,NA,NA,NA,NA,26.97500038,2237,-3,-58.97,87.488,10.0741719324417,0.596708396644662,NA,NA,NA,0,1,8.88181876387913,NA,NA,NA,NA,0.57017848036192,22.267146095491,NA,0,0,0,0,0,0,NA,NA
"Protium_grannodu","Protium","Burseraceae","Sapindales",1,64.2,0.249912619,0.68,244.185,76.765,32.805,NA,NA,NA,NA,NA,NA,NA,NA,25.08749962,3338,-0.7,-76.3953,244.865,17.6284038008168,0.537999083719894,NA,NA,NA,0,1,10.0993694233406,NA,NA,0.000229021000826663,NA,0.519549968536821,24.1932674759712,NA,0,0,0,0,0,0,1.80753502806885,-3.64012469178695
"Protium_hebetatum","Protium","Burseraceae","Sapindales",1,NA,NA,NA,43.505,32.005,13.37,NA,NA,NA,NA,NA,NA,NA,NA,26.97500038,2237,-3,-58.97,43.505,7.37758940951139,0.557779655030925,NA,NA,NA,0,1,8.34263976426079,NA,NA,NA,NA,0.532122573962597,23.7542644915109,NA,0,0,0,0,0,0,NA,NA
"Protium_opacum ssp. opacum","Protium","Burseraceae","Sapindales",1,NA,NA,NA,50.63,31.73,11.94,NA,NA,NA,NA,NA,NA,NA,NA,26.97500038,2237,-3,-58.97,50.63,8.02895498492433,0.672441791032189,NA,NA,NA,0,1,8.52971447196991,NA,NA,NA,NA,0.631942621173635,19.8853031799328,NA,0,0,0,0,0,0,NA,NA
"Protium_panamense","Protium","Burseraceae","Sapindales",1,74.6,NA,NA,172.19,56.99,23.04,NA,NA,NA,NA,NA,NA,NA,NA,26.39583397,2496,9.17,-79.85,172.19,14.8067254046243,0.642653012353487,NA,NA,NA,0,1,9.75376870428619,NA,NA,NA,NA,0.666224310611934,18.8620715488704,NA,0,0,0,0,0,0,1.87273882747267,NA
"Protium_paniculatum var. riedelianum","Protium","Burseraceae","Sapindales",1,NA,NA,NA,59.5475,39.945,17.13,NA,NA,NA,NA,NA,NA,NA,NA,26.97500038,2237,-3,-58.97,59.5475,8.70182563789136,0.508262196412435,NA,NA,NA,0,1,8.6893726753018,NA,NA,NA,NA,0.468635532424638,26.819497921452,NA,0,0,0,0,0,0,NA,NA
"Protium_sagotianum","Protium","Burseraceae","Sapindales",1,65.25,0.13096396,0.06,101.43,49.695,21.2,NA,NA,NA,NA,NA,NA,NA,NA,25.09583282,3334,-0.6859,-76.3953,101.49,11.1545048337144,0.526448416998916,NA,NA,NA,0,1,9.14796651368177,NA,NA,0.000122625000492469,NA,0.499724403739623,25.1631351633624,NA,0,0,0,0,0,0,1.81458051601032,-3.91142097786784
"Protium_spruceanum","Protium","Burseraceae","Sapindales",0,NA,NA,NA,29.34,29.08,11.59,NA,29.34,29.08,29.315,28.935,0,5,NA,26.97500038,2237,-3,-58.97,29.34,6.06565170485617,0.523262915981725,29.08,28.935,5,0.171387790953008,1.0046332894159,7.95342180724342,0.00461920606486215,-1.76545449409191,NA,NA,0.432661385039684,29.1098060254209,0.0249999999999986,0.000801133286918799,0.000805884936319666,0.000773373519275608,0.00458333333333301,0.172363106340403,0.170573218844279,NA,NA
"Protium_strumosum","Protium","Burseraceae","Sapindales",1,NA,NA,NA,41.63,30.485,12.63,NA,NA,NA,NA,NA,NA,NA,NA,26.97500038,2237,-3,-58.97,41.63,7.26045245221696,0.575876947211644,NA,NA,NA,0,1,8.32295833565761,NA,NA,NA,NA,0.560119739888912,22.6874132125917,NA,0,0,0,0,0,0,NA,NA
"Protium_subserratum","Protium","Burseraceae","Sapindales",0,NA,NA,NA,7.546,15.184,6.228,NA,7.546,15.184,7.358,14.4,0,23.2,NA,26.97500038,2237,-3,-58.97,7.546,3.05665568371592,0.489558151825749,15.184,14.4,23.2,1.66085807327177,1.05530420984078,6.57358337180374,0.0537993775284966,0.477244033022973,NA,NA,0.397519456185184,31.7007676840311,0.188,0.0122588470634339,0.0129332739566987,0.0258806237730807,0.00847902097902097,3.45359772852368,1.57151466817305,NA,NA
"Protium_tenuifolium","Protium","Burseraceae","Sapindales",1,48.8,0.145753165,NA,98.37,46.4,19.29,NA,NA,NA,NA,NA,NA,NA,NA,26.39583397,2496,9.17,-79.85,98.37,11.1914509343337,0.580168529514446,NA,NA,NA,0,1,9.19390606551276,NA,NA,0.000215959999059848,NA,0.57416481371438,21.8863474636576,NA,0,0,0,0,0,0,1.68841982200271,-3.66562668309144
"Protium_trifoliatum","Protium","Burseraceae","Sapindales",1,NA,NA,NA,28.166,24.536,9.936,NA,NA,NA,NA,NA,NA,NA,NA,26.97500038,2237,-3,-58.97,28.166,5.7532221088888,0.576043139434974,NA,NA,NA,0,1,7.75869749224721,NA,NA,NA,NA,0.538514736709489,23.617651065275,NA,0,0,0,0,0,0,NA,NA
"Proustia_piryfolia","Proustia","Asteraceae","Asterales",0,NA,NA,0.425,66.825,40.935,12.305,NA,66.825,40.935,66.5,33.495,0,96,NA,11.6208334,900,-35.9821,-72.6873,67.25,9.07319607976277,0.739650569466313,40.935,33.495,96,2.80414055656627,1.2152358050895,8.73331194524674,0.194600411695042,1.02593845452408,NA,NA,0.492900028036143,25.6888020784338,0.324999999999999,0.0073338427490694,0.00899113941109087,0.00452806136557491,0.00312049062049061,1.48522572333894,2.30296708244291,NA,NA
"Prunus_avium","Prunus","Rosaceae","Rosales",0,45.0333333333333,0.0992999173333333,0.246666666666667,31.5266666666667,33.0533333333333,10.1866666666667,NA,31.5266666666667,33.0533333333333,30.04,24.6733333333333,0,79.6666666666667,16,13.20833302,1107,38.900427,-76.556955,31.7733333333333,6.32391384188896,0.628828362179526,33.0533333333333,24.6733333333333,95.6666666666667,3.90544017991177,1.3507562514169,8.04093280461883,0.299086079516214,1.36105076502244,0.000322744767395563,NA,0.357450438752224,35.1938535103871,1.48666666666667,0.045587771922016,0.0620855624434002,0.0499416849374808,0.0189452556575844,3.11155418161469,2.89275171059704,1.65353409430237,-3.4911407901449
"Prunus_cf. incana","Prunus","Rosaceae","Rosales",0,57.35,0.084434032,0.11,18.795,35.52,7.535,NA,18.795,35.52,17.55,20.385,0,93.5,58.5,3.191666603,2028,36.8103,139.3796,18.905,4.90342939543221,0.650937989422337,35.52,20.385,152,7.44062732842871,1.7425114115613,7.54235288726047,0.555327176703359,2.00582979070713,0.000378867002702443,NA,0.187191622120106,67.1623373137851,1.245,0.0350756488913049,0.0611203946844912,0.0664127878706882,0.0133540229885058,8.07351632321704,4.27020053517873,1.75853342223729,-3.42151321781365
"Prunus_emarginata","Prunus","Rosaceae","Rosales",0,57.5166666666667,0.066368452,0.0416666666666667,9.45833333333333,13.6566666666667,5.40166666666667,NA,9.45833333333333,13.6566666666667,9.32166666666667,13.0333333333333,0,92.6666666666667,NA,10.0180555986667,1552,44.6855531433333,-122.6311124,9.5,3.34594207357202,0.623019445667497,13.6566666666667,13.0333333333333,92.6666666666667,7.16889912797617,1.04560865047601,6.69530983597134,0.044513689732362,1.95719238060525,0.000546068158350915,NA,0.593806967125875,21.2082653043349,0.136666666666666,0.00929656711779613,0.00975145213671431,0.014518898746014,0.00140211080528193,11.714461543191,6.85032339884426,1.75979370890784,-3.26275314676727
"Prunus_laurocerasus","Prunus","Rosaceae","Rosales",0,130.3635736,0.157636404,0.25,27.616816665,22.47,9.18,NA,26.97,22.47,26.19,22.26,0,36,NA,16.12916756,784,36.416864,-5.581529,27.741816665,5.94296672175183,0.641292910109734,22.47,22.26,36,1.61725067385445,1.00943396226415,7.92793415306614,0.00938974034983892,0.480727592608711,0.00103240702719536,NA,0.671250567129642,18.7208342602892,0.779999999999998,0.034712950600801,0.0350404312668463,0.028921023359288,0.0216666666666666,1.33481646273637,1.60213618157543,2.11515625708222,-2.98614904804353
"Prunus_pensylvanica","Prunus","Rosaceae","Rosales",0,61.85,0.0984754745,0.161666666666667,26.785,29.395,12.5083333333333,NA,26.785,29.395,26.165,28.2333333333333,0,127.166666666667,4.66666666666667,7.8083333965,1116,42.265,-73.825,26.9466666666667,5.73425236047926,0.467011015965925,29.395,28.2333333333333,129.5,4.89356313243004,1.04042047119935,7.8140045970297,0.0395610457095391,1.53971652881497,0.000432343831574754,NA,0.381512541336288,33.3389133910254,0.62,0.0194169519507618,0.020239489358943,0.0214127309011458,0.00516278876216376,5.78742674563751,4.70295500158429,1.79133970396514,-3.36417073290012
"Prunus_seroti","Prunus","Rosaceae","Rosales",0,82.5625,0.104997085166667,0.130416666666667,18.9336666666667,21.9613333333333,8.79633333333333,NA,18.9336666666667,21.9613333333333,18.5823333333333,20.8503333333333,0,95.7666666666667,5.33333333333333,8.1641667364,1107,41.902,-74.998,19.038,4.82541919384136,0.550395375432244,21.9613333333333,20.8503333333333,97.9,4.75483139137971,1.05237610707449,7.47041629536455,0.0507125659047946,1.54339453475313,0.000743023651767463,NA,0.479215072860985,26.9459777416991,0.351333333333333,0.0157256748815119,0.016560642060821,0.01987258906143,0.00379498974893062,5.77595638489879,4.52022518311928,1.9167828349586,-3.12899736165179
"Prunus_serotina","Prunus","Rosaceae","Rosales",0,62.1561111111111,0.0957640372904762,0.103611111111111,18.6173333333333,19.8192857142857,7.66080952380952,NA,18.6173333333333,19.8192857142857,18.257380952381,18.5509047619048,0,74.5238095238095,2.71111111111111,15.7476188128571,1191.28571428571,35.3379705714286,-78.7527697142857,18.7061428571429,4.71674709333343,0.626276023937482,19.8192857142857,18.5509047619048,75.5428571428571,4.27298773295052,1.07380694009191,7.39539651500339,0.0705034521419316,1.4232304205556,0.000601656689237438,NA,0.561847685252817,22.6606809310033,0.359952380952381,0.0175635192328485,0.0188253812620055,0.0209782658881744,0.00479967732040219,4.99953585475361,3.96415220749034,1.7934838343672,-3.22065125043652
"Prunus_ssiori","Prunus","Rosaceae","Rosales",0,97.65,0.1129758805,0.575,27.555,40.88,9.325,NA,27.555,40.88,27.11,24.9,0,110.5,NA,3.191666603,2028,36.8103,139.3796,28.13,5.86478157857871,0.633587845917086,40.88,24.9,110.5,4.44670308728243,1.57694867786536,7.85935836717778,0.442455960430559,1.49213207402933,0.000468179698640724,NA,0.248694919512196,60.6537767765183,0.445,0.0102221207633809,0.0165391116536764,0.0151306270284063,0.00372882835690589,4.27535138297243,2.89794665544919,1.98967224762387,-3.32958742224867
"Prunus_subcordata","Prunus","Rosaceae","Rosales",0,47.85,0.1360221205,0.04,5.745,12.45,3.97,NA,5.745,12.45,5.44,11.145,0,58,2,14.19999981,707,36.98846587,-121.9209016,5.785,2.71128533687741,0.683600329399451,12.45,11.145,60,5.44438869240792,1.12620889748549,6.35646018396347,0.112537959532632,1.68248465383515,0.00323317398649845,NA,0.46458888618129,27.05180548681,0.305,0.0245537228800827,0.0274774811229899,0.0536169315661148,0.00532451923076923,10.4516123118664,4.81090773977803,1.67988194211286,-2.49037092411004
"Prunus_tavanica","Prunus","Rosaceae","Rosales",1,108.05,0.263372019,0.355,173.245,57.35,22.705,NA,NA,NA,NA,NA,NA,NA,NA,27.47916603,2255,3.083,101.583,173.6,14.8154140959511,0.652132247761641,NA,NA,NA,0,1,9.74791086879238,NA,NA,0.00034260999897331,NA,0.657383660272889,19.1159094633817,NA,0,0,0,0,0,0,2.03362477121926,-3.46519996642724
"Prunus_tucumanensis","Prunus","Rosaceae","Rosales",0,NA,NA,NA,23.1566666666667,32.07,8.78666666666667,NA,23.1566666666667,32.07,22.1866666666667,21.15,0,75,1,19.32500076,629,-24.58,-64.7,23.1566666666667,5.37714197830922,0.611096441922802,32.07,21.15,75.3333333333333,3.60468479606991,1.51820104020757,7.70720546521063,0.417230439917281,1.27777137825588,NA,NA,0.276377011017967,45.5615614652859,0.97,0.0297359356496153,0.0451549174235326,0.0421382522259271,0.0128085248085248,3.48840024929914,2.372442736175,NA,NA
"Prunus_turneriana","Prunus","Rosaceae","Rosales",1,NA,NA,0.08,43.77,30.59,12.42,NA,NA,NA,NA,NA,NA,NA,NA,23.6875,3054,-16.144616,145.430116,43.85,7.47205152796987,0.601614454747977,NA,NA,NA,0,1,8.38594490480628,NA,NA,NA,NA,0.587797123809817,21.3787548549235,NA,0,0,0,0,0,0,NA,NA
"Prunus_virginia","Prunus","Rosaceae","Rosales",0,NA,0.07024737,NA,9.33,18.94,5.23,NA,9.33,18.94,9.14,13.11,0,84,10,6.575000286,1156,41.88,-78.7,9.33,3.4466396609421,0.659013319491797,18.94,13.11,94,7.17009916094584,1.44469870327994,6.83840520084734,0.367900789982324,1.9699194844944,0.000528906001277267,NA,0.326837258078284,38.4484030010718,0.19,0.0100316789862724,0.0144927536231884,0.0203644158628081,0.00226190476190476,10.075026795284,4.96304118268215,NA,-3.2766215051935
"Prunus_virginiana","Prunus","Rosaceae","Rosales",0,58.6,0.1029478975,0.18,26.7383333333333,27.6066666666667,8.13666666666667,NA,26.7383333333333,27.6066666666667,26.0316666666667,20.9483333333333,0,106.666666666667,4.25,8.783333303,769,46.61709834,-120.602578133333,26.9183333333333,5.82688277033609,0.717961549741327,27.6066666666667,20.9483333333333,109.5,5.31997103993691,1.32048745183227,7.8796134508256,0.273051374505644,1.5848326418549,0.000427707198650189,NA,0.45177569828969,29.3842143811341,0.706666666666667,0.0261440576148394,0.0335271745148331,0.0264976619628819,0.0091080620561756,4.33391418538652,3.96667470844893,1.76789761601809,-3.3688534401623
"Pseudolmedia_laevigata","Pseudolmedia","Moraceae","Rosales",1,52.8,0.0528777835,0.07,25.0841666666667,25.1616666666667,10.7908333333333,NA,NA,NA,NA,NA,NA,NA,NA,26.0354166,2785.5,-1.84295,-67.68265,25.1191666666667,5.62999548006103,0.52104833842008,NA,NA,NA,0,1,7.81102090965096,NA,NA,0.000138903186056796,NA,0.492904775712236,25.5233032134464,NA,0,0,0,0,0,0,1.72263392253381,-3.857287792628
"Pseudolmedia_laevis","Pseudolmedia","Moraceae","Rosales",1,59.73982957,0.2,0.14,76.756375,43.0825,17.9175,NA,NA,NA,NA,NA,NA,NA,NA,25.6513888433333,3001.2,-5.4192,-68.48596111,76.8030416666667,9.84387316205721,0.567741446237044,NA,NA,NA,0,1,8.92849714102071,NA,NA,0.000594449697480834,NA,0.547120419615782,23.0423356202791,NA,0,0,0,0,0,0,1.77626397928394,-3.22588488962525
"Pseudolmedia_spuria","Pseudolmedia","Moraceae","Rosales",1,49.15,NA,0.01,28.17,26.475,11.275,NA,NA,NA,NA,NA,NA,NA,NA,23.96249962,1997,18.4095,-66.9706,28.18,5.9886465532838,0.531502086007064,NA,NA,NA,0,1,7.94289027210831,NA,NA,NA,NA,0.505229294184506,24.8846353455945,NA,0,0,0,0,0,0,1.69152352216815,NA
"Pseudopanax_anomalus","Pseudopanax","Araliaceae","Apiales",0,79.2,NA,0.005,0.235,1.985,0.68,NA,0.235,1.985,0.22,1.935,0,5.5,NA,7.729166508,1681,-39.25,175.933333,0.24,0.544829657740249,0.838761150308247,1.985,1.935,5.5,2.59346441428967,1.0227499307671,3.11916231251975,0.0223667353434871,0.803193507800422,NA,NA,0.729527783027526,17.2464895833333,0.015,0.00627615062761507,0.00652173913043479,0.046875,0.00166666666666667,20.7291666666667,2.51575658068958,1.89872518158949,NA
"Pseudopanax_arboreum","Pseudopanax","Araliaceae","Apiales",0,NA,NA,0.505,53.33,33.325,12.205,NA,53.33,33.325,52.505,30.95,0,35,NA,9.920833588,1596,-38.8,176.4,53.835,8.16991387134498,0.667677517979734,33.325,30.95,35,1.14401414598901,1.07918937196609,8.53722552372541,0.0761062838360932,0.13187565163192,NA,NA,0.584164285700147,21.5518695888813,0.825000000000003,0.024331468104813,0.0262122491443795,0.0158016551377213,0.0232154605263159,0.7113943686253,1.0591734875826,NA,NA
"Pseudopanax_arboreus","Pseudopanax","Araliaceae","Apiales",NA,176.0792064,0.192,NA,37.208,NA,NA,NA,NA,NA,NA,NA,NA,NA,NA,9.920833588,1596,-38.8,176.4,37.208,6.88292793660561,NA,NA,NA,NA,NA,NA,8.22169397790989,NA,NA,0.000990754676413675,NA,NA,NA,NA,NA,NA,NA,NA,NA,NA,2.2457080721573,-3.00403386909636
"Pseudopanax_colensoi","Pseudopanax","Araliaceae","Apiales",0,231.15,0.152681282,0.08,9.325,14.97,6.19,NA,9.325,14.97,9.16,14.535,0,5.5,NA,12.95416641,949,-40.45,175.216667,9.365,3.39202684610514,0.549490947361245,14.97,14.535,5.5,0.358128561253561,1.03104967948718,6.76945146839037,0.0305636303405003,-1.06554238741584,0.00181979499400184,NA,0.507778446130236,24.7666890564956,0.165,0.00958961474036854,0.00984909188034191,0.0143169731003589,0.0237500000000001,0.567596760153712,0.34785036292574,2.3638938977741,-2.73997753398663
"Pseudopanax_crassifolius","Pseudopanax","Araliaceae","Apiales",0,316.1292517,0.296666667,1.01,28.09,41.79,17.81,NA,25.68,41.79,24.365,37.87,0,22,NA,9.920833588,1596,-38.8,176.4,28.595,5.99825009617156,0.32852807298488,41.79,37.87,22,0.579096457883496,1.09988875188822,7.93361888411875,0.0950895401227165,-0.546397190355883,0.00288561020684882,NA,0.18997304207111,68.210353074541,1.315,0.0312631188670288,0.0344011593762509,0.051606392391064,0.0593790849673203,0.870540651562549,0.526509147959048,2.49986468332496,-2.53976233452034
"Pseudopanax_laetevirens","Pseudopanax","Araliaceae","Apiales",0,NA,NA,0.0325,5.0175,13.6,5.6475,NA,5.0175,13.6,4.8825,12.4675,0,33.5,NA,9.6208333975,1604.5,-39.04195,-73.27215,5.0425,2.51247385614341,0.445977694919855,13.6,12.4675,33.5,2.67766470685304,1.08551068047981,6.18754637733175,0.080596106572913,0.98030955500176,NA,NA,0.341133810250408,37.2356698104028,0.135,0.00963621901548721,0.0105813503752756,0.0262097821120185,0.00390224358974359,6.83541479781665,2.46519233140923,NA,NA
"Pseudopanax_macintyrei","Pseudopanax","Araliaceae","Apiales",0,154.35,NA,NA,7.535,14.995,5.235,NA,7.535,14.995,7.225,12.465,0,17.5,NA,9.470833778,2835,-40.88825164,172.3501599,7.535,3.08512091255364,0.594809683566221,14.995,12.465,17.5,1.41244769257971,1.19485078878607,6.60878223017436,0.176678172751367,0.3442664215046,NA,NA,0.436242119910006,29.8413854511401,0.309999999999999,0.0202516368907997,0.0243413685389284,0.0402898498017965,0.0174013157894736,2.36134851074663,1.18811412150614,2.18850663381811,NA
"Psidium_amplexicaule","Psidium","Myrtaceae","Myrtales",1,172.9,NA,0.02,20.855,16.895,5.42,NA,NA,NA,NA,NA,NA,NA,NA,23.96249962,1997,18.4095,-66.9706,20.865,4.99078659174261,0.919504105627345,NA,NA,NA,0,1,7.509900455933,NA,NA,NA,NA,0.861453288816935,14.5875985142119,NA,0,0,0,0,0,0,2.23779499327392,NA
"Psychotria_?sulzneri","Psychotria","Rubiaceae","Gentianales",1,42.2666666666667,0.118071356666667,0.0666666666666667,14.5633333333333,20.6333333333333,9.12,NA,NA,NA,NA,NA,NA,NA,NA,23.32500076,1309,26.17,-81.34,14.63,4.27814576345279,0.46823445933619,NA,NA,NA,0,1,7.25164604660027,NA,NA,0.000971680817461876,NA,0.421534341438175,29.8852235044548,NA,0,0,0,0,0,0,1.62599799882605,-3.01247637085531
"Psychotria_berteroana","Psychotria","Rubiaceae","Gentianales",1,58,0.15796655975,0.3125,86.7525,42.695,16.2975,NA,NA,NA,NA,NA,NA,NA,NA,19.387500765,2022,18.162098885,-66.68758708,86.97,9.71405843672059,0.588277528624736,NA,NA,NA,0,1,8.7282093525476,NA,NA,0.000400974678797116,NA,0.4906712657243,26.757900516899,NA,0,0,0,0,0,0,1.76342799356294,-3.39688305183344
"Psychotria_carthagenesis","Psychotria","Rubiaceae","Gentianales",NA,41.8295947,0.23,NA,37.7723,NA,NA,NA,NA,NA,NA,NA,NA,NA,NA,11.75,397.9,-26.7633,-65.33286667,37.7723,6.93492509372668,NA,NA,NA,NA,NA,NA,8.23674621574856,NA,NA,0.00140049718973957,NA,NA,NA,NA,NA,NA,NA,NA,NA,NA,1.62148365658622,-2.85371775830191
"Psychotria_dracula","Psychotria","Rubiaceae","Gentianales",1,47.2,0.2619232465,0.87,185.97,59.805,24.345,NA,NA,NA,NA,NA,NA,NA,NA,25.09583282,3334,-0.6859,-76.3953,186.405,15.401267759085,0.63253364525782,NA,NA,NA,0,1,9.83191847748324,NA,NA,0.000368984000289129,NA,0.65286292281919,19.2598060472894,NA,0,0,0,0,0,0,1.67394199863409,-3.43299246510596
"Psychotria_guadalupensis","Psychotria","Rubiaceae","Gentianales",1,70.45,0.091930516,0.01,2.005,6.74,2.835,NA,NA,NA,NA,NA,NA,NA,NA,18.68333435,1961,18.1702,-66.5703,2.01,1.58862750528761,0.559336403851462,NA,NA,NA,0,1,5.27519067428931,NA,NA,0.0054878050467703,NA,0.544270259113405,23.1716657442547,NA,0,0,0,0,0,0,1.84788099744538,-2.26060132525607
"Psychotria_horizontalis","Psychotria","Rubiaceae","Gentianales",1,54.7,0.126402972,NA,19.05,20.9,8.87,NA,NA,NA,NA,NA,NA,NA,NA,26.39583397,2496,9.17,-79.85,19.05,4.92495820563026,0.555237678199579,NA,NA,NA,0,1,7.5522372875608,NA,NA,0.000838725004222193,NA,0.548040017864843,22.9296587926509,NA,0,0,0,0,0,0,1.73798732633343,-3.07638040952355
"Psychotria_marginata","Psychotria","Rubiaceae","Gentianales",1,61.5,0.100482324,NA,22.32,25.2,10.92,NA,NA,NA,NA,NA,NA,NA,NA,26.39583397,2496,9.17,-79.85,22.32,5.33091986794857,0.488179475086866,NA,NA,NA,0,1,7.7106533235012,NA,NA,0.000452360996256316,NA,0.441675157647545,28.4516129032258,NA,0,0,0,0,0,0,1.78887511577542,-3.34451484813407
"Psychotria_maricaensis","Psychotria","Rubiaceae","Gentianales",1,220.3,0.1012421905,0.06,3.325,7.485,2.93,NA,NA,NA,NA,NA,NA,NA,NA,22.53333282,2174,18.1702,-66.99,3.385,2.07478106811931,0.707972255337765,NA,NA,NA,0,1,5.8221084253257,NA,NA,0.00303784819342572,NA,0.744685041137647,16.8758206974292,NA,0,0,0,0,0,0,2.34301449715077,-2.51743393238396
"Psychotria_mariniana","Psychotria","Rubiaceae","Gentianales",1,NA,0.2631464685,0.075,7.645,12.12,4.87,NA,NA,NA,NA,NA,NA,NA,NA,20.72083282,4667,21.3279,-157.755,7.72,3.13096625259006,0.642663571205083,NA,NA,NA,0,1,6.64358624122349,NA,NA,0.00898616098637754,NA,0.651824102796847,19.2885141428705,NA,0,0,0,0,0,0,NA,-2.04642580532132
"Psychotria_nervosa","Psychotria","Rubiaceae","Gentianales",1,26.7,0.101724846,0.22,38.72,30.64,12.92,NA,NA,NA,NA,NA,NA,NA,NA,23.96249962,1997,18.4095,-66.9706,38.94,7.04130299532602,0.544992491898299,NA,NA,NA,0,1,8.26719218593215,NA,NA,0.000265740736870152,NA,0.518283867344334,24.2461157024793,NA,0,0,0,0,0,0,1.42651126136458,-3.57554186507858
"Psychotria_rubra","Psychotria","Rubiaceae","Gentianales",1,91.325,0.153041323,0.24,34.3625,33.385,14.695,NA,NA,NA,NA,NA,NA,NA,NA,18.57291603,3066,30.3296,130.6472,34.6025,6.62905644971525,0.454158193503698,NA,NA,NA,0,1,8.1439566230739,NA,NA,0.000687761616552151,NA,0.394185689585978,32.6772173906504,NA,0,0,0,0,0,0,1.96058968088395,-3.16256206547933
"Pternandra_corulescens","Pternandra","Melastomataceae","Myrtales",1,113.85,NA,0.15,33.55,27.445,9.705,NA,NA,NA,NA,NA,NA,NA,NA,26.72083282,2181,2.409143,101.850166,33.7,6.54488932246159,0.675933372141992,NA,NA,NA,0,1,8.11927848174687,NA,NA,NA,NA,0.559826925624656,22.4679237207589,NA,0,0,0,0,0,0,2.05633303495116,NA
"Pterocarpus_rohrii","Pterocarpus","Fabaceae","Fabales",1,28.5,0.079510001,NA,23.12,22.25,8.88,NA,NA,NA,NA,NA,NA,NA,NA,26.39583397,2496,9.17,-79.85,23.12,5.42561501345948,0.610992681695888,NA,NA,NA,0,1,7.74586822979227,NA,NA,0.000273435997362457,NA,0.586864261793176,21.4127378892734,NA,0,0,0,0,0,0,1.45484486000851,-3.56314431190874
"Pterocarya_rhoifolia","Pterocarya","Juglandaceae","Fagales",0,116.475,0.07961184225,0.02,12.13,20.405,7.3175,NA,12.13,20.405,11.8975,17.16,0,149.5,NA,4.9458334445,1994,36.76505,139.42475,12.1425,3.89403235650392,0.533002179979325,20.405,17.16,149.5,8.88333625633984,1.18871609259966,7.06390974802229,0.171890361281742,2.1483529367419,0.000442223925215164,NA,0.361837775684894,34.9692641450334,0.2325,0.0114521787956819,0.013676767814421,0.0201774697426556,0.00157065493107252,13.2325202932892,7.44903177272765,2.06623271912026,-3.35435776490556
"Pterocymbium_oceanicum","Pterocymbium","Malvaceae","Malvales",1,100.05,0.1445323585,1.595,93.64,43.72,18.12,NA,NA,NA,NA,NA,NA,NA,NA,25.32083321,2450,-16.633333,179.083333,95.235,10.9991675616691,0.608955748687608,NA,NA,NA,0,1,9.15696691161729,NA,NA,0.00022131749984488,NA,0.61555940226959,20.4344048116831,NA,0,0,0,0,0,0,2.00021709297223,-3.65498424452017
"Pterospermum_stapfianum","Pterospermum","Malvaceae","Malvales",1,NA,NA,NA,170.665,55.415,21.28,NA,NA,NA,NA,NA,NA,NA,NA,24.77499962,2225,5.016667,117.8125,170.665,14.7341150322744,0.69238168074133,NA,NA,NA,0,1,9.74300000994267,NA,NA,NA,NA,0.697746519523917,18.0099386780523,NA,0,0,0,0,0,0,NA,NA
"Pterostyrax_hispida","Pterostyrax","Styracaceae","Ericales",0,19.55,0.041376629,0.115,48.65,31.505,12.205,NA,48.65,31.505,48.425,29.715,0,51,NA,6.700000286,1960,36.7198,139.4699,48.765,7.4936715330655,0.603908577886586,31.505,29.715,51,1.971814388876,1.05342009228265,8.28003299688567,0.0517712248718114,0.556614744200431,4.38921350132427e-05,NA,0.547585213473326,23.0279279525257,0.224999999999994,0.00664448885712254,0.00704014258516613,0.00495140769325965,0.00513709677419341,1.81021683867002,1.89314144341106,1.29114676173189,-4.35761329357019
"Pultenaea_daphnoides","Pultenaea","Fabaceae","Fabales",1,108.9510155,0.0675671893333333,0.0666666666666667,3.07001666683333,12.0666666666667,4.94333333333333,NA,NA,NA,NA,NA,NA,NA,NA,17.102083205,1213,-33.655233335,151.17985835,3.10335000016667,1.88022879015548,0.505150565027064,NA,NA,NA,0,1,5.50802927699749,NA,NA,0.00197689674138553,NA,0.417443487598326,30.2098826292105,NA,0,0,0,0,0,0,2.03723128253079,-2.70401601445852
"Pultenaea_flexilis","Pultenaea","Fabaceae","Fabales",1,111.1468458,0.0471614045,0.02,1.02608333333333,7.60333333333333,3.25,NA,NA,NA,NA,NA,NA,NA,NA,17.102083205,1213,-33.655233335,151.17985835,1.03608333333333,1.055828808199,0.457950507691636,NA,NA,NA,0,1,4.2809717728098,NA,NA,0.00301698367781797,NA,0.376240245625222,34.2788081829233,NA,0,0,0,0,0,0,2.04589714250877,-2.52042703939504
"Pultenaea_juniperina","Pultenaea","Fabaceae","Fabales",NA,130.2729529,0.06,NA,0.1612,NA,NA,NA,NA,NA,NA,NA,NA,NA,NA,11.64166667,959.4,-42.90863333,155.6333333,0.1612,0.453041073867821,NA,NA,NA,NA,NA,NA,2.78006073707848,NA,NA,0.0223325062034739,NA,NA,NA,NA,NA,NA,NA,NA,NA,NA,2.11485425741954,-1.65106253670178
"Pultenaea_obcordata","Pultenaea","Fabaceae","Fabales",NA,94.60442873,0.0775,NA,0.9619,NA,NA,NA,NA,NA,NA,NA,NA,NA,NA,11.64166667,959.4,-42.90863333,155.6333333,0.9619,1.10667480231582,NA,NA,NA,NA,NA,NA,4.56632540216452,NA,NA,0.00624415219877326,NA,NA,NA,NA,NA,NA,NA,NA,NA,NA,1.97591146756438,-2.20452651972208
"Qualea_acuminata","Qualea","Vochysiaceae","Myrtales",1,NA,NA,NA,13.3,17.03,6.91,NA,NA,NA,NA,NA,NA,NA,NA,26.97500038,2237,-3,-58.97,13.3,4.11510460923871,0.595528887009943,NA,NA,NA,0,1,7.1929342212158,NA,NA,NA,NA,0.576278223986537,21.8060827067669,NA,0,0,0,0,0,0,NA,NA
"Quararibea_asterolepis","Quararibea","Malvaceae","Malvales",1,NA,0.139703838,NA,26.84,25.19,10.37,NA,NA,NA,NA,NA,NA,NA,NA,26.39583397,2496,9.17,-79.85,26.84,5.8458317954498,0.563725341894869,NA,NA,NA,0,1,7.89506349809157,NA,NA,0.000727167002679964,NA,0.531540108260823,23.6414344262295,NA,0,0,0,0,0,0,NA,-3.13836583671561
"Quararibea_wittii","Quararibea","Malvaceae","Malvales",NA,45.5086935,0.25,NA,93.38875,NA,NA,NA,NA,NA,NA,NA,NA,NA,NA,24.88333333,3432.6,-12.5717,-70.09258333,93.38875,10.9044142223865,NA,NA,NA,NA,NA,NA,9.14194107428944,NA,NA,0.000669245492631607,NA,NA,NA,NA,NA,NA,NA,NA,NA,NA,1.65809436761175,-3.17441454510452
"Quassia_amara","Quassia","Simaroubaceae","Sapindales",1,57.4,0.116504479,NA,26.45,25.72,10.93,NA,NA,NA,NA,NA,NA,NA,NA,26.39583397,2496,9.17,-79.85,26.45,5.80320480064637,0.530942799693172,NA,NA,NA,0,1,7.8804263442924,NA,NA,0.000513168001023117,NA,0.502450880806641,25.0101474480151,NA,0,0,0,0,0,0,1.75891189239797,-3.28974043221207
"Quassia_baileyana","Quassia","Simaroubaceae","Sapindales",1,NA,NA,0.26,144.66,62.35,25.69,NA,NA,NA,NA,NA,NA,NA,NA,23.6875,3054,-16.144616,145.430116,144.92,13.5837356725983,0.528755767714998,NA,NA,NA,0,1,9.58135205201497,NA,NA,NA,NA,0.467611743230605,26.8735137563943,NA,0,0,0,0,0,0,NA,NA
"Quercus_acuta","Quercus","Fagaceae","Fagales",0.75,134.4,0.13949857725,0.2125,17.8725,19.86,8.215,NA,13.41,18.66,13.4,18.61,0,0.5,0,14.191666605,3319.5,30.305,130.5849,18.085,4.69684287993701,0.57158213124313,18.66,18.61,0.5,0.0134336378291241,1.00067168189146,7.41639027171475,0.00134156238251922,-2.92369907065416,0.00118842103623708,NA,0.545299882778743,23.2793957571247,0.00499999999999989,0.000133976420150051,0.000134336378291238,0.000186428038777028,0.00249999999999995,0.0186428038777032,0.0133976420150054,2.12839926871781,-2.92502966935506
"Quercus_agrifolia","Quercus","Fagaceae","Fagales",0,137,0.1555192525,0.08,10.96,14.745,4.995,NA,10.96,14.745,10.615,13.09,0,10,1,14.19999981,707,36.98846587,-121.9209016,11.04,3.62892494875277,0.741939740659837,14.745,13.09,10.5,0.973702994957779,1.15268222363971,6.87171019740892,0.138745410615191,-0.281473687444237,0.00259185252523369,NA,0.580556254819139,21.9890579481793,0.345000000000001,0.0256031230641471,0.0305412540752891,0.046358543417367,0.0370238095238096,1.52310924369748,0.806513479769318,2.13672056715641,-2.58638971317927
"Quercus_alba","Quercus","Fagaceae","Fagales",0.8,59.6583333333333,0.121938489633333,0.195132575757576,61.9531666666667,52.3216666666667,14.46575,NA,94.0483333333333,69.2633333333333,93.76,69.2983333333333,0,3.69444444444444,0,11.0766666898,1154.4,39.8724127,-75.7143938,62.1056666666667,8.63951751655894,0.596559432776748,69.2633333333333,69.2983333333333,3.69444444444444,0.0171582275871619,1.00728837737971,8.61869007707712,0.0235962546761401,-3.11901782731175,0.000282400780676002,NA,0.295050222763224,49.6124209332765,0.221944444444443,0.000966048517656062,0.00100387991547272,0.000882151298426527,0.0128380952380951,0.0115768327564873,0.0162886997208667,1.77567111637021,-3.54913410704371
"Quercus_calliprinos","Quercus","Fagaceae","Fagales",NA,175.4084346,0.1,NA,4.15435,NA,NA,NA,NA,NA,NA,NA,NA,NA,NA,19.275,531.4,32.098658335,34.936058335,4.15435,2.27617169967072,NA,NA,NA,NA,NA,NA,5.98742619828892,NA,NA,0.00249527459743939,NA,NA,NA,NA,NA,NA,NA,NA,NA,NA,2.24405047279379,-2.60288165461352
"Quercus_canariensis","Quercus","Fagaceae","Fagales",0,109.5563057,0.1192147205,0.34,29.788583335,29.25,9.23,NA,31.27,29.25,31.19,29.15,0,2,NA,16.12916756,784,36.416864,-5.581529,29.958583335,6.1737715143316,0.687330484553987,29.25,29.15,2,0.0686106346483705,1.00343053173242,8.00346445500794,0.00342466088136417,-2.67930773223656,0.000487373920744884,NA,0.45928895797912,27.3604892868564,0.0799999999999983,0.00273504273504268,0.00274442538593476,0.00255836264790529,0.0399999999999991,0.0639590661976335,0.0683760683760684,2.03963737917562,-3.31213771351734
"Quercus_coccinea","Quercus","Fagaceae","Fagales",0,76.4083333333333,0.134754157944444,0.918333333333333,114.64,78.9711111111111,17.0772222222222,NA,114.64,78.9711111111111,113.403333333333,75.2866666666667,0,9.44444444444444,NA,12.43611145,1119,38.8433333333333,-77.17,115.135555555556,11.6475432776643,0.678409115088519,78.9711111111111,75.2866666666667,9.44444444444444,0.130589999225675,1.04340343739179,9.18670051318822,0.0421759356522018,-2.05402002001087,0.00020973848868686,NA,0.223573675174397,59.7561109258212,1.23666666666667,0.0116106587511948,0.0124897177938756,0.00826853585187226,0.100656167906168,0.107622255356147,0.125262034748496,1.88314072668196,-3.67832186571721
"Quercus_douglasii","Quercus","Fagaceae","Fagales",0,130.7,0.1534760085,0.055,7.86,14.815,5.34,NA,7.86,14.815,6.225,12.31,0,8.5,NA,14.34999943,1087,38.75029519,-120.7736245,7.915,3.17052188559327,0.593850980657422,14.815,12.31,8.5,0.690495532087734,1.20349309504468,6.66885994413224,0.185166216579713,-0.372078880688335,0.00300438401857689,NA,0.449164172476873,28.1560369547724,1.635,0.110213162487412,0.132818846466288,0.207379505263365,0.194513888888889,1.09928753213956,0.57418993242412,2.11627558758054,-2.5222445568577
"Quercus_falcata","Quercus","Fagaceae","Fagales",0.5,122.2,0.136759691666667,0.126666666666667,29.3933333333333,35.9033333333333,10.8433333333333,NA,25.34,35.44,25.265,34.545,0,2,0,20.36249924,1305,29.6,-82.2,29.52,6.07107454866953,0.562058647389789,35.44,34.545,2,0.0509634290881203,1.01434910312492,7.94965874890575,0.0141252265298732,-2.69272610962378,0.00066399933462561,NA,0.308557243708551,45.1882492984775,0.0499999999999995,0.00120724023184517,0.00124318259877986,0.00171482856604322,0.0153333333333331,0.0700379107142222,0.049560542592475,2.08707120590654,-3.17783235582561
"Quercus_garryana","Quercus","Fagaceae","Fagales",0.166666666666667,156.65,0.118372881,0.095,28.3583333333333,39.17,8.26833333333333,NA,29.865,40.86,29.2166666666667,39.6883333333333,0,4.33333333333333,0,10.6194445303333,1161.66666666667,44.69944296,-122.390555866667,28.4533333333333,5.70783197446922,0.690560618565463,40.86,39.6883333333333,4.33333333333333,0.180939231217036,1.02733729272379,7.71387584357795,0.0268695063435153,-2.22400838548447,0.000557732331664208,NA,0.22188183693472,59.2457540015222,0.465,0.0115587860178117,0.011950629568321,0.0188324907338324,0.16474537037037,0.409185691944727,0.174714458999974,2.19493039921772,-3.25357417878913
"Quercus_hemisphaerica","Quercus","Fagaceae","Fagales",0.833333333333333,112.922222222222,0.0833790446666667,0.0261111111111111,8.03333333333333,13.92,5.91333333333333,NA,5.2,12.25,5.16,11.65,0,1.33333333333333,0,19.3069438966667,1280.66666666667,31.1266666666667,-81.26,8.05333333333333,3.14418749393832,0.531798228644064,12.25,11.65,1.33333333333333,0.0382546174800945,1.01152646103086,6.61477579850506,0.0336976400118684,-1.76078630511856,0.000940139578320743,NA,0.499688300916141,25.3105848741055,0.0266666666666667,0.000735453371165554,0.000775107506967923,0.00176534655394651,0.00444444444444445,0.086235810995978,0.0363571581790881,2.05277941613936,-3.02680766385305
"Quercus_ilicifolia","Quercus","Fagaceae","Fagales",0.5,59.8666666666667,0.116125946,0.18,54.1133333333333,36.9933333333333,12.0866666666667,NA,66.31,42.08,66.29,42.05,0,0.333333333333333,0,19.07916641,1198,31.86,-82.11,54.2933333333333,8.24111593532689,0.683353303926686,42.08,42.05,0.333333333333333,0.00792707094728498,1.00023781212842,8.56272150283271,0.000237727336832461,-3.73885938641896,0.000268543334285674,NA,0.50168638262975,25.4472145134505,0.00666666666666534,0.000158428390367522,0.000158541418945668,0.000100537877645383,0.00666666666666534,0.00502689388227015,0.00792141951837769,1.77718507761162,-3.57098562310184
"Quercus_kelloggii","Quercus","Fagaceae","Fagales",0,106,0.1765074265,0.155,55.725,57.585,11.215,NA,55.725,57.585,54.3,51.105,0,17.5,NA,14.34999943,1087,38.75029519,-120.7736245,55.88,8.2461152435921,0.737003023836142,57.585,51.105,17.5,0.347548905260514,1.12673297658444,8.53565497979352,0.119322236788426,-1.05929823370638,0.000567138999536391,NA,0.20147976523333,62.3750196649152,1.425,0.0242689735862471,0.0273453486002564,0.0269985708177587,0.0795833333333332,0.355697117525187,0.308463113760723,2.02530586526477,-3.24631048725625
"Quercus_laevis","Quercus","Fagaceae","Fagales",0,110.8,0.160449335333333,0.253333333333333,89.16,106.14,20.0766666666667,NA,89.16,106.14,87.9666666666667,101.796666666667,0,2.66666666666667,NA,17.19583321,1232,34.18,-79.38,89.4133333333333,10.6420234214505,0.529711226187779,106.14,101.796666666667,2.66666666666667,0.0265225767933672,1.04195377353257,9.08815073980188,0.0410752774802673,-3.6535019397574,0.000291904667233194,NA,0.100428276997899,126.723810865278,1.19333333333334,0.010744283947331,0.0112280337044052,0.0126404611079972,0.440555555555558,0.0302284622686082,0.0254622311431468,2.04453976039241,-3.53475896106742
"Quercus_laurifolia","Quercus","Fagaceae","Fagales",1,109.611111111111,0.102975449333333,0.0344444444444444,12.4472222222222,17.3033333333333,7.44611111111111,NA,NA,NA,NA,NA,NA,NA,NA,21.6138890566667,1250,28.4033333333333,-81.6,12.4816666666667,3.91099489394374,0.525224398740364,NA,NA,NA,0,1,7.05138465112238,NA,NA,0.000919943670416565,NA,0.503297245826377,25.7074857170809,NA,0,0,0,0,0,0,2.03985458014888,-3.03623876436772
"Quercus_lobata","Quercus","Fagaceae","Fagales",0,101.85,0.104534009,0.03,6.97,11.635,3.715,NA,6.97,11.635,6.165,10.195,0,11,NA,14.34999943,1087,38.75029519,-120.7736245,7,2.87718239212445,0.780424817826817,11.635,10.195,11,1.06071678108754,1.14550841970988,6.39748490235816,0.135778944485008,0.0574553680448276,0.00187597198862936,NA,0.612427496245654,20.5922965976331,0.805,0.0686182782302522,0.0785775487223536,0.130544535592613,0.0742380952380952,1.74573023130715,0.926704026343947,2.00796103333618,-2.72677365064487
"Quercus_lyrata","Quercus","Fagaceae","Fagales",0.5,56.7,0.094336392,0.195,51.5033333333333,47.7333333333333,16.1233333333333,NA,43.945,45.475,43.8,45.195,0,1.33333333333333,0,19.07916641,1198,31.86,-82.11,51.6333333333333,7.99736852206642,0.49439946722388,45.475,45.195,1.33333333333333,0.0317749383485686,1.00435713075935,8.4913511916155,0.00434039494908179,-3.25417906177775,0.000202555374106311,NA,0.273579189883186,46.603505316295,0.0966666666666664,0.00214752842509404,0.00216207408561862,0.00244136191208004,0.0655555555555551,0.0396914119163218,0.0315175774878651,1.75358305889291,-3.69345622982547
"Quercus_michauxii","Quercus","Fagaceae","Fagales",0,55.7,0.125548149722222,0.133888888888889,74.4844444444444,40.2305555555556,13.7311111111111,NA,74.4844444444444,40.2305555555556,67.8372222222222,34.5827777777778,0,21.8888888888889,NA,18.30694421,1214,32.48,-81.0733333333333,74.5877777777778,9.39713236697485,0.684806394604236,40.2305555555556,34.5827777777778,21.8888888888889,0.651311100337654,1.15518169985321,8.77231716853511,0.143447436005423,-0.469856068134913,0.0002456620689478,NA,0.548776605272127,23.0680217663602,6.64722222222222,0.148961260908967,0.173999302245057,0.0849221222200219,0.309277995673456,0.355098749346469,0.564415218641085,1.74585519517373,-3.6096618948767
"Quercus_mongolica","Quercus","Fagaceae","Fagales",0,43.3,0.1314653035,0.065,63.23,56.745,15.085,NA,63.23,56.745,56.735,35.87,0,29.5,5,6.700000286,1960,36.7198,139.4699,63.295,8.97490789020099,0.595714528266303,56.745,35.87,34.5,0.961394869715469,1.58034195263196,8.75196532829531,0.455315554223078,-0.0397747118179027,0.00027361597253349,NA,0.253799714715545,51.7612424997819,6.495,0.114540042013109,0.180907981581904,0.10327308948121,0.219954022988506,0.547797722552764,0.60999814933173,1.63648789635337,-3.56285855395235
"Quercus_nigra","Quercus","Fagaceae","Fagales",1,132.863333333333,0.101943773966667,0.0586666666666667,17.0773333333333,19.2503333333333,7.36933333333333,NA,NA,NA,NA,NA,NA,NA,NA,19.88749962,1256.6,30.484,-81.448,17.1293333333333,4.63342379721115,0.634841176367295,NA,NA,NA,0,1,7.41286048982903,NA,NA,0.000643323615882237,NA,0.577312707606741,22.0501976200023,NA,0,0,0,0,0,0,2.12340514401185,-3.19157050571281
"Quercus_palustris","Quercus","Fagaceae","Fagales",0,86.0666666666667,0.1247948245,0.535,50.1033333333333,79.1966666666667,13.0566666666667,NA,50.1033333333333,79.1966666666667,48.8883333333333,72.155,0,19,2,11.722916605,1125,39.7652135,-76.2034775,50.6383333333333,7.7606580656053,0.5920541604334,79.1966666666667,72.155,19.6666666666667,0.283838178706334,1.09725153255814,8.38692592236985,0.0927751929483941,-1.27220710250151,0.00037062891662327,NA,0.0942295353463885,134.292602949608,1.215,0.0141445436375236,0.0155239329298676,0.0236159116331487,0.0604262919045527,0.491818365493521,0.258696539360561,1.93483498321074,-3.4310606998579
"Quercus_phellos","Quercus","Fagaceae","Fagales",1,94.9055555555556,0.100573795722222,0.0422222222222222,13.3188888888889,18.9666666666667,8.45944444444445,NA,NA,NA,NA,NA,NA,NA,NA,17.2513888666667,1189.66666666667,34.0066666666667,-80.1333333333333,13.3611111111111,3.96645084111906,0.464109044718933,NA,NA,NA,0,1,7.03547473801606,NA,NA,0.000982018815593004,NA,0.424106772882421,30.2434511493075,NA,0,0,0,0,0,0,1.97729163578348,-3.00788019100131
"Quercus_prinus","Quercus","Fagaceae","Fagales",0,97.3,0.188892351466667,0.35,61.6446666666667,42.0666666666667,15.0713333333333,NA,61.6446666666667,42.0666666666667,55.5433333333333,35.1826666666667,0,19,NA,9.5066668518,1150.2,41.132,-75.51,61.8546666666667,8.74530368399262,0.582591619686112,42.0666666666667,35.1826666666667,19,0.559011743218509,1.19826614921453,8.67113962629728,0.179554140346091,-0.620132817561454,0.000822000471173127,NA,0.429725352750111,29.8334612305303,6.10133333333334,0.141154556605579,0.169172768977617,0.100277979876256,0.342294272470474,0.347434734520107,0.46571507479089,1.98811284026835,-3.08512793352098
"Quercus_rubra","Quercus","Fagaceae","Fagales",0,71.5333333333333,0.12985202887619,0.243266666666667,56.6130476190476,52.2469523809524,12.6086666666667,NA,56.6130476190476,52.2469523809524,55.9288571428571,49.9131428571429,0,10.9714285714286,1.66666666666667,8.680357185,1094.71428571429,41.6572038571429,-74.8924221428571,56.7832380952381,8.2622207250578,0.655752494336906,52.2469523809524,49.9131428571429,11.5904761904762,0.222358305440449,1.05129576116537,8.52841481248959,0.0493322982227296,-1.69270840907239,0.000344447942625197,NA,0.291607851618051,51.0008925474827,0.684190476190475,0.0144200598497946,0.0156873884876839,0.0144578739412161,0.0649062132099215,0.213937459108438,0.209335182936035,1.85450846291027,-3.46287640492894
"Quercus_salicifolia","Quercus","Fagaceae","Fagales",0,143.1125,0.093637457375,0.14375,13.41375,22.4575,8.35875,NA,13.41375,22.4575,12.95875,19.49875,0,17,NA,14.9114580175,3280,30.314775,130.593525,13.5575,4.10866959087253,0.498208781277095,22.4575,19.49875,17,0.908199136118975,1.1485461923144,7.16476229237822,0.134001796863743,-0.139949519857086,0.000670945762620167,NA,0.343028203868839,38.2654616218534,0.455,0.0190790450331399,0.022486790746912,0.0330923536010592,0.0262990857826384,1.41760372125771,0.787008458707418,2.15567756837848,-3.17331258556396
"Quercus_stellata","Quercus","Fagaceae","Fagales",0.5,58.3666666666667,0.124781767,0.156666666666667,97.72,59.4733333333333,16.9666666666667,NA,80.68,53.51,80.16,53.11,0,0.666666666666667,0,15.47916698,1139,35.98,-78.91,97.8766666666667,11.1094660018908,0.657098843386903,53.51,53.11,0.666666666666667,0.0125525638611686,1.00251051277223,9.16981749728181,0.00250110596296848,-3.27921805387436,0.000159799894745788,NA,0.346674068492784,36.3802193477474,0.173333333333337,0.00323926991839538,0.00326366660390391,0.00214840522227735,0.0866666666666684,0.00826309700875888,0.0124587304553666,1.76616489136378,-3.79642351107546
"Quercus_suber","Quercus","Fagaceae","Fagales",0,142.3732567,0.069666667,0.06,2.9287166665,7.41,3.11,NA,2.92,7.41,2.65,7.3,0,6,NA,16.12916756,784,36.416864,-5.581529,2.9587166665,1.9409034822728,0.626329406197777,7.41,7.3,6,0.821917808219178,1.01506849315069,5.68989992827865,0.0149560911536502,-0.19611487892629,0.00165227392103298,NA,0.668276669451844,18.8041438356164,0.27,0.0364372469635628,0.036986301369863,0.0924657534246575,0.045,2.05479452054795,0.809716599190283,2.15342841936842,-2.78191795185128
"Quercus_veluti","Quercus","Fagaceae","Fagales",0,59.6333333333333,0.156911414,0.303333333333333,160.021666666667,59.8183333333333,17.03,NA,160.021666666667,59.8183333333333,159.401666666667,58.55,0,14,1,10.76458359,1167,40.66,-74.625,160.173333333333,13.0587311788721,0.756902140076257,59.8183333333333,58.55,14.1666666666667,0.273143648750875,1.03288336679063,9.27971126754919,0.0318874465985265,-1.35145570878584,0.000269223444787866,NA,0.442747989831081,29.8890183798869,0.619999999999998,0.00992548166223148,0.0102464322128312,0.00584282312913055,0.0438253968253967,0.18741722026957,0.262728905099273,1.77548908584771,-3.56988712313064
"Quercus_velutina","Quercus","Fagaceae","Fagales",0,65.95,0.079049424,0.205,52.87,55.39,11.27,NA,52.87,55.39,52.54,51.24,0,7.5,NA,10.14999962,1210,41.505367,-72.542433,53.075,8.22044520094313,0.731171001688575,55.39,51.24,7.5,0.147489428534151,1.07889795189932,8.57683270058539,0.0758220188171517,-1.9158085251203,0.000117741000264884,NA,0.229312677727164,59.0254433163082,0.330000000000002,0.00558444765086692,0.00606883206401176,0.00620501146645878,0.0425000000000002,0.141774347190403,0.136862369889121,1.81921479988238,-3.92907227897336
"Quercus_virginiana","Quercus","Fagaceae","Fagales",0.666666666666667,142.131481481481,0.123519369751634,0.0625925925925926,10.347037037037,14.1151851851852,5.51277777777778,NA,13.0975,16.155,13.005,15.95,0,0.666666666666667,0,22.0416666666667,1285.66666666667,27.65,-81.63,10.4096296296296,3.56464410820623,0.64974424914839,16.155,15.95,0.666666666666667,0.0286506187562636,1.00528231795619,6.85806403600766,0.00779282850021755,-2.5952765606109,0.00176422679086131,NA,0.625756419780528,20.3394125971644,0.0616666666666668,0.00264545421796701,0.0027370084137422,0.00339236862102641,0.0233333333333334,0.0350588886136509,0.0280288690822012,2.15269028284942,-2.75344558718115
"Quiina_florida","Quiina","Ochnaceae","Malpighiales",1,66.75,0.068435613,0.1,31.015,28.47,12.515,NA,NA,NA,NA,NA,NA,NA,NA,25.09583282,3334,-0.6859,-76.3953,31.115,6.26291764990959,0.502668226225306,NA,NA,NA,0,1,8.02283559199555,NA,NA,0.000151824499736439,NA,0.480162616397172,26.2628587551933,NA,0,0,0,0,0,0,1.82445127003661,-3.81865814120861
"Quillaja_saponaria","Quillaja","Quillajaceae","Fabales",0,NA,NA,0.07,14.98,16.32,5.65,NA,14.98,16.32,14.77,15.38,0,5,NA,12.13333321,863,-35.8258,-72.5033,15.05,4.37747131895392,0.774773684770606,16.32,15.38,5,0.325097529258778,1.06111833550065,7.31654817718298,0.059323385458463,-1.1236300516434,NA,NA,0.706775308036199,17.7798664886515,0.210000000000001,0.0128676470588236,0.0136540962288687,0.0140186915887851,0.0420000000000002,0.333778371161549,0.306372549019608,NA,NA
"Randia_aculeata","Randia","Rubiaceae","Gentianales",1,132.316666666667,0.0683434328333333,0.0125,3.62666666666667,7.81333333333333,3.10333333333333,NA,NA,NA,NA,NA,NA,NA,NA,24.2374998733333,1743,18.18064,-67.053575,3.635,1.927631422705,0.676061125801558,NA,NA,NA,0,1,5.43464992701796,NA,NA,0.00206482451658872,NA,0.665937195802163,19.4426026118833,NA,0,0,0,0,0,0,2.12161455156074,-2.68511685186017
"Randia_armata","Randia","Rubiaceae","Gentianales",1,NA,0.144691469,NA,85.1,45.39,19.26,NA,NA,NA,NA,NA,NA,NA,NA,26.39583397,2496,9.17,-79.85,85.1,10.4092595921594,0.540459999592907,NA,NA,NA,0,1,9.04899722156742,NA,NA,0.000246012000016192,NA,0.519061788254925,24.2097779083431,NA,0,0,0,0,0,0,NA,-3.60904370828805
"Randia_laevigata","Randia","Rubiaceae","Gentianales",NA,37.99318071,0.11,NA,5.1325,NA,NA,NA,NA,NA,NA,NA,NA,NA,NA,22.23333333,795.3,24.78565,-99.51505,5.1325,2.55634543114839,NA,NA,NA,NA,NA,NA,6.24076305589904,NA,NA,0.00235752557233317,NA,NA,NA,NA,NA,NA,NA,NA,NA,NA,1.57970565330669,-2.62754358772618
"Randia_thurberi","Randia","Rubiaceae","Gentianales",1,NA,0.070894718,NA,5.72,10.33,4.02,NA,NA,NA,NA,NA,NA,NA,NA,25.19583321,942,19.5,-105.05,5.72,2.69869045944234,0.67131603468715,NA,NA,NA,0,1,6.3491389913798,NA,NA,0.000878682000052364,NA,0.673604918747494,18.6554020979021,NA,0,0,0,0,0,0,NA,-3.05616827010267
"Rapanea_myricifolia","Rapanea","Primulaceae","Ericales",1,123.45,0.121407734,0.08,15.735,18.58,7.685,NA,NA,NA,NA,NA,NA,NA,NA,24.46666718,2982,-16.75001585,179.0199514,15.775,4.46338959274111,0.580298009655931,NA,NA,NA,0,1,7.34718136585155,NA,NA,0.00113909102588986,NA,0.567128397529682,22.1655913349484,NA,0,0,0,0,0,0,2.09149109426795,-2.94344156963283
"Readea_membranacea","Readea","Rubiaceae","Gentianales",1,51.85,0.1214665715,0.35,84.4,43.845,18.205,NA,NA,NA,NA,NA,NA,NA,NA,25.32083321,2450,-16.633333,179.083333,84.75,10.2418351052571,0.559879357496411,NA,NA,NA,0,1,8.98743395973064,NA,NA,0.000189271407320926,NA,0.534104872991367,23.5460884352777,NA,0,0,0,0,0,0,1.71474876072506,-3.72291498868092
"Reinwardtiodendron_humile","Reinwardtiodendron","Meliaceae","Sapindales",1,NA,NA,NA,17.23,22.99,10.38,NA,NA,NA,NA,NA,NA,NA,NA,24.77499962,2225,5.016667,117.8125,17.23,4.67847370245391,0.451248178021545,NA,NA,NA,0,1,7.44727170721316,NA,NA,NA,NA,0.409363788505876,30.7147858019133,NA,0,0,0,0,0,0,NA,NA
"Reynosia_uncinata","Reynosia","Rhamnaceae","Rosales",1,92.55,0.0433655435,0.0125,0.91,4.1475,1.22,NA,NA,NA,NA,NA,NA,NA,NA,25.577082635,997,17.952397485,-66.900190145,0.9225,1.0809049789305,0.885832361745701,NA,NA,NA,0,1,4.51386857753235,NA,NA,0.00230270497808284,NA,0.689058674242365,19.2045123465521,NA,0,0,0,0,0,0,1.96637642308892,-2.63776170015912
"Rhamnus_purshiana","Rhamnus","Rhamnaceae","Rosales",0,95.65,0.1790171355,0.08,22.055,20.57,7.565,NA,22.055,20.57,21.865,19.595,0,57,NA,10.32499981,2476,45.04166464,-123.9666669,22.135,5.22602207170148,0.688758913919502,20.57,19.595,57,2.8959774771299,1.05000289359294,7.63846315306547,0.0487919430442668,1.06296587204728,0.00154272361335522,NA,0.631679673227181,19.9097665264618,0.19,0.00933202882744169,0.00979950080163243,0.0094427735572868,0.00339194373401535,2.74306963880301,2.75817454716537,1.98068497436331,-2.81171187299474
"Rhamnus_sphaerosperma","Rhamnus","Rhamnaceae","Rosales",0,177.15,0.0735766485,0.06,7.665,12.345,4.735,NA,7.665,12.345,7.495,11.755,0,53.5,NA,18.68333435,1961,18.1702,-66.5703,7.725,3.12073636327455,0.658274694126658,12.345,11.755,53.5,4.58571612063253,1.04943791032838,6.62975660777578,0.0482238752548101,1.5195584739784,0.000705159496890371,NA,0.625559407555454,20.0883415091464,0.17,0.0136641607863304,0.0143485393842264,0.0222820442840787,0.00317260656883297,7.25393697298792,4.37277664971928,2.2483411566692,-3.15171264076038
"Rhaphiolepis_indica","Rhaphiolepis","Rosaceae","Rosales",0,139.75,0.145746867,0.34,24.01,21.765,9.015,NA,24.01,21.765,23.69,21.455,0,12.5,NA,19.19166565,3068,30.3492,130.6644,24.35,5.56566512933974,0.618271374584641,21.765,21.455,12.5,0.582168865251925,1.01444950640457,7.79597463066688,0.0143461025088961,-0.547458579193508,0.00088290573375094,NA,0.637506458760793,19.815647515239,0.32,0.0147154007796591,0.0149282201018475,0.0132756865229257,0.0263636363636364,0.526151608883207,0.57388289744734,2.14535181655846,-3.05408566278396
"Rhaphithamnus_spinosus","Rhaphithamnus","Verbenaceae","Lamiales",0.625,NA,NA,0.0125,1.02,4.13375,1.65,NA,0.65,3.56,0.6375,3.45,0,1.5,0,10.74895835125,1243,-37.47295,-72.933725,1.0325,1.12284123050231,0.678772130979916,3.56,3.45,1.5,0.215305776785983,1.01010935784311,4.55307081884959,0.0198937988024983,-0.544698325310335,NA,NA,0.715544484905099,17.7384420749743,0.00749999999999998,0.00103647449763315,0.00107316707231687,0.00584415584415583,0.001875,1.13386613386613,0.207943738969148,NA,NA
"Rhodamnia_cinerea","Rhodamnia","Myrtaceae","Myrtales",1,91.8,0.154294316,0.065,46.66,31.74,12.975,NA,NA,NA,NA,NA,NA,NA,NA,26.72083282,2181,2.409143,101.850166,46.725,7.7130137195451,0.594991321713886,NA,NA,NA,0,1,8.44939786426306,NA,NA,0.000504379998938726,NA,0.582768707755702,21.5955030391544,NA,0,0,0,0,0,0,1.96284268120124,-3.29724214359533
"Rhodamnia_sessiliflora","Rhodamnia","Myrtaceae","Myrtales",1,NA,NA,0.07,44.95,32.37,13.38,NA,NA,NA,NA,NA,NA,NA,NA,23.6875,3054,-16.144616,145.430116,45.02,7.57107946755131,0.565850483374537,NA,NA,NA,0,1,8.41227702146668,NA,NA,NA,NA,0.539081168776191,23.3107208008899,NA,0,0,0,0,0,0,NA,NA
"Rhododendron_azalea","Rhododendron","Ericaceae","Ericales",1,98.9,0.0448949895,0.02,2.265,7.725,2.74,NA,NA,NA,NA,NA,NA,NA,NA,9.699999809,3085,47.58332956,-124.3000024,2.285,1.70360879053273,0.622084373700082,NA,NA,NA,0,1,5.42666455396068,NA,NA,0.000907179127143612,NA,0.475992615971742,26.4008942761605,NA,0,0,0,0,0,0,1.99519629159718,-3.04230695081298
"Rhododendron_groenlandicum","Rhododendron","Ericaceae","Ericales",1,452.933333333333,0.125640427333333,0.163333333333333,11.7433333333333,15.4466666666667,6.43,NA,NA,NA,NA,NA,NA,NA,NA,10.23750019,1143,40.63,-75.85,11.9066666666667,3.87291926809918,0.601098721686503,NA,NA,NA,0,1,7.0611269936255,NA,NA,0.00138111538853164,NA,0.610791964020815,20.5921384943627,NA,0,0,0,0,0,0,2.65603428347833,-2.8597700357522
"Rhododendron_maximum","Rhododendron","Ericaceae","Ericales",1,194.233333333333,0.284423029,0.68,40.5866666666667,31.2833333333333,13.2116666666667,NA,NA,NA,NA,NA,NA,NA,NA,8.406250238,1149.5,41.255,-77.275,40.9266666666667,7.0424602501764,0.539007573847686,NA,NA,NA,0,1,8.20987411678613,NA,NA,0.00229815716913432,NA,0.510676503906473,24.933501218323,NA,0,0,0,0,0,0,2.28832376337049,-2.63862027357912
"Rhododendron_metterniachii var. yakushimanum","Rhododendron","Ericaceae","Ericales",1,710.85,0.1496207755,0.19,8.665,15.42,6.82,NA,NA,NA,NA,NA,NA,NA,NA,12.07083321,3413,30.2999,130.5399,8.855,3.32040361612545,0.486586006529844,NA,NA,NA,0,1,6.74089227350554,NA,NA,0.00273534998681318,NA,0.447285591442416,28.0962364158578,NA,0,0,0,0,0,0,2.85177796775508,-2.56298709798968
"Rhododendron_periclymenoides","Rhododendron","Ericaceae","Ericales",1,139.433333333333,0.175963622,0.16,9.88333333333333,16.8816666666667,7.40666666666667,NA,NA,NA,NA,NA,NA,NA,NA,10.76458359,1167,40.66,-74.625,9.96333333333333,3.51464105145932,0.471413337664452,NA,NA,NA,0,1,6.85016688682562,NA,NA,0.00235865291404341,NA,0.421470927424476,30.408736912247,NA,0,0,0,0,0,0,2.14436660986097,-2.62733596272016
"Rhododendron_ponticum","Rhododendron","Ericaceae","Ericales",1,NA,0.337418017,0.545,33.035,27.7,12.1,NA,NA,NA,NA,NA,NA,NA,NA,16.12916756,784,36.416864,-5.581529,33.58,6.52116745035953,0.539308544147672,NA,NA,NA,0,1,8.10829505958356,NA,NA,0.00295793500120063,NA,0.538394578026742,23.3410084785308,NA,0,0,0,0,0,0,NA,-2.52901137358796
"Rhododendron_prinophyllum","Rhododendron","Ericaceae","Ericales",1,44.5333333333333,0.0808247636666667,0.0466666666666667,7.53666666666667,14.4166666666667,6.2,NA,NA,NA,NA,14.4166666666667,NA,NA,NA,7.199999809,1105,42.5,-72.2,7.58333333333333,3.09706586160872,0.503409188305775,NA,14.4166666666667,NA,0,1,6.61762882092841,NA,NA,0.000867708667913744,NA,0.459761050553469,28.0359344555075,NA,0,0,0,0,0,0,1.64868520341986,-3.06162606417283
"Rhododendron_tashiroi","Rhododendron","Ericaceae","Ericales",0.25,111.1375,0.09967166575,0.0816666666666667,10.5358333333333,16.2420833333333,6.53875,NA,7.35,14.245,7.24666666666667,13.6983333333333,0,76.3333333333333,NA,14.9114580175,3280,30.314775,130.593525,10.6175,3.51167587825265,0.536225378740807,14.245,13.6983333333333,76.3333333333333,4.46793985067989,1.02863145956858,6.80369124919406,0.0373066019967079,1.53961482470353,0.00126446462513607,NA,0.462032133121951,27.7427929090232,0.103333333333333,0.00493033128629624,0.00517529295080295,0.00968016888727601,0.00234169458142829,8.79329695823823,4.32737158184036,2.0458606232536,-2.89809331604129
"Rhus_ambiqua","Rhus","Anacardiaceae","Sapindales",1,39.25,0.098614617,0.11,52.755,29.585,11.02,NA,NA,NA,NA,NA,NA,NA,NA,6.700000286,1960,36.7198,139.4699,52.865,8.11149426676374,0.734565265518136,NA,NA,NA,0,1,8.52689889817981,NA,NA,0.000189288498939577,NA,0.738693643527991,17.015092369339,NA,0,0,0,0,0,0,1.59383966108127,-3.72287577271775
"Rhus_copallinum","Rhus","Anacardiaceae","Sapindales",1,70.5625,0.085141281,0.02,6.70083333333333,12.2470833333333,5.26458333333333,NA,NA,NA,NA,NA,NA,NA,NA,18.8687498575,1229.75,31.735,-80.46,6.7025,2.77068066414973,0.548817477426362,NA,NA,NA,0,1,6.30415911236327,NA,NA,0.00111251167134046,NA,0.538002174947887,24.2124892208915,NA,0,0,0,0,0,0,1.84857395926904,-2.95369542414733
"Rhus_typhi","Rhus","Anacardiaceae","Sapindales",0,NA,NA,NA,25.13,32.39,13.28,NA,25.13,32.39,24.01,29.58,0,32,NA,6.575000286,1156,41.88,-78.7,25.13,5.65654574446231,0.425944709673367,32.39,29.58,32,1.08181203515889,1.09499661933739,7.82923253754359,0.0907512759005842,0.0786374455170728,NA,NA,0.301009676219392,41.7473975328293,1.12,0.0345785736338375,0.0378634212305611,0.0445682451253481,0.0349999999999999,1.27337843215281,0.987959246681074,NA,NA
"Rhus_typhina","Rhus","Anacardiaceae","Sapindales",0,NA,0.204975626,NA,16.54,28.25,9.59,NA,16.54,28.25,15.41,22.07,0,52,2,11.59166718,1075,39.92,-76.75,16.54,4.58905023615122,0.478524529317124,28.25,22.07,54,2.44676030811056,1.28001812415043,7.41095187558364,0.246874237323805,0.894764826295629,0.00254020600085199,NA,0.260440466707182,48.250453446191,1.13,0.04,0.0512007249660172,0.0683192261185006,0.0217307692307692,3.26481257557437,1.91150442477876,NA,-2.59513106235425
"Ribes_bracteosum","Ribes","Grossulariaceae","Saxifragales",0,34.55,0.0903343565,0.74,25.66,50.675,8.87,NA,25.66,50.675,24.265,40.695,0,129.5,5,7.320833206,3540,55.32333333,-131.595,26.4,5.77184830842822,0.64925093450729,50.675,40.695,134.5,3.35721413378822,1.246131945059,7.8605659518305,0.220020146911746,1.19963142045775,0.000316223968282102,NA,0.124600524041452,100.859321412767,1.395,0.0273543839100067,0.0340715050793874,0.0545901472407447,0.0109333453108157,5.4715865089662,2.69141652156482,1.53844805171022,-3.5000052156873
"Ribes_hudsonianum","Ribes","Grossulariaceae","Saxifragales",0,58.75,0.1485707045,0.52,33.49,38.825,8.525,NA,33.49,38.825,31.49,30.175,0,56,1,1.116666555,717,62.29077997,-150.2042104,34.01,6.56502480467789,0.77255697217039,38.825,30.175,57,1.90887578963744,1.29657181741721,8.12238952475134,0.258028883397258,0.643358937042383,0.000687327997642456,NA,0.278010064785395,45.2041041163769,2,0.0518334649170436,0.0675331528703208,0.060977804962664,0.0358362647905341,1.72277549607367,1.47043128595484,1.76900787094377,-3.16283596516416
"Ribes_punctatum","Ribes","Grossulariaceae","Saxifragales",0,NA,NA,0.2,15.5133333333333,22.4216666666667,5.62833333333333,NA,15.5133333333333,22.4216666666667,14.4633333333333,18.4233333333333,0,32.6666666666667,2,11.3458334633333,1059.66666666667,-36.5497,-72.7955,15.7,4.19844424694585,0.740449758441795,22.4216666666667,18.4233333333333,33,1.95938900378372,1.20287936037455,7.11779387636514,0.183985077947416,0.647253687881714,NA,NA,0.400262902785537,33.8345243146483,1.05,0.0408135248219753,0.0495977801234977,0.0639429586012734,0.0286820489844684,2.82545868608242,1.63647013389617,NA,NA
"Ribes_rubrum","Ribes","Grossulariaceae","Saxifragales",NA,49.50834719,0.0867,NA,15.35372,NA,NA,NA,NA,NA,NA,NA,NA,NA,NA,16.12916756,784,36.416864,-5.581529,15.35372,4.42142097778431,NA,NA,NA,NA,NA,NA,7.3365279759373,NA,NA,0.000489581026617654,NA,NA,NA,NA,NA,NA,NA,NA,NA,NA,1.69467842788179,-3.31017542132598
"Richea_pandanifolia","Richea","Ericaceae","Ericales",1,NA,NA,204.56,470.445,220.345,94.11,NA,NA,NA,NA,NA,NA,NA,NA,8.220832825,2634,-41.8,145.6,675.005,29.2298421837728,0.310868465170569,NA,NA,NA,0,1,11.1080467902734,NA,NA,NA,NA,0.121755177260764,103.943566680002,NA,0,0,0,0,0,0,NA,NA
"Richea_scoparia","Richea","Ericaceae","Ericales",1,NA,NA,0.89,0.7,7.09,3.025,NA,NA,NA,NA,NA,NA,NA,NA,8.220832825,2634,-41.8,145.6,1.59,1.4228319915327,0.470574955653199,NA,NA,NA,0,1,5.06890420222023,NA,NA,NA,NA,0.174894181685375,71.8555364455364,NA,0,0,0,0,0,0,NA,NA
"Richeria_racemosa","Richeria","Phyllanthaceae","Malpighiales",1,41.4,0.157112115,0.1,122.15,55.055,23.86,NA,NA,NA,NA,NA,NA,NA,NA,25.08749962,3338,-0.7,-76.3953,122.25,12.4652382991045,0.522886810223259,NA,NA,NA,0,1,9.4077453939706,NA,NA,0.000201915999639235,NA,0.50661364014838,24.8303397959184,NA,0,0,0,0,0,0,1.6170003411209,-3.69482926659511
"Rinorea_anguifera","Rinorea","Violaceae","Malpighiales",0,36.85,NA,NA,46.925,39.225,15.875,NA,46.925,39.225,46.58,37.32,0,58,NA,25.29166603,2035,2.917,102.25,46.925,7.71535623256424,0.485689644429383,39.225,37.32,58,1.5612472468229,1.05068524158841,8.44632762343383,0.0494213071170827,0.441699765850771,NA,NA,0.381764534353329,32.9169685586488,0.344999999999999,0.00872801243170186,0.00917821695496306,0.00729135997165237,0.0059940476190476,1.25966728803038,1.48683697166017,1.56643749219507,NA
"Rinorea_lindeniana","Rinorea","Violaceae","Malpighiales",0,66.3,0.0864065115,0.05,41.175,29.505,12.48,NA,41.175,29.505,40.395,29.15,0,20.5,NA,25.09583282,3334,-0.6859,-76.3953,41.225,7.21100182402731,0.577661464898166,29.505,29.15,20.5,0.710895748584191,1.01175615416463,8.30533885413048,0.0116773615695763,-0.348051404192789,0.00018836249994783,NA,0.588734977328488,21.3447207706931,0.780000000000001,0.0267853788407619,0.0270837606399344,0.0198200348881572,0.0380357142857143,0.51950899292607,0.703019733439704,1.82151352840477,-3.72500555423302
"Rinorea_sylvatica","Rinorea","Violaceae","Malpighiales",0,55.2,0.128769112,NA,32.05,24.92,10.07,NA,32.05,24.92,31.88,24.8,0,23,NA,26.39583397,2496,9.17,-79.85,32.05,6.38806131848795,0.634365572838922,24.92,24.8,23,0.92741935483871,1.00483870967742,8.07246736935477,0.00482704074831594,-0.0753494372417868,0.000517363001724448,NA,0.648547548286477,19.3761747269891,0.169999999999998,0.00682182985553765,0.00685483870967734,0.00530421216848668,0.00739130434782601,0.717628705148206,0.922953451043339,1.7419390777292,-3.28620463229022
"Robinia_pseudoacacia","Robinia","Fabaceae","Fabales",1,59.5,0.0678961080833333,0.0183333333333333,9.09833333333333,11.8858333333333,4.50416666666667,NA,NA,NA,NA,NA,NA,NA,NA,10.8708334,1142.5,40.71185,-74.6484915,9.1075,3.17009260190911,0.695995805829243,NA,NA,NA,0,1,6.4864267976962,NA,NA,0.000777903938896927,NA,0.689003948974933,18.3649741606559,NA,0,0,0,0,0,0,1.77451696572855,-3.10907402946629
"Rochefortia_acanthophora","Rochefortia","Ehretiaceae","Boraginales",1,148.95,NA,0.01,0.8,6.445,1.56,NA,NA,NA,NA,NA,NA,NA,NA,25.97916603,837,17.934795,-66.929542,0.81,1.01505697163204,0.652894138069381,NA,NA,NA,0,1,4.39254031826992,NA,NA,NA,NA,0.243604211019183,52.3710078431373,NA,0,0,0,0,0,0,2.17304050755106,NA
"Rockinghamia_angustifolia","Rockinghamia","Euphorbiaceae","Malpighiales",1,NA,NA,0.26,56.74,41.17,18.26,NA,NA,NA,NA,NA,NA,NA,NA,23.6875,3054,-16.144616,145.430116,57,8.51907589177983,0.466543038980275,NA,NA,NA,0,1,8.64822145382264,NA,NA,NA,NA,0.420666048007571,29.8725572788157,NA,0,0,0,0,0,0,NA,NA
"Rondeletia_inermis","Rondeletia","Rubiaceae","Gentianales",1,110.925,0.08828191175,0.04,9.02,12.0325,4.37,NA,NA,NA,NA,NA,NA,NA,NA,23.24791622,2085.5,18.28985,-66.9803,9.06,3.34303866481645,0.768936195467982,NA,NA,NA,0,1,6.74700582884638,NA,NA,0.000956191330135937,NA,0.759010061535058,16.560856577175,NA,0,0,0,0,0,0,2.04502943738859,-3.01945519840554
"Rondeletia_portoricensis","Rondeletia","Rubiaceae","Gentianales",1,195.6,0.19603224875,0.28,46.2525,33.385,11.675,NA,NA,NA,NA,NA,NA,NA,NA,19.387500765,2022,18.162098885,-66.68758708,46.5325,7.55436904253983,0.651500119041335,NA,NA,NA,0,1,8.36173339682778,NA,NA,0.000689931752645037,NA,0.546477673023813,24.8495336199278,NA,0,0,0,0,0,0,2.29136885045158,-3.1611938671114
"Roucheria_punctata","Roucheria","Linaceae","Malpighiales",1,NA,NA,NA,33.82,25.19,10.02,NA,NA,NA,NA,NA,NA,NA,NA,26.97500038,2237,-3,-58.97,33.82,6.56208514139699,0.654898716706287,NA,NA,NA,0,1,8.12622252945853,NA,NA,NA,NA,0.669772222853242,18.7621555292726,NA,0,0,0,0,0,0,NA,NA
"Rourea_surinamensis","Rourea","Connaraceae","Oxalidales",1,119.8,0.19541644,0.105,37.02,28.465,11.86,NA,NA,NA,NA,NA,NA,NA,NA,23.96249962,1997,18.4095,-66.9706,37.125,6.84267254585087,0.577540790435239,NA,NA,NA,0,1,8.20037306808953,NA,NA,0.00104312515213782,NA,0.570502283876404,22.0427543793141,NA,0,0,0,0,0,0,2.07845681805329,-2.98166358263565
"Rubus_allegheniensis","Rubus","Rosaceae","Rosales",0,NA,0.1048977035,NA,9.815,18.8,5.66,NA,9.815,18.8,9.27,14.27,0,38,6,9.083333733,1115.5,40.9,-77.725,9.815,3.50734973340223,0.630471683939946,18.8,14.27,44,3.0435102664531,1.32739083088592,6.85731997378965,0.282356478506601,1.1103781572083,0.00114266999792958,NA,0.345006194673735,36.4549790830153,0.545,0.0299915952416137,0.0402030191418773,0.060650406504065,0.0172115384615385,4.48067031690725,2.30368885769174,NA,-2.94207917535387
"Rubus_cissoides","Rubus","Rosaceae","Rosales",0,158.05,NA,0.08,7.41,18.77,7.385,NA,7.41,18.77,7.095,16.42,0,31.5,NA,7.729166508,1681,-39.25,175.933333,7.49,3.0560907758726,0.41851945434784,18.77,16.42,31.5,1.89151137081796,1.1423330813924,6.57657430586825,0.133067060093075,0.634944252612215,NA,NA,0.266892948745536,47.8564072459172,0.315,0.0166699883267374,0.0190447607315807,0.0431247027112731,0.0100923913043478,4.27065165688917,1.65546199546356,2.1987945001756,NA
"Rubus_fruticosus","Rubus","Rosaceae","Rosales",0,NA,0.088916587,NA,29.74,25.245,7,NA,29.74,25.245,28.32,19.35,0,44.5,25.5,12.95416641,949,-40.45,175.216667,29.74,5.35102353526605,0.774564328907931,25.245,19.35,70,4.4246838283223,1.27994090922491,7.32891803836246,0.246277661231394,1.43690387943131,0.000678983494705731,NA,0.483194026216198,26.4567291882021,1.42,0.0480367426776599,0.0620477705024354,0.0630883467714148,0.0264575866188769,6.32640755289091,3.49570339650097,NA,-3.16814078278187
"Rubus_idaeus","Rubus","Rosaceae","Rosales",0,NA,0.166010189,NA,17.04,22.22,7.285,NA,17.04,22.22,16.325,18.68,0,51,10,9.083333733,1115.5,40.9,-77.725,17.04,4.65667594693965,0.64429589652907,22.22,18.68,61,3.32844274551799,1.19146292328497,7.43968494906925,0.174531033653425,1.10778439090303,0.00169491899457661,NA,0.433442835192993,29.0129811439529,0.715000000000001,0.0321662041916261,0.0382702137356309,0.0419539801458621,0.0153659043659044,3.6492435631427,2.75530333859108,NA,-2.77085105324205
"Rubus_laciniatus","Rubus","Rosaceae","Rosales",0,70.85,0.13300012325,0.1475,20,34.7125,7.0875,NA,20,34.7125,19.1975,30.44,0,23.25,NA,10.3291664145,1942,46.63499891,-122.90833295,20.1475,4.38504477664536,0.594099793765472,34.7125,30.44,23.25,0.749930721410023,1.15055188146065,7.00782074722417,0.134221942656136,-0.392408987773275,0.0047483712558664,NA,0.18027929557671,76.4745452405116,0.802499999999999,0.017781697609841,0.022279795552446,0.0326591974356711,0.0231196428571428,1.6343178034579,0.627306479404502,1.85033985458348,-2.32345533266798
"Rubus_leucodermis","Rubus","Rosaceae","Rosales",0,30.9,0.052138621,0.055,15.115,22.65,6.83,NA,15.115,22.65,14.26,17.32,0,45.5,5.5,8.912500381,1108,45.51332676,-121.5666709,15.17,4.36194652774984,0.636930106002804,22.65,17.32,51,3.02272127101152,1.31260744908463,7.29416518886543,0.271348390006664,1.07269668741445,0.000182720998876192,NA,0.363052839378527,35.10840260515,0.855000000000001,0.0372583281277743,0.0485461027307562,0.0563002418781743,0.0201539225422046,3.7278530587763,2.28448838669301,1.48995847942483,-3.73821153928126
"Rubus_leucodirus","Rubus","Rosaceae","Rosales",0,32.3,0.054471038,0.23,36.96,46.92,10.495,NA,36.96,46.92,35.32,34.635,0,101.5,NA,9.699999809,3085,47.58332956,-124.3000024,37.075,6.81321391368857,0.646434193705124,46.92,34.635,101.5,2.89803908358191,1.35424610458322,8.18426778181428,0.303241213918827,1.05984467235551,9.01808126094767e-05,NA,0.207352432977442,60.6067003039402,1.64,0.0349147124856291,0.0472842410465127,0.0458073481548564,0.0164359756097561,2.77723428072888,2.13944858540564,1.5092025223311,-4.04488585563156
"Rubus_occidentalis","Rubus","Rosaceae","Rosales",0,NA,NA,NA,8.08,19.07,5.06,NA,8.08,19.07,7.67,13.17,0,56,8,6.575000286,1156,41.88,-78.7,8.08,3.20745623843259,0.633884632101302,19.07,13.17,64,4.85952923310554,1.44798785117692,6.6945620585211,0.370174903857138,1.58094156760448,NA,NA,0.27920284460783,45.0080321782178,0.41,0.0214997378080755,0.0311313591495824,0.0507425742574258,0.00732142857142857,7.92079207920792,3.35605663345569,NA,NA
"Rubus_parviflora","Rubus","Rosaceae","Rosales",0,49.3333333333333,0.19281938025,2.27333333333333,177.515833333333,83.5558333333333,17.2791666666667,NA,177.515833333333,83.5558333333333,174.190833333333,66.1608333333333,0,176.416666666667,14.2,9.20000004666667,1744.66666666667,46.76327093,-123.818510816667,179.789166666667,13.6882925561084,0.790806400647473,83.5558333333333,66.1608333333333,187.583333333333,3.27086087509997,1.29893863675668,9.34169245012644,0.258271078398357,1.09841594947008,0.00033720782677978,NA,0.255533824857493,52.8291618938146,3.325,0.0375744855046619,0.0480612660294875,0.0267058336135085,0.0189111454476924,2.24281961932052,2.46855762305844,1.6931404606753,-3.47210235371568
"Rubus_procerus","Rubus","Rosaceae","Rosales",0,230.1,0.0305602785,0.14,13.34,23.795,5.415,NA,13.34,23.795,12.9,15.335,0,112.5,4,9.699999809,3085,47.58332956,-124.3000024,13.48,4.10398470736879,0.755203810432223,23.795,15.335,114.5,7.47768398898805,1.54941009278329,7.16830530923564,0.437817358800449,2.01186459687103,7.28651113837341e-05,NA,0.291577036820926,43.1182555227407,0.44,0.0183325966675261,0.0284224673559536,0.0336014054856347,0.00387,8.93801020794523,4.82725547931305,2.36191661866864,-4.13748036688645
"Rubus_schmidelioides var. schmidelioidea","Rubus","Rosaceae","Rosales",0,173.05,0.0695611465,0.06,6.44,15.325,5.875,NA,6.44,15.325,6.155,13.645,0,14.5,1,9.470833778,2835,-40.88825164,172.3501599,6.5,2.85167054707444,0.485425838674827,15.325,13.645,15.5,1.15288710461648,1.11880861488188,6.44154522208012,0.111874805704014,0.136580671855457,0.00081473009420685,NA,0.342775127420438,36.8248047667343,0.285,0.0187318269889953,0.0209318917521935,0.0459649376992176,0.0195952380952381,2.56085192697769,1.03432395304632,2.23817160363015,-3.08898624157989
"Rubus_sieboldii","Rubus","Rosaceae","Rosales",0,145.11,0.3205135594,1.384,122.47,57.037,13.841,NA,122.47,57.037,120.788,49.097,0,130.8,7.66666666666667,15.519999696,3236.8,30.31382,130.60082,123.854,12.146563363625,0.877216384554144,57.037,49.097,135.2,3.04054980060987,1.16341196709288,9.27699792427354,0.149897191801239,1.03563803486444,0.00120879276580492,NA,0.451558328838418,28.049974911312,1.682,0.028419349108092,0.0333506152195576,0.014471135745888,0.0131666337403946,1.52482891838842,2.6147232699094,2.16169734210812,-2.91764814775937
"Rubus_spectabilis","Rubus","Rosaceae","Rosales",0,59.4607142857143,0.0778482525357143,0.111190476190476,21.9682142857143,32.7471428571429,7.02714285714286,NA,21.9682142857143,32.7471428571429,20.9517857142857,23.2407142857143,0,82.4285714285714,15,9.25952380128571,1872.28571428571,46.1735705285714,-123.899999257143,22.0689285714286,5.08840292887321,0.718116681870968,32.7471428571429,23.2407142857143,86.7142857142857,3.7250123939672,1.40903239835047,7.5393484958772,0.340416126258058,1.24192291206186,0.000347795027551318,NA,0.242041891776341,53.9051097582968,1.01642857142857,0.030515060990282,0.0434120746660793,0.0508245132691218,0.0138404064067759,4.40554301854824,2.61617305438695,1.77423012196413,-3.45867663142606
"Rubus_squarrosus","Rubus","Rosaceae","Rosales",0,NA,NA,0.035,1.085,6.84,2.93,NA,1.085,6.84,0.995,6.585,0,3,NA,7.729166508,1681,-39.25,175.933333,1.12,1.16233942705163,0.392819989481721,6.84,6.585,3,0.442670363553792,1.03408466190214,4.60736536013874,0.033230403251131,-0.827169786892649,NA,NA,0.268216728312387,47.3271428571429,0.0900000000000001,0.0111916264090177,0.0118041446566437,0.0617236024844721,0.02375,3.02795031055901,0.426731078904992,NA,NA
"Rubus_ursinus","Rubus","Rosaceae","Rosales",0,40.35,0.0537935595,0.005,8.825,31.915,5.07,NA,8.825,31.915,8.05,22.165,0,56,NA,4.995833397,2177,45.31500016,-121.746664,8.83,3.35242868776035,0.662817873073438,31.915,22.165,56,2.52362292879534,1.43923533363189,6.78262635707925,0.362283157371186,0.913780676197657,0.000330027451672659,NA,0.109842327520374,115.529516393443,0.775,0.0241072414881446,0.0349216300940439,0.0873738347798136,0.0138085106382979,6.31661845065895,1.74355446403914,1.60584353905809,-3.48144993401878
"Ruprechtia_fusca","Ruprechtia","Polygonaceae","Caryophyllales",1,NA,0.245005145,NA,69.925,35.115,12.995,NA,NA,NA,NA,NA,NA,NA,NA,25.19583321,942,19.5,-105.05,69.925,9.41230400779025,0.723722114510479,NA,NA,NA,0,1,8.84266443168768,NA,NA,0.000752885000332008,NA,0.708140431508153,17.7583694875603,NA,0,0,0,0,0,0,NA,-3.12327135518757
"Ruprechtia_laxiflora","Ruprechtia","Polygonaceae","Caryophyllales",1,NA,0.034338394,NA,2.77,7.49,3.05,NA,NA,NA,NA,NA,NA,NA,NA,19.32500076,629,-24.58,-64.7,2.77,1.87799721483191,0.615736791748166,NA,NA,NA,0,1,5.62401750618734,NA,NA,0.00042567700451236,NA,0.620477443030849,20.2527436823105,NA,0,0,0,0,0,0,NA,-3.37091981020138
"Ryania_speciosa","Ryania","Salicaceae","Malpighiales",1,NA,0.121529746,0.13,37.985,30.735,13.13,NA,NA,NA,NA,NA,NA,NA,NA,25.29999924,4740,2.970351018,-78.18942184,38.115,6.96021977736467,0.532817387919878,NA,NA,NA,0,1,8.24227446538096,NA,NA,0.000403299014890815,NA,0.506833547453306,24.8739191601909,NA,0,0,0,0,0,0,NA,-3.39437283881064
"Ryparosa_hulletii","Ryparosa","Achariaceae","Malpighiales",1,NA,NA,NA,120.57,51.835,22.535,NA,NA,NA,NA,NA,NA,NA,NA,24.77499962,2225,5.016667,117.8125,120.57,12.3837388547092,0.549569043869766,NA,NA,NA,0,1,9.39534660075049,NA,NA,NA,NA,0.563435851452596,22.3037962603971,NA,0,0,0,0,0,0,NA,NA
"Ryparosa_javanica","Ryparosa","Achariaceae","Malpighiales",1,NA,NA,0.38,103.74,57.69,26.24,NA,NA,NA,NA,NA,NA,NA,NA,23.6875,3054,-16.144616,145.430116,104.12,11.5138916704052,0.438791603292879,NA,NA,NA,0,1,9.25071426611446,NA,NA,NA,NA,0.391701315199706,32.0815124349335,NA,0,0,0,0,0,0,NA,NA
"Sabinea_punicea","Sabinea","Fabaceae","Fabales",1,94.4,0.0595210755,0.1,1.54,5.07,1.905,NA,NA,NA,NA,NA,NA,NA,NA,22.53333282,2174,18.1702,-66.99,1.64,1.44486245437843,0.758740419237697,NA,NA,NA,0,1,5.09940145857165,NA,NA,0.00216490551055813,NA,0.752773129342547,16.7070322063231,NA,0,0,0,0,0,0,1.97497199429807,-2.6645610541091
"Salacia_atenucrasa","Salacia","Celastraceae","Celastrales",1,83.7,0.3028486515,0.1,151.16,59.28,25.19,NA,NA,NA,NA,NA,NA,NA,NA,25.09583282,3334,-0.6859,-76.3953,151.26,13.8750916801387,0.556032137567237,NA,NA,NA,0,1,9.62342195373054,NA,NA,0.000638152999163255,NA,0.552759107502013,23.5461608581943,NA,0,0,0,0,0,0,1.92272545799326,-3.1950751853442
"Salix_alaxensis","Salix","Salicaceae","Malpighiales",1,93.25,0.1241892065,0.295,21.495,22.595,9.36,NA,NA,NA,NA,NA,NA,NA,NA,7.320833206,3540,55.32333333,-131.595,21.79,5.26624451860255,0.565383376583921,NA,NA,NA,0,1,7.68585991537678,NA,NA,0.000710666000892729,NA,0.533512728817469,23.7715123421336,NA,0,0,0,0,0,0,1.96964884048073,-3.14833446122547
"Salix_discolor","Salix","Salicaceae","Malpighiales",0,114.233333333333,0.127337321,0.16,18.07,22.0916666666667,9.285,NA,18.07,22.0916666666667,17.5316666666667,21.4416666666667,0,26.3333333333333,11,7.09583354,1084.5,42.275,-76.595,18.15,4.78880946863627,0.524993191121699,22.0916666666667,21.4416666666667,28.1666666666667,1.39596920322806,1.03008918347831,7.48823853959365,0.0296262390566025,0.248814602367748,0.000984235786322551,NA,0.476394839350007,27.0592754793775,0.538333333333333,0.0234726431568257,0.0241919824220459,0.0288311422804765,0.0219623989848394,1.68076696056973,1.35389595061187,2.0577928497102,-3.00690084828399
"Salix_eriocephala","Salix","Salicaceae","Malpighiales",0,NA,0.117828451,NA,14.295,24.94,10.345,NA,14.295,24.94,13.9,22.775,0,109,NA,9.083333733,1115.5,40.9,-77.725,14.295,4.18191502025682,0.400578524716203,24.94,22.775,109,4.58838941936025,1.08771609837229,7.18354708710122,0.0831644751245464,1.48487030797641,0.000997576499900269,NA,0.277202082423007,45.3341898934332,0.395,0.0152032629351918,0.0166850344598782,0.0275751728110599,0.00366071428571429,7.53819124423963,4.1767934415833,NA,-3.00105379016689
"Salix_lascandia","Salix","Salicaceae","Malpighiales",0,102.85,0.108759097,0.18,18.565,25.09,10.425,NA,18.565,25.09,18.35,24.195,0,132.5,NA,9.699999809,3085,47.58332956,-124.3000024,18.745,4.82235017227781,0.46124696548816,25.09,24.195,132.5,5.63700100232476,1.03907833351701,7.48346737700499,0.0382480581924779,1.71172376933481,0.000742878016165554,NA,0.359269353749515,35.0400797754053,0.215,0.00842748474075528,0.00874305325965459,0.0118144902014169,0.00163862910583941,8.00079233131421,5.4126870773598,2.01220429603074,-3.12908249344732
"Salix_lasiandra","Salix","Salicaceae","Malpighiales",0,68.1452380952381,0.159637519,0.116666666666667,22.5219047619048,27.9207142857143,11.7490476190476,NA,22.5219047619048,27.9207142857143,22.2445238095238,26.7940476190476,0,96.9285714285714,5.5,10.0809523385714,1269,45.0896540028571,-126.640253214286,22.6364285714286,5.13923496070754,0.442558325294746,27.9207142857143,26.7940476190476,97.7142857142857,3.46682746370375,1.04013437350078,7.54222253659781,0.0390792474913325,0.996204650649288,0.00151254381506896,NA,0.343531314124582,38.3189289633574,0.277380952380953,0.00909174823892661,0.00951467772420261,0.0128617912375193,0.00305762393432628,4.96590053370405,3.31115625137696,1.83343551327096,-2.82029203593694
"Salix_lucida","Salix","Salicaceae","Malpighiales",0,94.4,0.131254599,0.06,14.07,20.1433333333333,8.17833333333333,NA,14.07,20.1433333333333,13.7433333333333,18.8833333333333,0,88.1666666666667,NA,7.8833334445,1137,41.855,-76.225,14.1,3.9737061975991,0.472870958342388,20.1433333333333,18.8833333333333,88.1666666666667,5.12606891413751,1.06674287375825,6.97547078818766,0.0646060755598998,1.58812062880562,0.00170250867310542,NA,0.368003033308122,34.9537508693054,0.326666666666665,0.0148144532092283,0.0158037502603193,0.0256788732928941,0.00366717080056462,10.8438303681991,4.80488708367875,1.97497199429807,-2.76891066697921
"Salix_nigra","Salix","Salicaceae","Malpighiales",0,NA,0.065183869,NA,5.98,19.625,8.405,NA,5.98,19.625,5.77,18.55,0,112.5,NA,9.083333733,1115.5,40.9,-77.725,5.98,2.75313495249172,0.328230636759463,19.625,18.55,112.5,6.11792534661171,1.05974890870644,6.38456126509994,0.057858678609083,1.80664094650723,0.000821792000594177,NA,0.194398033801375,64.6501484891972,0.21,0.0107945498681841,0.0114650293746689,0.0359847837723944,0.00186630847029077,19.1669229279849,5.7647281459633,NA,-3.08523809051965
"Salix_sakhalinensis","Salix","Salicaceae","Malpighiales",0,73.9,0.096134923,0.265,18.93,24.36,9.725,NA,18.93,24.36,18.565,22.675,0,63.5,NA,3.191666603,2028,36.8103,139.3796,19.195,4.88441150195471,0.503480449090313,24.36,22.675,63.5,2.69569041336851,1.07179279603422,7.51099061999727,0.0692304774859721,0.962865259463574,0.000495174503340182,NA,0.395120345925975,31.8780485617725,0.364999999999998,0.0146061255817353,0.0156872151595106,0.0191988367040151,0.00593240093240091,3.26114428647546,2.50712701932214,1.86864443839483,-3.30524172534444
"Salix_scouleriana","Salix","Salicaceae","Malpighiales",0,113.975,0.157471234375,0.1275,11.89,17.1025,7.06625,NA,11.89,17.1025,11.77875,16.81625,0,22.375,1,10.522916794,2071.5,45.2145828125,-125.589166,12.0175,3.76625802555162,0.550598206625623,17.1025,16.81625,22.625,1.37097324154591,1.01616184281938,6.94100644572808,0.0158988033229384,0.167889215593488,0.00273358403713779,NA,0.499389516525382,27.514742439467,0.11125,0.00604619661962282,0.00622054736751777,0.00836046124984466,0.00402852082128397,2.18391812379294,1.34023923677591,2.056809600874,-2.56326757028012
"Salix_sericea","Salix","Salicaceae","Malpighiales",0,NA,0.094588979,NA,8.68,20.73,8.51,NA,8.68,20.73,8.41,18.84,0,112,NA,6.575000286,1156,41.88,-78.7,8.68,3.32441261703496,0.390647781085189,20.73,18.84,112,5.9447983014862,1.10031847133758,6.76619171466035,0.0955996572994711,1.78251660214688,0.00103076900325604,NA,0.253823007111249,49.5083986175115,0.27,0.0130246020260492,0.0143312101910828,0.0311059907834101,0.00241071428571428,12.9032258064516,5.40279787747226,NA,-2.98683864980028
"Salix_sitchensis","Salix","Salicaceae","Malpighiales",1,87.1,0.110300934,0.065,10.27,13.855,5.39,NA,NA,NA,NA,NA,NA,NA,NA,11.48750019,1934,42.83333252,-124.5483301,10.335,3.61835504295592,0.671363645472144,NA,NA,NA,0,1,6.93055734988464,NA,NA,0.00137162300352563,NA,0.668294690898007,18.8044737719617,NA,0,0,0,0,0,0,1.94001815500766,-2.86276523993179
"Sambucus_cadensis","Sambucus","Adoxaceae","Dipsacales",0,NA,0.06548327,NA,7.77,18.205,6.16,NA,7.77,18.205,7.415,14.28,0,43,NA,9.083333733,1115.5,40.9,-77.725,7.77,3.13404878623706,0.522648481944377,18.205,14.28,43,3.08248299319728,1.25059523809524,6.64102194119195,0.217538556262203,1.11707586379747,0.000583891495944294,NA,0.341790567086005,43.2084042429863,0.355,0.0174013001426986,0.0227891156462585,0.0420002454958334,0.00802981029810298,5.65134818128503,2.53091802758839,NA,-3.23366784996084
"Sambucus_peruvianus","Sambucus","Adoxaceae","Dipsacales",0,NA,0.084071398,NA,20.62,30.13,10.85,NA,20.62,30.13,20.12,24.48,0,82,NA,19.32500076,629,-24.58,-64.7,20.62,5.12388518728114,0.472247482698722,30.13,24.48,82,3.34967320261438,1.23080065359477,7.6314316645769,0.207664895498084,1.20886278962013,0.000342774003960931,NA,0.285430423324446,44.0260378273521,0.5,0.016594756057086,0.0204248366013072,0.0242483026188167,0.00609756097560976,3.97672162948594,2.7215399933621,NA,-3.46499212246769
"Sambucus_pubens","Sambucus","Adoxaceae","Dipsacales",0,34.1,0.143668055,0.1,34.475,38.8083333333333,11.645,NA,34.475,38.8083333333333,33.1133333333333,27.54,0,77.8333333333333,4.5,7.09583354,1084.5,42.275,-76.595,34.5083333333333,6.49144918713946,0.552565414243887,38.8083333333333,27.54,82.3333333333333,2.97342421354009,1.40447334989265,8.05539230554415,0.339354701627234,1.08881219679682,0.000625470000832819,NA,0.273490555750609,46.1148677853816,1.36166666666667,0.0345876557248814,0.0486635557923484,0.0423850995864321,0.0172956269522535,2.6465092362755,2.11737320451056,1.5327543789925,-3.20379351536337
"Sambucus_racemosa","Sambucus","Adoxaceae","Dipsacales",0,60,0.166822764,0.12,55.37,51.825,15.105,NA,55.37,51.825,53.585,37.125,0,83.5,NA,3.191666603,2028,36.8103,139.3796,55.49,8.10748983231646,0.529807185004113,51.825,37.125,83.5,2.3814262674858,1.39010424852904,8.47137180692425,0.329243674609598,0.843649092672083,0.000502175852080748,NA,0.24049601377265,52.2539883854721,1.785,0.032631118793275,0.0455130592552603,0.0335642032890917,0.0210100574712644,1.99610084336137,1.71969369604759,1.77815125038364,-3.29914417485732
"Samyda_dodecandra","Samyda","Salicaceae","Malpighiales",0,79.25,0.1288581885,0.06,14.175,23.24,6.41,NA,14.175,23.24,13.765,16.435,0,58,NA,25.97916603,837,17.934795,-66.929542,14.235,4.23108305065047,0.658018000173545,23.24,16.435,58,3.54337938243354,1.41715399610136,7.23601503027374,0.348059018817056,1.26305535150733,0.0012036752775058,NA,0.326393709722698,39.5661758167028,0.41,0.0175689058089613,0.0247761109698562,0.0292574477545576,0.00706896551724138,4.30073496717495,2.4978355748476,1.89899927088979,-2.91949065943057
"Samyda_spinosa","Samyda","Salicaceae","Malpighiales",0,79.6,0.1366145465,0.065,34.92,25.18,9.795,NA,34.92,25.18,34.71,24.615,0,25.5,NA,23.96249962,1997,18.4095,-66.9706,34.985,6.65356014415113,0.678995314850626,25.18,24.615,25.5,1.00560339852389,1.0220320794068,8.14769169633531,0.0217081712365109,-0.099683542867299,0.000541268999522467,NA,0.688229301828576,18.2598433289014,0.209999999999999,0.00800225487199231,0.00823320473001924,0.00561318317877769,0.00780364372469633,0.69112654168546,0.978511228706744,1.90091306773767,-3.26658684584792
"Santalum_acuminatum","Santalum","Santalaceae","Santalales",1,387.4703302,0.170372295666667,0.155,12.1161999998333,36.5,15.7766666666667,NA,NA,NA,NA,NA,NA,NA,NA,17.35833359,415,-32.966,146.15472,12.1678666665,3.62479840099632,0.325439448861484,NA,NA,NA,0,1,6.74544293451393,NA,NA,0.00310763532620132,NA,0.197070983237016,65.9003183761114,NA,0,0,0,0,0,0,2.58823845284557,-2.50756995033142
"Sapium_laurocerasus","Sapium","Euphorbiaceae","Malpighiales",0,51.3,0.12372354275,0.2475,28.36,23.065,9.61,NA,28.36,23.065,28.2075,22.845,0,39.75,NA,19.387500765,2022,18.162098885,-66.68758708,28.6075,5.89759584551769,0.623458983226278,23.065,22.845,39.75,1.51801185256395,1.00808529257434,7.86126824750675,0.00802910726292979,0.103550932164945,0.000580109137042824,NA,0.652628737507129,19.3623053025877,0.152500000000001,0.00570028261176727,0.00577528894411092,0.00446108552811083,0.00338182006633502,1.17847777143799,1.49892480699787,1.71011736511182,-3.23649029409795
"Sarmienta_repens","Sarmienta","Gesneriaceae","Lamiales",0,NA,NA,0.015,1.155,3.825,1.335,NA,1.155,3.825,1.145,3.755,0,2.5,NA,11.6208334,900,-35.9821,-72.6873,1.17,1.10488896411265,0.852862979023172,3.825,3.755,2.5,0.949086884338683,1.02923814794318,4.31427782963485,0.028589455026637,-0.295834005805046,NA,NA,0.799458887294788,15.7305112570356,0.0099999999999999,0.00333188153310103,0.00346338313964212,0.0216697936210131,0.00416666666666661,6.25703564727955,0.910278745644599,NA,NA
"Sassafras_albidum","Sassafras","Lauraceae","Laurales",1,36.6033333333333,0.0992053581666667,0.306666666666667,62.1204761904762,36.7204761904762,13.4407142857143,NA,NA,NA,NA,NA,NA,NA,NA,10.1273809855714,1152.57142857143,40.866542,-75.2356268571429,62.3395238095238,8.39175902663212,0.622474006757053,NA,NA,NA,0,1,8.47754654723372,NA,NA,0.000198498932494728,NA,0.529883754545676,25.3641659612987,NA,0,0,0,0,0,0,1.56352063682487,-3.70224182448221
"Saurauia_ferox","Saurauia","Actinidiaceae","Ericales",1,NA,NA,NA,183.305,70.555,31.49,NA,NA,NA,NA,NA,NA,NA,NA,24.77499962,2225,5.016667,117.8125,183.305,15.2654606419125,0.484814772568991,NA,NA,NA,0,1,9.81325866617661,NA,NA,NA,NA,0.462015215748447,27.1990462924075,NA,0,0,0,0,0,0,NA,NA
"Scaevola_gaudichaudiana","Scaevola","Goodeniaceae","Asterales",0,NA,0.231538543,0.21,16.78,19.88,8.34,NA,16.78,19.88,16.65,19.72,0,8.5,NA,20.72083282,4667,21.3279,-157.755,16.99,4.65096044346398,0.55772396054762,19.88,19.72,8.5,0.430949910446456,1.00811729264144,7.43771127901737,0.00808398941333164,-0.843293989456845,0.00315700249017457,NA,0.533578266448245,23.5561259673485,0.130000000000001,0.00653801163375904,0.00659057508418551,0.00775370565327905,0.0152777777777779,0.506885631598464,0.42750483980872,NA,-2.50072507554565
"Scaevola_procera","Scaevola","Goodeniaceae","Asterales",NA,86.81762986,0.196666667,NA,20.76666667,NA,NA,NA,NA,NA,NA,NA,NA,NA,NA,15.5,2500,-33.61666667,151.2166667,20.76666667,5.14207557476333,NA,NA,NA,NA,NA,NA,7.6385193232739,NA,NA,0.0018624933179461,NA,NA,NA,NA,NA,NA,NA,NA,NA,NA,1.93860792533159,-2.72990527669207
"Schefflera_gleasonii","Schefflera","Araliaceae","Apiales",1,183.95,0.1147242605,0.09,6.25,12.51,4.945,NA,NA,NA,NA,NA,NA,NA,NA,18.68333435,1961,18.1702,-66.5703,6.34,2.81897618170232,0.585681211358719,NA,NA,NA,0,1,6.420407229328,NA,NA,0.00212890526455166,NA,0.50258221654946,25.2155652352579,NA,0,0,0,0,0,0,2.26469979216715,-2.67184366406561
"Schefflera_morototoni","Schefflera","Araliaceae","Apiales",1,62,0.316038676,1.005,242.2,70.84,27.43,NA,NA,NA,NA,NA,NA,NA,NA,23.96249962,1997,18.4095,-66.9706,243.205,17.5832215560896,0.64154660499681,NA,NA,NA,0,1,10.0959145360625,NA,NA,0.000421681500523595,NA,0.6053244215183,20.7643778554917,NA,0,0,0,0,0,0,1.79239168949825,-3.37501545138436
"Schefflera_octophylla","Schefflera","Araliaceae","Apiales",0.5,81.525,0.102620632,0.4925,41.195,29.6975,12.3625,NA,49.89,33.56,49.66,33.345,0,47,NA,18.57291603,3066,30.3296,130.6472,41.6875,7.19770716937273,0.586801952196166,33.56,33.345,47,0.700857314168182,1.00331555981303,8.28395682894597,0.00660563427673521,0.334336238944539,0.000315443755500093,NA,0.577927856857368,21.792410986975,0.23,0.00340229741568601,0.00342384899040333,0.00228834388713143,0.0024375,0.468887085705396,0.696398278164297,1.91129080747799,-3.50107806543249
"Schefflera_umbrosa","Schefflera","Araliaceae","Apiales",1,NA,NA,NA,81.805,47.475,17.485,NA,NA,NA,NA,NA,NA,NA,NA,26.685417175,2366.5,3.085,-69.41,81.805,9.67702775361429,0.542220170212833,NA,NA,NA,0,1,8.78403988343275,NA,NA,NA,NA,0.423953835633115,29.8514917668743,NA,0,0,0,0,0,0,NA,NA
"Schizophragma_hydrangeoides","Schizophragma","Hydrangeaceae","Cornales",0,40.15,0.0819646483333333,0.293333333333333,42.1366666666667,37.0466666666667,10.1683333333333,NA,42.1366666666667,37.0466666666667,40.9883333333333,28.1133333333333,0,35.5,1,11.6944444986667,2866.33333333333,32.4432666666667,133.546566666667,42.43,7.22362249534807,0.710043848354933,37.0466666666667,28.1133333333333,35.6666666666667,1.29248406577033,1.3093182650088,8.2769052364472,0.263312524402971,0.246506143138053,0.000180667624950275,NA,0.391499317360392,33.8012739540245,1.14833333333333,0.0287901637453399,0.0390344259250271,0.0262572109349792,0.0313262721497748,0.960634592270885,0.995163182572849,1.6036855496147,-3.74311966462309
"Schoepfia_obovata","Schoepfia","Schoepfiaceae","Santalales",1,307.4,0.105155748,0.02,3.325,7.26,2.76,NA,NA,NA,NA,NA,NA,NA,NA,25.17499924,1157,17.96999997,-66.87083829,3.345,2.06158083777682,0.746741508898732,NA,NA,NA,0,1,5.80846252749436,NA,NA,0.00348774849367737,NA,0.790530012720912,15.9177612975024,NA,0,0,0,0,0,0,2.48770386316373,-2.45745484018049
"Schradera_vahlii","Schradera","Rubiaceae","Gentianales",1,139.55,0.206037709,0.22,20.175,20.515,7.25,NA,NA,NA,NA,NA,NA,NA,NA,18.68333435,1961,18.1702,-66.5703,20.395,5.09497997459581,0.7050972320902,NA,NA,NA,0,1,7.6197742901974,NA,NA,0.00213502693578848,NA,0.604739658728955,20.8637488096662,NA,0,0,0,0,0,0,2.14472984082465,-2.67059664148649
"Scleronema_micranthum","Scleronema","Malvaceae","Malvales",1,NA,NA,NA,64.7,38.34,16.105,NA,NA,NA,NA,NA,NA,NA,NA,26.97500038,2237,-3,-58.97,64.7,9.01081638800532,0.557478666649261,NA,NA,NA,0,1,8.74577015354957,NA,NA,NA,NA,0.54256128702148,23.2718183305351,NA,0,0,0,0,0,0,NA,NA
"Scorodocarpus_borneesis","Scorodocarpus","Olacaceae","Santalales",1,59.45,0.1494103375,0.195,80.82,39.92,16.755,NA,NA,NA,NA,NA,NA,NA,NA,27.47916603,2255,3.083,101.583,81.015,10.1453701916304,0.606260583610147,NA,NA,NA,0,1,8.99547207091048,NA,NA,0.000275632554029102,NA,0.636886333957177,19.741892125519,NA,0,0,0,0,0,0,1.77415185895471,-3.55966949068215
"Seguieria_parvifolia","Seguieria","Petiveriaceae","Caryophyllales",1,NA,0.060027881,NA,12.3,16.27,6.4,NA,NA,NA,NA,NA,NA,NA,NA,19.32500076,629,-24.58,-64.7,12.3,3.95737872843155,0.61834042631743,NA,NA,NA,0,1,7.11476944836646,NA,NA,0.000292954999784566,NA,0.583901874659746,21.5213739837398,NA,0,0,0,0,0,0,NA,-3.53319908560554
"Semecarpus_bunburyanus","Semecarpus","Anacardiaceae","Sapindales",1,NA,NA,NA,377.1,99.72,43.11,NA,NA,NA,NA,NA,NA,NA,NA,24.77499962,2225,5.016667,117.8125,377.1,21.9091224137112,0.508480100867874,NA,NA,NA,0,1,10.5371431536192,NA,NA,NA,NA,0.477037480518198,26.3698732731002,NA,0,0,0,0,0,0,NA,NA
"Semecarpus_vitiensis","Semecarpus","Anacardiaceae","Sapindales",1,184.8,0.179399038,0.7,25.81,21.28,7.98,NA,NA,NA,NA,NA,NA,NA,NA,24.46666718,2982,-16.75001585,179.0199514,26.51,5.80978315696284,0.72804300212567,NA,NA,NA,0,1,7.88269220628903,NA,NA,0.00121403300020088,NA,0.716233485403646,17.5450755521116,NA,0,0,0,0,0,0,2.26670196688409,-2.9157695079804
"Senna_artemisioides","Senna","Fabaceae","Fabales",1,NA,NA,0.015,0.833333333333333,12.3433333333333,5.58,NA,NA,NA,NA,NA,NA,NA,NA,17.41666603,406,-32.97638,146.14583,0.843333333333333,1.03246728017291,0.195893207206945,NA,NA,NA,0,1,4.42016074383952,NA,NA,NA,NA,0.078899435450947,185.130874672116,NA,0,0,0,0,0,0,NA,NA
"Senna_bacillaris","Senna","Fabaceae","Fabales",1,26.25,0.1375593435,0.095,57.66,30.505,11.34,NA,NA,NA,NA,NA,NA,NA,NA,25.08749962,3338,-0.7,-76.3953,57.755,8.54810256068668,0.765737167066462,NA,NA,NA,0,1,8.64862799825631,NA,NA,0.00034411249990812,NA,0.783240660814987,16.1612587722838,NA,0,0,0,0,0,0,1.41912930774198,-3.46329955131827
"Senna_macrophylla var. gigan","Senna","Fabaceae","Fabales",1,85.85,NA,NA,59.565,36.095,15.255,NA,NA,NA,NA,NA,NA,NA,NA,25.08749962,3338,-0.7,-76.3953,59.565,8.7086227009181,0.571632519273209,NA,NA,NA,0,1,8.69222768168084,NA,NA,NA,NA,0.576862081929954,21.8976487702519,NA,0,0,0,0,0,0,1.93374029949694,NA
"Senna_stipulaceae","Senna","Fabaceae","Fabales",1,NA,NA,0.025,6.46,11.605,4.975,NA,NA,NA,NA,NA,NA,NA,NA,11.6208334,900,-35.9821,-72.6873,6.485,2.86218423258419,0.578398680699965,NA,NA,NA,0,1,6.45882693512233,NA,NA,NA,NA,0.60154039109668,20.9378232254616,NA,0,0,0,0,0,0,NA,NA
"Serjania_brachycarpa","Serjania","Sapindaceae","Sapindales",0,NA,0.066999691,NA,5.39,10.8166666666667,3.61666666666667,NA,5.39,10.8166666666667,4.73333333333333,9.59333333333333,0,3.33333333333333,NA,25.19583321,942,19.5,-105.05,5.39,2.51037442283,0.699512564429576,10.8166666666667,9.59333333333333,3.33333333333333,0.340955406467535,1.10792908525536,6.11898830810103,0.100892574988108,-1.07834958722985,0.000458056999397498,NA,0.565469550677553,22.7292217675564,0.656666666666667,0.0478150765988841,0.0550925808336974,0.0929855491736082,0.155,0.69822355630644,0.307838803266445,NA,-3.33908047618052
"Serjania_polyphylla","Serjania","Sapindaceae","Sapindales",0,75.3,0.069284911,NA,1.6825,7.05,2.5475,NA,1.6825,7.05,1.575,6.56,0,4.25,NA,24.970832825,1417,18.1721475,-66.950071,1.6825,1.43430658099765,0.588237583894725,7.05,6.56,4.25,0.670864309247614,1.08370712216976,5.04645051424922,0.0794976404951894,-0.48849400228281,0.00234224801509854,NA,0.427876875543181,30.6126537247722,0.1075,0.0150402026712678,0.0165562988382915,0.061364091579668,0.0227678571428571,2.65331688783901,0.611986041484503,1.8767949762007,-2.63036712041401
"Shorea_agamii","Shorea","Dipterocarpaceae","Malvales",1,NA,NA,NA,189.87,62.255,26.19,NA,NA,NA,NA,NA,NA,NA,NA,24.77499962,2225,5.016667,117.8125,189.87,15.5379977989125,0.593181172539334,NA,NA,NA,0,1,9.84885382390165,NA,NA,NA,NA,0.614697284016275,20.4807895835747,NA,0,0,0,0,0,0,NA,NA
"Shorea_fallax","Shorea","Dipterocarpaceae","Malvales",1,NA,NA,NA,131.095,57.665,25.27,NA,NA,NA,NA,NA,NA,NA,NA,24.77499962,2225,5.016667,117.8125,131.095,12.9187896556341,0.512471396821797,NA,NA,NA,0,1,9.48085022581046,NA,NA,NA,NA,0.497776404900624,25.3820618705114,NA,0,0,0,0,0,0,NA,NA
"Shorea_guioso","Shorea","Dipterocarpaceae","Malvales",1,53.55,0.104467142,0.105,63.94,37.225,14.71,NA,NA,NA,NA,NA,NA,NA,NA,25.29166603,2035,2.917,102.25,64.045,9.03017359038198,0.614041993077278,NA,NA,NA,0,1,8.7647416380522,NA,NA,0.000172577046159514,NA,0.582005248954712,21.7035966553574,NA,0,0,0,0,0,0,1.72875947516787,-3.76301696869719
"Shorea_johorensis","Shorea","Dipterocarpaceae","Malvales",1,NA,NA,NA,95.445,40.845,16.135,NA,NA,NA,NA,NA,NA,NA,NA,24.77499962,2225,5.016667,117.8125,95.445,11.0225401394578,0.683369778262246,NA,NA,NA,0,1,9.16326013648974,NA,NA,NA,NA,0.718715100721274,17.4878914812467,NA,0,0,0,0,0,0,NA,NA
"Shorea_leprosula","Shorea","Dipterocarpaceae","Malvales",1,NA,NA,NA,80.57,41.565,17.525,NA,NA,NA,NA,NA,NA,NA,NA,24.77499962,2225,5.016667,117.8125,80.57,10.1137072223446,0.576978992848116,NA,NA,NA,0,1,8.98847300313376,NA,NA,NA,NA,0.584090877308886,21.5999930767557,NA,0,0,0,0,0,0,NA,NA
"Shorea_macrophylla","Shorea","Dipterocarpaceae","Malvales",1,NA,NA,NA,248.095,66.905,27.49,NA,NA,NA,NA,NA,NA,NA,NA,24.77499962,2225,5.016667,117.8125,248.095,17.6879680194716,0.642777587262384,NA,NA,NA,0,1,10.0996748508751,NA,NA,NA,NA,0.689238426289478,18.2338341368037,NA,0,0,0,0,0,0,NA,NA
"Shorea_macroptera","Shorea","Dipterocarpaceae","Malvales",1,80.85,0.1843878655,0.08,63.09,39.36,16.135,NA,NA,NA,NA,NA,NA,NA,NA,25.29166603,2035,2.917,102.25,63.17,8.95432989021042,0.554796429733132,NA,NA,NA,0,1,8.74475077597972,NA,NA,0.000553805241477234,NA,0.510127063179735,24.6338215210753,NA,0,0,0,0,0,0,1.90768002424242,-3.25664293820065
"Shorea_maxwelliana","Shorea","Dipterocarpaceae","Malvales",1,60.64,0.111986929125,0.077,41.8,30.902,12.36,NA,NA,NA,NA,NA,NA,NA,NA,25.29166603,2035,2.917,102.25,41.877,7.22792470128852,0.585406141955054,NA,NA,NA,0,1,8.30104464354376,NA,NA,0.000321071875573241,NA,0.54070101505456,23.5615719866701,NA,0,0,0,0,0,0,1.782759192624,-3.49339773497629
"Shorea_multiflora","Shorea","Dipterocarpaceae","Malvales",1,76.15,0.139031344,0.08,44.56,30.865,12.22,NA,NA,NA,NA,NA,NA,NA,NA,25.29166603,2035,2.917,102.25,44.64,7.4943612041562,0.613842519048443,NA,NA,NA,0,1,8.37987136313657,NA,NA,0.000473104501163926,NA,0.586542579499786,21.5093950712143,NA,0,0,0,0,0,0,1.88166990767206,-3.32504292001029
"Shorea_sumatrana","Shorea","Dipterocarpaceae","Malvales",1,62.7,0.0860579075,0.02,43.765,31.26,13.295,NA,NA,NA,NA,NA,NA,NA,NA,27.47916603,2255,3.083,101.583,43.785,7.41093804613009,0.558494832899453,NA,NA,NA,0,1,8.35435138952823,NA,NA,0.000172106580457548,NA,0.556881945648818,22.5860676336539,NA,0,0,0,0,0,0,1.79726754083072,-3.76420252420024
"Sideroxylon_celastrina","Sideroxylon","Sapotaceae","Ericales",1,114.966666666667,0.0898042645,0.04,3.62333333333333,8.14166666666667,3.14,NA,NA,NA,NA,NA,NA,NA,NA,22.4375,1243,27.18,-81.35,3.65666666666667,2.14578177993237,0.683871646176838,NA,NA,NA,0,1,5.87939098907166,NA,NA,0.00209876850966552,NA,0.678816789480396,18.5747568318826,NA,0,0,0,0,0,0,2.06057193964773,-2.67803546066443
"Sideroxylon_cubense","Sideroxylon","Sapotaceae","Ericales",1,189.6,NA,NA,4.365,9.58,4.03,NA,NA,NA,NA,NA,NA,NA,NA,22.53333282,2174,18.1702,-66.99,4.365,2.33485041309965,0.576872758926577,NA,NA,NA,0,1,6.03983503406393,NA,NA,NA,NA,0.583254799261051,21.5997444568005,NA,0,0,0,0,0,0,2.27783833300205,NA
"Simaba_polyphylla","Simaba","Simaroubaceae","Sapindales",1,54.5,0.1124576045,0.085,18.195,25.005,11.205,NA,NA,NA,NA,NA,NA,NA,NA,25.08749962,3338,-0.7,-76.3953,18.28,4.82435209080722,0.430903996598057,NA,NA,NA,0,1,7.51093944535973,NA,NA,0.000701106003213897,NA,0.365929736932282,34.3671564643831,NA,0,0,0,0,0,0,1.73639650227664,-3.15421631422956
"Simarouba_amara","Simarouba","Simaroubaceae","Sapindales",1,145.9,0.098961898,NA,20.0266666666667,21.3116666666667,9.03333333333333,NA,NA,NA,NA,NA,NA,NA,NA,26.685417175,2366.5,3.085,-69.41,20.0266666666667,4.96169269762377,0.565068649576708,NA,NA,NA,0,1,7.53154462172393,NA,NA,0.000755667998129815,NA,0.559393388529235,23.0308449034879,NA,0,0,0,0,0,0,2.16405529189345,-3.12166896937931
"Simira_cordifolia","Simira","Rubiaceae","Gentianales",1,38.6,0.3047914705,1.725,652.14,110.905,42.05,NA,NA,NA,NA,NA,NA,NA,NA,25.09583282,3334,-0.6859,-76.3953,653.865,28.7031382861613,0.685086380957185,NA,NA,NA,0,1,11.0670557774134,NA,NA,0.000149660999606266,NA,0.662036856889201,19.0019383178344,NA,0,0,0,0,0,0,1.58658730467175,-3.82489135839111
"Sindora_irpicina","Sindora","Fabaceae","Fabales",1,NA,NA,NA,49.835,30.595,12.495,NA,NA,NA,NA,NA,NA,NA,NA,24.77499962,2225,5.016667,117.8125,49.835,7.92949466806261,0.640024271389498,NA,NA,NA,0,1,8.49559729126967,NA,NA,NA,NA,0.669183321348077,18.8576918040001,NA,0,0,0,0,0,0,NA,NA
"Siparuna_cuspidata","Siparuna","Siparunaceae","Laurales",1,NA,0.123388844666667,0.13,54.1933333333333,37.8233333333333,15.4266666666667,NA,NA,NA,NA,NA,NA,NA,NA,25.09583282,3334,-0.6859,-76.3953,54.3233333333333,8.29867954040844,0.538571732401495,NA,NA,NA,0,1,8.59157937414749,NA,NA,0.000281340516363791,NA,0.473648195910776,26.5370895052205,NA,0,0,0,0,0,0,NA,-3.55076771978595
"Siparuna_decipiens","Siparuna","Siparunaceae","Laurales",1,43.35,0.123057101,0.265,50.25,35.1425,14.6875,NA,NA,NA,NA,NA,NA,NA,NA,26.0354166,2785.5,-1.84295,-67.68265,50.3825,7.98566174286756,0.544747612430289,NA,NA,NA,0,1,8.51304553756943,NA,NA,0.000360154500246462,NA,0.508616103756728,24.7884635497178,NA,0,0,0,0,0,0,1.63698910181223,-3.44351115420398
"Siparuna_guianensis","Siparuna","Siparunaceae","Laurales",1,NA,NA,NA,96.77,53.81,21.28,NA,NA,NA,NA,NA,NA,NA,NA,26.97500038,2237,-3,-58.97,96.77,11.1000626459503,0.521619485242027,NA,NA,NA,0,1,9.17750721488094,NA,NA,NA,NA,0.419976143234547,29.9216296372843,NA,0,0,0,0,0,0,NA,NA
"Siparuna_thecaphora","Siparuna","Siparunaceae","Laurales",0,33.9,0.245415419,0.97,143.37,56.535,23.27,NA,143.37,56.535,142.03,55.155,0,127,NA,25.08749962,3338,-0.7,-76.3953,143.855,13.2904084289362,0.572420890086078,56.535,55.155,127,2.33897171874477,1.02446726110922,9.50003946184256,0.0241689271370629,0.846545443625433,0.000305435001181325,NA,0.543873330228078,23.106588130826,1.33999999999999,0.0243808521933408,0.0249677153840209,0.0106357641445219,0.0106249999999999,0.98540779357001,2.28362802604196,1.53019969820308,-3.51508119665448
"Siphoneugenia_densiflora","Siphoneugenia","Myrtaceae","Myrtales",1,163.1,0.115559555,0.04,3.725,8.135,3.26,NA,NA,NA,NA,NA,NA,NA,NA,18.68333435,1961,18.1702,-66.5703,3.765,2.18431172259395,0.670627929038687,NA,NA,NA,0,1,5.92147418895577,NA,NA,0.00366031953148671,NA,0.704751606525456,17.8337547171197,NA,0,0,0,0,0,0,2.21245396104028,-2.43648100075198
"Siphonodon_membranaceus","Siphonodon","Celastraceae","Celastrales",1,NA,NA,0.07,66.87,43.73,19.01,NA,NA,NA,NA,NA,NA,NA,NA,23.6875,3054,-16.144616,145.430116,66.94,9.23204501313614,0.485641505162343,NA,NA,NA,0,1,8.80896688177127,NA,NA,NA,NA,0.439422441265861,28.597471212801,NA,0,0,0,0,0,0,NA,NA
"Sloanea_robustipeq","Sloanea","Elaeocarpaceae","Oxalidales",1,58.2,0.08238223,0.45,85.71,53.915,24.36,NA,NA,NA,NA,NA,NA,NA,NA,25.08749962,3338,-0.7,-76.3953,86.16,10.4730720961239,0.42991399986329,NA,NA,NA,0,1,9.06106478141682,NA,NA,8.0785999521163e-05,NA,0.370452656404365,33.9240285247471,NA,0,0,0,0,0,0,1.76492298464989,-4.09266389736332
"Sloanea_tenuifolia","Sloanea","Elaeocarpaceae","Oxalidales",0,49.4,0.190141949,NA,41.47,36.3,15.24,NA,41.47,36.3,40.87,35.04,0,34,NA,26.39583397,2496,9.17,-79.85,41.47,7.26644644376928,0.47680094775389,36.3,35.04,34,0.970319634703196,1.03595890410959,8.33014046024638,0.0353274752026143,-0.0301297414520293,0.000871810001676359,NA,0.395485576560098,31.7745358090186,0.600000000000001,0.0165289256198348,0.0171232876712329,0.0144682903303593,0.0176470588235295,0.819869785387027,0.9366391184573,1.69372694892365,-3.05957815292795
"Solanum_ferocissimum","Solanum","Solanaceae","Solanales",1,NA,NA,0.0933333333333333,2.91,18.19,8.29666666666667,NA,NA,NA,NA,NA,NA,NA,NA,17.41666603,406,-32.97638,146.14583,3.00333333333333,1.95266358689322,0.235995422304618,NA,NA,NA,0,1,5.69908283319637,NA,NA,NA,NA,0.110976113990599,114.613681359931,NA,0,0,0,0,0,0,NA,NA
"Solanum_valdiviense","Solanum","Solanaceae","Solanales",0,NA,NA,0.04,5.44,13.12,5.265,NA,5.44,13.12,5.38,12.885,0,1.5,NA,10.28333378,1416,-37.8412,-73.1959,5.48,2.61178635876397,0.493215124193323,13.12,12.885,1.5,0.125306403919009,1.01849433700175,6.2605511697501,0.0183240512187545,-2.19760282928732,NA,NA,0.388279326238884,32.3642665777827,0.0599999999999998,0.00468085789564754,0.00476861338271159,0.0120882173212599,0.0449999999999998,0.332018591559728,0.122937928090083,NA,NA
"Solanum_vitiense","Solanum","Solanaceae","Solanales",1,71.65,0.1271293745,0.18,24.135,23.855,10.1,NA,NA,NA,NA,NA,NA,NA,NA,25.32083321,2450,-16.633333,179.083333,24.315,5.5574095244599,0.55084802090199,NA,NA,NA,0,1,7.79147039511985,NA,NA,0.000668018998838735,NA,0.532942174873965,23.8177085784409,NA,0,0,0,0,0,0,1.85521619473336,-3.17521118576773
"Sophora_macrocarpa","Sophora","Fabaceae","Fabales",1,NA,NA,0.015,1.65,5.48,2.28,NA,NA,NA,NA,NA,NA,NA,NA,12.13333321,863,-35.8258,-72.5033,1.665,1.4534955218612,0.637173872723308,NA,NA,NA,0,1,5.10808963024597,NA,NA,NA,NA,0.687816474736309,18.2716754764741,NA,0,0,0,0,0,0,NA,NA
"Sorbus_alnifolia","Sorbus","Rosaceae","Rosales",0,21.8,0.063222951,0.065,24.085,25.14,7.62,NA,24.085,25.14,23.36,20.205,0,109,22,6.700000286,1960,36.7198,139.4699,24.15,5.53579714180619,0.734395161159333,25.14,20.205,131,6.4469120981726,1.24208461162243,7.78268770450291,0.216609417982535,1.86166152552103,0.000182108320944714,NA,0.484130210353174,26.2421271452965,0.725,0.028860166955315,0.0358421146236272,0.0301463351897828,0.00663983050847457,5.41563744156658,5.18612495269055,1.3384564936046,-3.73967020984587
"Sorbus_america","Sorbus","Rosaceae","Rosales",0,64.4666666666667,0.0850315735,0.025,11.9366666666667,21.7866666666667,7.89333333333333,NA,11.9366666666667,21.7866666666667,11.3666666666667,18,0,30.6666666666667,3.33333333333333,10.23750019,1143,40.63,-75.85,11.9533333333333,3.88453130452071,0.491693887864344,21.7866666666667,18,34,1.87798817392539,1.20615704005279,7.06857175456585,0.186217769332455,0.582054051415727,0.000654657502395834,NA,0.315646418090507,39.9356516414019,0.57,0.0258981249692838,0.031384938068387,0.0475843179862382,0.0196179183135705,2.85064235737924,1.54888624265181,1.80933521502732,-3.18398585072919
"Sorbus_americana","Sorbus","Rosaceae","Rosales",0,50.6,NA,NA,8.13,24.365,7.04,NA,8.13,24.365,7.48,16.305,0,52,5,3.191666603,2028,36.8103,139.3796,8.13,3.20898133688738,0.457319618582796,24.365,16.305,57,3.53926123294846,1.49170993600692,6.69026712324086,0.399751653096507,1.25547315087011,NA,NA,0.173092004989622,73.0909927233964,0.65,0.0267410579609844,0.0398744050465715,0.0805571004820171,0.0124740740740741,7.19549499443827,2.37912054536098,1.7041505168398,NA
"Sorbus_americana ssp. japonica","Sorbus","Rosaceae","Rosales",0,29.3,NA,0,4.23,17.025,4.14,NA,4.23,17.025,3.505,9.995,0,31.5,14.5,6.700000286,1960,36.7198,139.4699,4.23,2.31543567404866,0.559950212633955,17.025,9.995,46,4.60299108081324,1.70378589947646,6.03820971865165,0.53177909849287,1.52633521815341,NA,NA,0.182285178130984,69.1383442622951,0.725,0.042355294787668,0.0726072855040692,0.170508879781421,0.0230846774193548,11.0433743169399,2.70401731223537,1.46686762035411,NA
"Sorbus_japonica","Sorbus","Rosaceae","Rosales",0,57.25,0.0938683715,0.295,45.42,49.365,10.565,NA,45.42,49.365,44.58,35.72,0,173.5,NA,3.191666603,2028,36.8103,139.3796,45.715,7.61649582833302,0.721392087106378,49.365,35.72,173.5,4.87921680482936,1.38084305425265,8.4208690441766,0.322619750155967,1.58282046846239,0.000197653686865851,NA,0.234375623478757,53.7229976739734,0.839999999999996,0.0169466584993203,0.0234151726110366,0.0184628488351978,0.00483971164706662,3.87133158882973,3.53686644034361,1.75777549101193,-3.70409508028099
"Sorbus_scopulina","Sorbus","Rosaceae","Rosales",0,79.4,0.0772479315,0.01,2.855,13.45,3.595,NA,2.855,13.45,2.535,8.49,0,37,1,7.320833206,3540,55.32333333,-131.595,2.86,1.89998121219298,0.533931267368589,13.45,8.49,37.5,4.44960243201396,1.58858477696386,5.63851928047307,0.462660437611894,1.4915100087359,0.00219576149972971,NA,0.19827088676212,63.6197830205472,0.32,0.0237915409975623,0.037794811571332,0.11344217271895,0.00863266814486327,13.3747838470145,2.79927403454962,1.8998205024271,-2.65841483406549
"Sorocea_affinis","Sorocea","Moraceae","Rosales",0,44.8,0.213986047,NA,27.6,26,10.86,NA,27.6,26,27.31,25.76,0,12,NA,26.39583397,2496,9.17,-79.85,27.6,5.92801918305689,0.545858119986822,26,25.76,12,0.46583850931677,1.00931677018634,7.9229859587112,0.00927363678532903,-0.763916251448153,0.00165905899676399,NA,0.513064835734191,24.4927536231884,0.290000000000003,0.0111538461538463,0.0112577639751554,0.0105072463768117,0.0241666666666669,0.434782608695652,0.461538461538462,1.65127801399814,-2.78013817002538
"Sorocea_guilleminiana","Sorocea","Moraceae","Rosales",0,NA,NA,NA,57.8,37.13,15.08,NA,57.8,37.13,57.71,36.18,0,10,NA,26.97500038,2237,-3,-58.97,57.8,8.57865057486855,0.568876032816217,37.13,36.18,10,0.276395798783859,1.02625760088447,8.66215896166642,0.0259187882218397,-1.2859213869731,NA,NA,0.526850994275549,23.8518494809689,0.0899999999999963,0.00242391597091291,0.00248756218905462,0.00155709342560547,0.00899999999999963,0.173010380622837,0.269323996768112,NA,NA
"Sorocea_muriculata","Sorocea","Moraceae","Rosales",1,55.05,0.053629056,0.075,18.16,19.975,8.5,NA,NA,NA,NA,NA,NA,NA,NA,25.09583282,3334,-0.6859,-76.3953,18.235,4.81273258535401,0.566049289566951,NA,NA,NA,0,1,7.50375285791037,NA,NA,0.000158431499677385,NA,0.570241847374145,22.0448952415669,NA,0,0,0,0,0,0,1.74075732330777,-3.80015846683729
"Sorocea_piliata","Sorocea","Moraceae","Rosales",NA,53.23045492,0.228,NA,169.0761429,NA,NA,NA,NA,NA,NA,NA,NA,NA,NA,24.88333333,3432.6,-12.5717,-70.09258333,169.0761429,14.6722333409598,NA,NA,NA,NA,NA,NA,9.73551934914827,NA,NA,0.000307459107526163,NA,NA,NA,NA,NA,NA,NA,NA,NA,NA,1.7261601777715,-3.51221263779652
"Sorocea_pubivena ssp. hirtella","Sorocea","Moraceae","Rosales",1,60,0.330904095,0.435,165.28,64.735,28.05,NA,NA,NA,NA,NA,NA,NA,NA,25.09583282,3334,-0.6859,-76.3953,165.715,14.5218467097814,0.517779029522649,NA,NA,NA,0,1,9.71438825443298,NA,NA,0.0006607784994419,NA,0.495789861899269,25.4153776909885,NA,0,0,0,0,0,0,1.77815125038364,-3.17994409662843
"Sorocea_steinbachii","Sorocea","Moraceae","Rosales",0,45.8,0.1443985525,0.34,140.015,57.21,24.325,NA,140.015,57.21,138.685,56.65,0,27,NA,25.09583282,3334,-0.6859,-76.3953,140.185,13.340830094826,0.548418612854203,57.21,56.65,27,0.475135381813109,1.00971055338509,9.54238706036879,0.00965877394714148,-0.745747447615676,0.000153579499916301,NA,0.536404960759042,23.4295251236077,1.33000000000001,0.0228673195877048,0.0231101031443125,0.00926261700197211,0.0480000000000002,0.192727094892698,0.470487218596109,1.66086547800387,-3.81366675088916
"Spathiostemon_javensis","Spathiostemon","Euphorbiaceae","Malpighiales",1,NA,NA,NA,44.015,30.515,13,NA,NA,NA,NA,NA,NA,NA,NA,24.77499962,2225,5.016667,117.8125,44.015,7.45386380185004,0.573028540916211,NA,NA,NA,0,1,8.37236574282053,NA,NA,NA,NA,0.588145367044849,21.3712862005469,NA,0,0,0,0,0,0,NA,NA
"Spirostachys_africana","Spirostachys","Amaranthaceae","Caryophyllales",NA,66.22747394,0.08,NA,5.7378,NA,NA,NA,NA,NA,NA,NA,NA,NA,NA,21.475,885.2,-28.22128333,31.79411667,5.7378,2.70288620918111,NA,NA,NA,NA,NA,NA,6.35224604758951,NA,NA,0.00111541008748998,NA,NA,NA,NA,NA,NA,NA,NA,NA,NA,1.82103819042601,-2.95256543217598
"Spondias_purpurea","Spondias","Anacardiaceae","Sapindales",0,NA,0.110002234,NA,11.13,15.06,5.82,NA,11.13,15.06,11.01,14.83,0,11,NA,25.19583321,942,19.5,-105.05,11.13,3.76445960702228,0.646814365467746,15.06,14.83,11,0.74173971679029,1.01550910316925,7.01481435127554,0.0153900662219069,-0.29875688335147,0.00108719600044841,NA,0.616673213907617,20.3776819407008,0.120000000000001,0.00796812749003991,0.00809170600134868,0.0107816711590297,0.010909090909091,0.988319856244384,0.730411686586985,NA,-2.96369215394516
"Sprengelia_incarnata","Sprengelia","Ericaceae","Ericales",1,NA,NA,0.01,0.325,2.435,0.925,NA,NA,NA,NA,NA,NA,NA,NA,8.095833778,1890,-42.8,146.4,0.335,0.653078472845406,0.706404371458406,NA,NA,NA,0,1,3.51143404304132,NA,NA,NA,NA,0.688803634400645,18.2442471590909,NA,0,0,0,0,0,0,NA,NA
"Staphylea_japonica","Staphylea","Staphyleaceae","Crossosomatales",0,70.8,0.098604132,0.025,10.595,15.16,5.615,NA,10.595,15.16,10.445,14.1,0,66,NA,17.95416641,3064,30.31,130.63,10.62,3.67090721963969,0.655921288469591,15.16,14.1,66,4.59716761322266,1.07433498373865,6.96104576428195,0.0716431136902444,1.49273394582223,0.00091676149275156,NA,0.580075293669077,21.7164992486146,0.149999999999999,0.00974246181617431,0.0104879617494296,0.0139064994834225,0.00231417624521072,6.08093829247675,4.26791331855344,1.85003325768977,-3.03774363690889
"Staphylea_ternata","Staphylea","Staphyleaceae","Crossosomatales",0,75.575,0.10376158825,0.2275,39.2325,32.7475,13.05,NA,39.2325,32.7475,38.205,30.0775,0,58.75,NA,18.57291603,3066,30.3296,130.6472,39.46,7.03648461754656,0.539373785431756,32.7475,30.0775,58.75,1.95185509870982,1.09069606152482,8.2506710236428,0.0865863744088072,0.667191083764328,0.000279877329195109,NA,0.451979238873231,27.8829600999088,1.0275,0.0314184399470381,0.0342937819579863,0.0271513852876886,0.0176852564102564,1.54655127326308,1.79199431561958,1.87837815584985,-3.55303227911234
"Stewartia_monadelpha","Stewartia","Theaceae","Ericales",0,65.9875,0.065374288375,0.0725,10.1525,15.97,6.4425,NA,10.1525,15.97,10.02875,15.41875,0,33.625,NA,16.3822913175,3192.75,30.3173,130.61605,10.225,3.53766472522014,0.560780674071488,15.97,15.41875,33.625,2.06763172259933,1.03553510576386,6.84961164033287,0.0347190701696477,0.654041079347106,0.00048362418244698,NA,0.495247180301808,26.2804418950095,0.12375,0.00760283672966186,0.00795191684520647,0.0124056013012174,0.00454128992975382,3.21619200054397,2.00164483411227,1.81946167500901,-3.31549199143263
"Stewartia_pseudocammellia","Stewartia","Theaceae","Ericales",0,32,0.105682756,0.03,28.7,23.14,8.45,NA,28.7,23.14,28.42,21.84,0,55,NA,6.700000286,1960,36.7198,139.4699,28.73,6.04815443918566,0.71575792179712,23.14,21.84,55,2.51831501831502,1.05952380952381,7.96311205897929,0.0578195708888262,0.923590034355767,0.000388751998459991,NA,0.673542572832961,18.6571289198606,0.279999999999998,0.0121002592912704,0.0128205128205127,0.00975609756097553,0.00509090909090905,1.91637630662021,2.37683664649957,1.50514997831991,-3.41032736537883
"Stigmaphyllon_periplocifolium","Stigmaphyllon","Malpighiaceae","Malpighiales",1,105.3,0.117633236,0.065,12.8,14.595,5.31,NA,NA,NA,NA,NA,NA,NA,NA,26.21666718,1058,17.96222,-67.200125,12.865,4.04516614687402,0.761850283998257,NA,NA,NA,0,1,7.15762022557861,NA,NA,0.00101078000086426,NA,0.75413743298346,16.6735644607843,NA,0,0,0,0,0,0,2.02242837118549,-2.99534335955012
"Storckiella_australiensis","Storckiella","Fabaceae","Fabales",1,NA,NA,0.04,37.68,28.4,11.29,NA,NA,NA,NA,NA,NA,NA,NA,23.6875,3054,-16.144616,145.430116,37.72,6.93012233856015,0.613828373654574,NA,NA,NA,0,1,8.23536064375335,NA,NA,NA,NA,0.587062146336359,21.4055201698514,NA,0,0,0,0,0,0,NA,NA
"Strombosia_pustulata","Strombosia","Olacaceae","Santalales",NA,61.01870923,0.2566,NA,101.4521,NA,NA,NA,NA,NA,NA,NA,NA,NA,NA,21.58333333,1671.9,2.1261,16.17776667,101.4521,11.3654223685891,NA,NA,NA,NA,NA,NA,9.22475695189782,NA,NA,0.000649011306813757,NA,NA,NA,NA,NA,NA,NA,NA,NA,NA,1.78546301647883,-3.18774773703006
"Strychnos_cf. tarapotensis","Strychnos","Loganiaceae","Gentianales",1,NA,0.222173661,0.185,47.74,29.92,11.74,NA,NA,NA,NA,NA,NA,NA,NA,25.29999924,4740,2.970351018,-78.18942184,47.925,7.60626408374687,0.674870948455295,NA,NA,NA,0,1,8.36529575683956,NA,NA,0.00142556500402388,NA,0.668024072637742,19.2238745357941,NA,0,0,0,0,0,0,NA,-2.84601297460481
"Strychnos_ignatii","Strychnos","Loganiaceae","Gentianales",1,NA,NA,NA,58.21,35.47,14.675,NA,NA,NA,NA,NA,NA,NA,NA,24.77499962,2225,5.016667,117.8125,58.21,8.59959837735341,0.585853728908449,NA,NA,NA,0,1,8.66484127219859,NA,NA,NA,NA,0.58009486324078,21.6626798594324,NA,0,0,0,0,0,0,NA,NA
"Strychnos_lucida","Strychnos","Loganiaceae","Gentianales",NA,61.55680778,0.15,NA,11.9077,NA,NA,NA,NA,NA,NA,NA,NA,NA,NA,23.075,967.7,-19.33205,146.7726,11.9077,3.89375840632709,NA,NA,NA,NA,NA,NA,7.0823554356768,NA,NA,0.00188953366309195,NA,NA,NA,NA,NA,NA,NA,NA,NA,NA,1.78927609005032,-2.72364536648057
"Stylogyne_standleyi","Stylogyne","Primulaceae","Ericales",1,NA,NA,NA,69.36,40.36,17.17,NA,NA,NA,NA,NA,NA,NA,NA,26.39583397,2496,9.17,-79.85,69.36,9.39744086562033,0.547317464509046,NA,NA,NA,0,1,8.84448051846038,NA,NA,NA,NA,0.535077431100738,23.4851441753172,NA,0,0,0,0,0,0,NA,NA
"Suriana_maritima","Suriana","Surianaceae","Fabales",1,159.45,0.05534423,0.025,0.575,5.44,2.365,NA,NA,NA,NA,NA,NA,NA,NA,26.21666718,1058,17.96222,-67.200125,0.6,0.873917308028204,0.369577675212346,NA,NA,NA,0,1,4.09378869779576,NA,NA,0.00523069979792366,NA,0.244073780540958,51.4869015151515,NA,0,0,0,0,0,0,2.20262452357898,-2.28144020443183
"Swartzia_arborescens","Swartzia","Fabaceae","Fabales",1,46.05,0.041925835,0.015,16.63,17.275,6.92,NA,NA,NA,NA,NA,NA,NA,NA,25.09583282,3334,-0.6859,-76.3953,16.645,4.56389147032872,0.658977092348395,NA,NA,NA,0,1,7.38232858749769,NA,NA,0.000107696998297733,NA,0.686889767629687,18.2991103728356,NA,0,0,0,0,0,0,1.66322963453287,-3.96779640107433
"Swartzia_panamensis","Swartzia","Fabaceae","Fabales",1,61,0.146416544,NA,79.51,42.2,17.06,NA,NA,NA,NA,NA,NA,NA,NA,26.39583397,2496,9.17,-79.85,79.51,10.0615742407385,0.589775746819374,NA,NA,NA,0,1,8.98105298590148,NA,NA,0.000269624001470305,NA,0.56105665166309,22.3976858256823,NA,0,0,0,0,0,0,1.78532983501077,-3.56924145025932
"Swartzia_simplex","Swartzia","Fabaceae","Fabales",1,57.7,0.257823715,NA,127.98,48.62,19.89,NA,NA,NA,NA,NA,NA,NA,NA,26.39583397,2496,9.17,-79.85,127.98,12.7651555781826,0.641787610768356,NA,NA,NA,0,1,9.45704418769941,NA,NA,0.000519402000440703,NA,0.680333820278725,18.4708892014377,NA,0,0,0,0,0,0,1.76117581315573,-3.28449638204848
"Swietenia_macrophylla","Swietenia","Meliaceae","Sapindales",1,68.65,0.2267015685,0.08,80.525,37.595,14.93,NA,NA,NA,NA,NA,NA,NA,NA,23.96249962,1997,18.4095,-66.9706,80.605,9.80129274102788,0.678408510288331,NA,NA,NA,0,1,8.85785780280465,NA,NA,0.000657074000332634,NA,0.67858915189582,18.5527037559612,NA,0,0,0,0,0,0,1.83664054157277,-3.1823857170059
"Swietenia_mahagoni","Swietenia","Meliaceae","Sapindales",1,103.7,0.069230689,0.02,5.655,11.455,4.61,NA,NA,NA,NA,NA,NA,NA,NA,25.17499924,1157,17.96999997,-66.87083829,5.675,2.68642371429507,0.583555082845474,NA,NA,NA,0,1,6.33881253738288,NA,NA,0.000907743996101273,NA,0.541035457013485,23.2972450259312,NA,0,0,0,0,0,0,2.01577875638904,-3.04203661486752
"Symphonia_globulifera","Symphonia","Clusiaceae","Malpighiales",1,NA,0.123706061,0.12,4.825,11.69,5.145,NA,NA,NA,NA,NA,NA,NA,NA,25.29999924,4740,2.970351018,-78.18942184,4.945,2.49301007292171,0.483030066288985,NA,NA,NA,0,1,6.17745748762498,NA,NA,0.00314215308658625,NA,0.436565853417655,29.1135133333333,NA,0,0,0,0,0,0,NA,-2.50277265983072
"Symphysia_racemosa","Symphysia","Ericaceae","Ericales",1,193.65,0.1034583515,0.055,10.585,14.66,5.785,NA,NA,NA,NA,NA,NA,NA,NA,18.68333435,1961,18.1702,-66.5703,10.64,3.62535237479688,0.622690405533592,NA,NA,NA,0,1,6.90828100250003,NA,NA,0.00116552865300296,NA,0.594727566297752,21.2803187855768,NA,0,0,0,0,0,0,2.2870175013221,-2.93347704544832
"Symplocos_cf. lucida","Symplocos","Symplocaceae","Ericales",0,103.966666666667,0.1095973895,0.12,17.1666666666667,19.3066666666667,8.18,NA,17.1666666666667,19.3066666666667,17.08,19.1033333333333,0,23.3333333333333,NA,19.19166565,3068,30.3492,130.6644,17.2866666666667,4.6173029744616,0.562893403474501,19.3066666666667,19.1033333333333,23.3333333333333,1.2579958016356,1.01090920265051,7.39277713810763,0.0108270414855089,0.0362296551576469,0.000718046995895577,NA,0.557597678347011,22.5703395287556,0.0866666666666672,0.00447628718991168,0.00454196222008016,0.00534390497912481,0.00348290598290604,1.52568067634173,1.23963230323819,2.01689412003748,-3.14384713042317
"Symplocos_cf. prunifolia","Symplocos","Symplocaceae","Ericales",0,82.85,0.111503705,0.115,12.315,18.69,7.355,NA,12.315,18.69,12,17.54,0,22.5,NA,14.71249962,3273,30.3101,130.5899,12.43,3.97805132840472,0.541105441797219,18.69,17.54,22.5,1.28264733546244,1.06562385496785,7.1250966549012,0.0635538437106786,0.248902839913654,0.001027018501682,NA,0.442999035960286,28.3669639120787,0.315,0.0168720153624283,0.0179851530681416,0.0256290930295147,0.0140316205533597,1.82695555121663,1.20370420740309,1.91829251275536,-2.98842173254097
"Symplocos_glauca","Symplocos","Symplocaceae","Ericales",0,68.15,0.166551962,0.16,35.4,37.425,16.93,NA,35.4,37.425,35.395,37.36,0,4,NA,19.19166565,3068,30.3492,130.6644,35.56,6.724235153313,0.397176840400094,37.425,37.36,4,0.108353822813008,1.00171515963135,8.17369074984092,0.00171351195726325,-2.26572522307738,0.000787610847219393,NA,0.317297254051815,39.6078003019636,0.00500000000000256,0.000139431121026284,0.00013958682300398,0.000152578577967731,0.00100000000000051,0.115731834342754,0.108186963436933,1.83346586017069,-3.10368831125524
"Symplocos_myrtacea","Symplocos","Symplocaceae","Ericales",0,78.0166666666667,0.057862166,0.0783333333333333,5.82666666666667,14.87,6.27666666666667,NA,5.82666666666667,14.87,5.68166666666667,12.6516666666667,0,33.3333333333333,NA,13.48472214,3350.66666666667,30.3033,130.5699,5.905,2.72696906610153,0.435900643259326,14.87,12.6516666666667,33.3333333333333,2.89181719222407,1.29965117052597,6.35865167454658,0.19813427819507,1.00415535472785,0.000621713955527333,NA,0.329457038408156,38.5100949270867,0.145,0.0097825780355674,0.0124603366973087,0.0257857217315524,0.0044888781139415,5.91308920878625,2.25930366071786,1.8921873907438,-3.20640938397415
"Symplocos_paucistaminea","Symplocos","Symplocaceae","Ericales",0,NA,NA,0.11,39.27,44.24,11.51,NA,39.27,44.24,38.74,31.21,0,52,NA,23.6875,3054,-16.144616,145.430116,39.38,7.08097262186987,0.615201791648121,44.24,31.21,52,1.66613264979173,1.41749439282281,8.27842825919907,0.348890800931391,0.510505162298739,NA,NA,0.252139291817914,49.8390017825312,0.530000000000001,0.0119801084990959,0.0169817366228773,0.0134963076139547,0.0101923076923077,1.32416603004838,1.1754068716094,NA,NA
"Symplocos_petans","Symplocos","Symplocaceae","Ericales",0,102.85,0.1834655365,0.195,40.02,35.305,13.99,NA,40.02,35.305,39.605,31.81,0,65,6,17.95416641,3064,30.31,130.63,40.215,7.12524621090056,0.508236053786553,35.305,31.81,71,2.22854850888531,1.10935507077161,8.28230515584671,0.103746492158745,0.800991377165006,0.000859706998904429,NA,0.398902190790562,31.5947599420924,0.414999999999999,0.0117216048444632,0.0130079063709574,0.0105187902425103,0.00637502984005728,1.80768018834833,2.00856557586419,2.01220429603074,-3.06564953764095
"Symplocos_tinctoria","Symplocos","Symplocaceae","Ericales",0,74.6666666666667,0.139184784,0.06,20.1266666666667,20.2066666666667,8.41,NA,20.1266666666667,20.2066666666667,20.06,19.58,0,11.3333333333333,NA,17.19583321,1232,34.18,-79.38,20.1866666666667,5.03690814853442,0.597234370552836,20.2066666666667,19.58,11.3333333333333,0.601080928117817,1.03546256708388,7.58464619167623,0.0339716272526662,-0.682846289514301,0.000969162332799492,NA,0.608970051765854,20.6991371977975,0.0666666666666664,0.00316468917944089,0.00327756738227063,0.00305339085169797,0.00638596491228068,0.591405347045543,0.567607109728976,1.8731267636145,-3.01360347337814
"Syncarpia_glomulifera","Syncarpia","Myrtaceae","Myrtales",1,140.5856057,0.182726650333333,0.626666666666667,47.6467500016667,40.4866666666667,15.68,NA,NA,NA,NA,NA,NA,NA,NA,17.102083205,1213,-33.655233335,151.17985835,47.960083335,7.04894787369111,0.677701951708258,NA,NA,NA,0,1,8.0100647192686,NA,NA,0.00109452444819481,NA,0.65712147032042,19.3887081615858,NA,0,0,0,0,0,0,2.14794085635178,-2.96077453323034
"Synima_cordierorum","Synima","Sapindaceae","Sapindales",1,NA,NA,0.08,18.89,20.21,8.28,NA,NA,NA,NA,NA,NA,NA,NA,23.6875,3054,-16.144616,145.430116,18.97,4.91460620636344,0.593551474198483,NA,NA,NA,0,1,7.54802896993501,NA,NA,NA,NA,0.581178038574299,21.6222392800424,NA,0,0,0,0,0,0,NA,NA
"Synoum_glandulosum","Synoum","Meliaceae","Sapindales",1,127.0982116,0.149330256333333,0.206666666666667,24.0865333335,31.3933333333333,13.2466666666667,NA,NA,NA,NA,NA,NA,NA,NA,17.102083205,1213,-33.655233335,151.17985835,24.1898666668333,5.11016969922064,0.546500589171602,NA,NA,NA,0,1,7.43533205732237,NA,NA,0.00127343146441214,NA,0.52180432939542,24.3440508687149,NA,0,0,0,0,0,0,2.10413943963571,-2.8950244236321
"Syringa_vulgaris","Syringa","Oleaceae","Lamias",NA,71.41170345,0.2955,NA,54.32773333,NA,NA,NA,NA,NA,NA,NA,NA,NA,NA,16.12916756,784,36.416864,-5.581529,54.32773333,8.31698373520007,NA,NA,NA,NA,NA,NA,8.60020502526891,NA,NA,0.00160728682475294,NA,NA,NA,NA,NA,NA,NA,NA,NA,NA,1.85376939282987,-2.79390661527635
"Syzygium_campanulatum","Syzygium","Myrtaceae","Myrtales",1,NA,NA,NA,9.395,17.08,7.68,NA,NA,NA,NA,NA,NA,NA,NA,24.77499962,2225,5.016667,117.8125,9.395,3.45862174099231,0.452069821642083,NA,NA,NA,0,1,6.84534427840739,NA,NA,NA,NA,0.40819725705277,31.1345220607395,NA,0,0,0,0,0,0,NA,NA
"Syzygium_cerasiforme","Syzygium","Myrtaceae","Myrtales",1,75.45,0.106979021,0.02,40.885,31.455,13.165,NA,NA,NA,NA,NA,NA,NA,NA,27.47916603,2255,3.083,101.583,40.895,7.2157282052078,0.548306349421611,NA,NA,NA,0,1,8.31608589304178,NA,NA,0.000283701312199267,NA,0.519336939851835,24.2000391380416,NA,0,0,0,0,0,0,1.87765924411161,-3.54713865546399
"Syzygium_erythrocalyx","Syzygium","Myrtaceae","Myrtales",1,NA,NA,0.07,65.49,39.26,16.84,NA,NA,NA,NA,NA,NA,NA,NA,23.6875,3054,-16.144616,145.430116,65.56,9.13638793795651,0.542540851422596,NA,NA,NA,0,1,8.78813593986372,NA,NA,NA,NA,0.533929926990111,23.5356176515499,NA,0,0,0,0,0,0,NA,NA
"Syzygium_glauco","Syzygium","Myrtaceae","Myrtales",1,82.45,0.104153151,0.045,28.755,25.14,10.675,NA,NA,NA,NA,NA,NA,NA,NA,25.29166603,2035,2.917,102.25,28.8,6.03836572289237,0.568496336610751,NA,NA,NA,0,1,7.95416707956868,NA,NA,0.00041191496802328,NA,0.570843563098701,22.0482238745793,NA,0,0,0,0,0,0,1.91619065998054,-3.38519242651455
"Syzygium_jambos","Syzygium","Myrtaceae","Myrtales",1,201.3,0.1894226515,0.185,27.06,35.15,15.305,NA,NA,NA,NA,NA,NA,NA,NA,22.53333282,2174,18.1702,-66.99,27.245,5.88952871408568,0.386005541320022,NA,NA,NA,0,1,7.90987513010244,NA,NA,0.00131991449956923,NA,0.276007051192699,45.744768851515,NA,0,0,0,0,0,0,2.30384377488865,-2.879454200285
"Syzygium_nervosa","Syzygium","Myrtaceae","Myrtales",1,NA,NA,0.26,89.76,44,17.96,NA,NA,NA,NA,NA,NA,NA,NA,23.6875,3054,-16.144616,145.430116,90.02,10.7059340469227,0.596098777668304,NA,NA,NA,0,1,9.10520205385288,NA,NA,NA,NA,0.582622637574834,21.5686274509804,NA,0,0,0,0,0,0,NA,NA
"Syzygium_sandwicensis","Syzygium","Myrtaceae","Myrtales",1,NA,0.268458015,0.09,20.845,18.845,6.975,NA,NA,NA,NA,NA,NA,NA,NA,20.72083282,4667,21.3279,-157.755,20.935,5.16177183638257,0.740469485928525,NA,NA,NA,0,1,7.64573825228974,NA,NA,0.00330594980815322,NA,0.737353364762801,17.0427428319502,NA,0,0,0,0,0,0,NA,-2.48070374429378
"Syzygium_sayeri","Syzygium","Myrtaceae","Myrtales",NA,108.7302861,0.27,NA,53.745375,NA,NA,NA,NA,NA,NA,NA,NA,NA,NA,25.55,1918.1,-16.10325,145.4461667,53.745375,8.27228727720578,NA,NA,NA,NA,NA,NA,8.58942780278202,NA,NA,0.00135639578289295,NA,NA,NA,NA,NA,NA,NA,NA,NA,NA,2.03635053078442,-2.86761356913663
"Syzygium_wilsonii ssp. sryptophlebium","Syzygium","Myrtaceae","Myrtales",1,NA,NA,0.09,29.99,27.3,11.78,NA,NA,NA,NA,NA,NA,NA,NA,23.6875,3054,-16.144616,145.430116,30.08,6.18862226231604,0.525349937378272,NA,NA,NA,0,1,8.00903068506973,NA,NA,NA,NA,0.505662835573577,24.8512837612538,NA,0,0,0,0,0,0,NA,NA
"Tabebuia_guayacan","Tabebuia","Bignoniaceae","Lamiales",1,NA,0.157458066,NA,85.21,40.41,15.81,NA,NA,NA,NA,NA,NA,NA,NA,26.39583397,2496,9.17,-79.85,85.21,10.4159849081536,0.658822574835774,NA,NA,NA,0,1,9.05028898382796,NA,NA,0.00029096400127286,NA,0.65572648972723,19.1640429527051,NA,0,0,0,0,0,0,NA,-3.53616073959022
"Tabebuia_haemantha","Tabebuia","Bignoniaceae","Lamiales",1,219.1,0.172240374,0.22,35.2,24.265,8.99,NA,NA,NA,NA,NA,NA,NA,NA,22.53333282,2174,18.1702,-66.99,35.42,6.71547982437786,0.74721339774091,NA,NA,NA,0,1,8.17242573508499,NA,NA,0.000838306164398109,NA,0.751615035756913,16.7318538542492,NA,0,0,0,0,0,0,2.34064237756071,-3.07659734028976
"Tabebuia_heterophylla","Tabebuia","Bignoniaceae","Lamiales",1,189.5,0.086350868,0.0525,8.39,11.56125,4.65875,NA,NA,NA,NA,NA,NA,NA,NA,24.471874715,1596.5,18.1279799925,-67.0078908225,8.4425,2.96096050906787,0.645130486607888,NA,NA,NA,0,1,6.3677617559167,NA,NA,0.00119266340509127,NA,0.650277867239021,19.6059415918014,NA,0,0,0,0,0,0,2.27760921430409,-2.92348210615136
"Tabebuia_rosea","Tabebuia","Bignoniaceae","Lamiales",1,69.9,0.256561426,NA,324.9,77.36,30.44,NA,NA,NA,NA,NA,NA,NA,NA,26.39583397,2496,9.17,-79.85,324.9,20.3390149241416,0.668167375957345,NA,NA,NA,0,1,10.3886876286631,NA,NA,0.000202597000034329,NA,0.682223465594802,18.4197279162819,NA,0,0,0,0,0,0,1.84447717574568,-3.69336698976637
"Tabernaemontana_arborea","Tabernaemontana","Apocynaceae","Gentianales",1,88.1,0.18277815,NA,54.27,32.2,13.12,NA,NA,NA,NA,NA,NA,NA,NA,26.39583397,2496,9.17,-79.85,54.27,8.31256338879754,0.633579526585179,NA,NA,NA,0,1,8.5991417740634,NA,NA,0.000615585998109867,NA,0.657745585858254,19.1052146674037,NA,0,0,0,0,0,0,1.94497590841205,-3.21071126702896
"Tabernaemontana_macrocarpa","Tabernaemontana","Apocynaceae","Gentianales",1,NA,NA,0.21,125.015,50.24,21.115,NA,NA,NA,NA,NA,NA,NA,NA,24.77499962,2225,5.016667,117.8125,125.12,12.4587928780356,0.586212302350998,NA,NA,NA,0,1,9.38178122654605,NA,NA,NA,NA,0.601260416441299,21.0901688382972,NA,0,0,0,0,0,0,NA,NA
"Tabernaemontana_pequeqa","Tabernaemontana","Apocynaceae","Gentianales",1,42,0.1273553615,0.17,36.09,28.595,12.415,NA,NA,NA,NA,NA,NA,NA,NA,25.08749962,3338,-0.7,-76.3953,36.175,6.73760255872156,0.542506718492169,NA,NA,NA,0,1,8.16427552349802,NA,NA,0.000448565353825352,NA,0.545878020636452,23.0223537783379,NA,0,0,0,0,0,0,1.6232492903979,-3.34817427338243
"Tabernaemontana_sananho","Tabernaemontana","Apocynaceae","Gentianales",1,34.8,0.17999238,0.29,163.08,55.675,23.13,NA,NA,NA,NA,NA,NA,NA,NA,25.09583282,3334,-0.6859,-76.3953,163.225,14.282985340101,0.618113753437565,NA,NA,NA,0,1,9.66283673855841,NA,NA,0.000271402000989063,NA,0.649081994077252,19.3603216256219,NA,0,0,0,0,0,0,1.54157924394658,-3.5663869547039
"Tabernaemontana_thurstonii","Tabernaemontana","Apocynaceae","Gentianales",1,88.3,0.175292591,0.575,123.135,46.17,18.19,NA,NA,NA,NA,NA,NA,NA,NA,25.32083321,2450,-16.633333,179.083333,123.71,12.5499576939196,0.690084097130507,NA,NA,NA,0,1,9.42297029195035,NA,NA,0.000248440158913671,NA,0.725881072948593,17.3164015494702,NA,0,0,0,0,0,0,1.94596070357757,-3.60477820163181
"Tachigali_formicarum","Tachigali","Fabaceae","Fabales",1,51,0.2066883525,0.05,117.055,51.705,21.465,NA,NA,NA,NA,NA,NA,NA,NA,25.08749962,3338,-0.7,-76.3953,117.105,12.2077913102934,0.569773857804136,NA,NA,NA,0,1,9.36726754979775,NA,NA,0.00037007345496722,NA,0.550753486760934,22.8397777875344,NA,0,0,0,0,0,0,1.70757017609794,-3.43171206533641
"Tachigali_paniculata","Tachigali","Fabaceae","Fabales",1,NA,NA,NA,76.16,41.4,14.91,NA,NA,NA,NA,NA,NA,NA,NA,26.97500038,2237,-3,-58.97,76.16,9.8473307919979,0.660451428034735,NA,NA,NA,0,1,8.9380065764712,NA,NA,NA,NA,0.558388052223853,22.5047268907563,NA,0,0,0,0,0,0,NA,NA
"Tachigali_versicolor","Tachigali","Fabaceae","Fabales",1,NA,0.228455765,NA,108.46,48.4,20.38,NA,NA,NA,NA,NA,NA,NA,NA,26.39583397,2496,9.17,-79.85,108.46,11.7514067677864,0.576614659852129,NA,NA,NA,0,1,9.29155162740101,NA,NA,0.000481209999647199,NA,0.581820127054759,21.5983772819473,NA,0,0,0,0,0,0,NA,-3.31766535650576
"Talisia_nervosa","Talisia","Sapindaceae","Sapindales",1,57.6,0.255588136,NA,190.84,74.17,32.96,NA,NA,NA,NA,NA,NA,NA,NA,26.39583397,2496,9.17,-79.85,190.84,15.5879772490615,0.472936202944827,NA,NA,NA,0,1,9.856605566636,NA,NA,0.000342303999496722,NA,0.435935978865278,28.8261837141061,NA,0,0,0,0,0,0,1.76042248342321,-3.46558802651445
"Talisia_princeps","Talisia","Sapindaceae","Sapindales",1,NA,0.179503731,NA,89.45,47.65,20.61,NA,NA,NA,NA,NA,NA,NA,NA,26.39583397,2496,9.17,-79.85,89.45,10.6719856295143,0.517806192601375,NA,NA,NA,0,1,9.09884999594282,NA,NA,0.000360218998802911,NA,0.49506747960191,25.3831470095025,NA,0,0,0,0,0,0,NA,-3.44343338519313
"Tapeinosperma_grande","Tapeinosperma","Primulaceae","Ericales",1,193.05,0.3844317975,0.295,102.98,58.77,26.19,NA,NA,NA,NA,NA,NA,NA,NA,24.46666718,2982,-16.75001585,179.0199514,103.275,11.4656156569956,0.441138807721372,NA,NA,NA,0,1,9.24205629209724,NA,NA,0.0014867029985232,NA,0.378793350532001,33.5972785606848,NA,0,0,0,0,0,0,2.28566980596007,-2.82777578264518
"Tapura_juruana","Tapura","Dichapetalaceae","Malpighiales",1,48.7,0.159816073,0.21,62.785,38.69,16.865,NA,NA,NA,NA,NA,NA,NA,NA,25.09583282,3334,-0.6859,-76.3953,62.89,8.94704031585094,0.530778718341449,NA,NA,NA,0,1,8.74594511970412,NA,NA,0.000409012500069498,NA,0.527637587315093,23.8419402910762,NA,0,0,0,0,0,0,1.68752896121463,-3.38826341906295
"Tasmannia_lanceolata","Tasmannia","Winteraceae","Canellales",NA,214.9595687,0.1576,NA,2.0776,NA,NA,NA,NA,NA,NA,NA,NA,NA,NA,8.220832825,2634,-41.8,145.6,2.0776,1.62643243884945,NA,NA,NA,NA,NA,NA,5.33638356735449,NA,NA,0.0119550250288795,NA,NA,NA,NA,NA,NA,NA,NA,NA,NA,2.33235678204719,-1.92244951031417
"Telopea_truncata","Telopea","Proteaceae","Proteales",1,225.7973582,0.1873314315,0.14,4.8557,12.63,5.24,NA,NA,NA,NA,NA,NA,NA,NA,8.220832825,2634,-41.8,145.6,4.9257,2.5033738651533,0.475760258992092,NA,NA,NA,0,1,6.1981248468375,NA,NA,0.00718396979215619,NA,0.373214831736265,33.6879162315814,NA,0,0,0,0,0,0,2.35371885642919,-2.14363550249992
"Tepualia_stipularis","Tepualia","Myrtaceae","Myrtales",1,NA,NA,0.015,0.32,2.38,0.965,NA,NA,NA,NA,NA,NA,NA,NA,8.958333015,1793,-40.2427,-73.3484,0.335,0.653078472845406,0.676850286170546,NA,NA,NA,0,1,3.51143404304132,NA,NA,NA,NA,0.709951906142475,17.7015625,NA,0,0,0,0,0,0,NA,NA
"Terminalia_amazonia","Terminalia","Combretaceae","Myrtales",1,NA,0.157508821,NA,8.99,12.67,4.73,NA,NA,NA,NA,NA,NA,NA,NA,26.39583397,2496,9.17,-79.85,8.99,3.38325634665319,0.715276183224777,NA,NA,NA,0,1,6.80128303447162,NA,NA,0.00275962499363849,NA,0.70374662645224,17.8563848720801,NA,0,0,0,0,0,0,NA,-2.55914993034737
"Terminalia_fernandiana","Terminalia","Combretaceae","Myrtales",NA,129.1944678,0.4,NA,156.0438333,NA,NA,NA,NA,NA,NA,NA,NA,NA,NA,27.60833333,1562.1,-12.45230556,131.1080278,156.0438333,14.0954311487667,NA,NA,NA,NA,NA,NA,9.65530713646169,NA,NA,0.00102535291921722,NA,NA,NA,NA,NA,NA,NA,NA,NA,NA,2.11124391725525,-2.98912662779048
"Terminalia_triflora","Terminalia","Combretaceae","Myrtales",1,NA,0.0316159466,NA,1.516,6.344,2.58,NA,NA,NA,NA,NA,NA,NA,NA,19.32500076,629,-24.58,-64.7,1.516,1.3722219363835,0.53327411546407,NA,NA,NA,0,1,4.97038103070598,NA,NA,0.000713101198378104,NA,0.462786197749745,27.4014560665485,NA,0,0,0,0,0,0,NA,-3.14684883371264
"Tetracarpaea_tasmanica","Tetracarpaea","Tetracarpaeaceae","Saxifragales",NA,138.7945671,0.1618,NA,1.4136,NA,NA,NA,NA,NA,NA,NA,NA,NA,NA,8.220832825,2634,-41.8,145.6,1.4136,1.34158541302357,NA,NA,NA,NA,NA,NA,4.95130982801144,NA,NA,0.0185195529145444,NA,NA,NA,NA,NA,NA,NA,NA,NA,NA,2.14237246666157,-1.7323695019462
"Tetracarpaea_tasmannica","Tetracarpaea","Tetracarpaeaceae","Saxifragales",0,NA,0.1471216785,0.02,1.36,5.91,1.975,NA,1.36,5.91,1.285,4.985,0,26.5,4,8.220832825,2634,-41.8,145.6,1.38,1.3230189088426,0.669465974189279,5.91,4.985,30.5,6.12556378865979,1.18620932667526,4.91960783125799,0.170556354698368,1.81152572107325,0.0159137345237406,NA,0.488586377406992,26.002600877193,0.075,0.0126966629922838,0.0150833601804124,0.056359649122807,0.00283475783475783,22.7850877192982,5.16155354816543,NA,-1.79822789120621
"Tetragastris_panamensis","Tetragastris","Burseraceae","Sapindales",0.75,133,0.150524732,NA,37.165,28.55625,11.66375,NA,37.945,28.455,37.935,28.42,0,0.75,0,26.685417175,2366.5,3.085,-69.41,37.165,6.81075303678273,0.583362231346637,28.455,28.42,0.75,0.0137872982700569,1.00031565656566,8.17833709732055,0.000630891747268086,-2.99528607451962,0.00050813399739116,NA,0.559928084015905,22.9486807122984,0.004999999999999,9.78090766822967e-05,9.79623824451216e-05,7.48502994011827e-05,0.00124999999999975,0.0104268986151021,0.0137681484975777,2.12385164096709,-3.29402174705893
"Tetragonia_implexicoma","Tetragonia","Aizoaceae","Caryophyllales",1,82.55,0.074587796,0.11,5.57,9.77,3.145,NA,NA,NA,NA,NA,NA,NA,NA,12.95416641,949,-40.45,175.216667,5.68,2.68302443983327,0.854863650984431,NA,NA,NA,0,1,6.33284722229515,NA,NA,0.00113306299636204,NA,0.73183294155917,17.1880471783407,NA,0,0,0,0,0,0,1.91671707759881,-2.94574594343595
"Tetrasynandra_laxiflora","Tetrasynandra","Monimiaceae","Laurales",1,NA,NA,0.21,61.88,35.16,14.01,NA,NA,NA,NA,NA,NA,NA,NA,23.6875,3054,-16.144616,145.430116,62.09,8.891312801415,0.634640456917559,NA,NA,NA,0,1,8.73375513136489,NA,NA,NA,NA,0.629017077155291,19.977789269554,NA,0,0,0,0,0,0,NA,NA
"Tetrathylacium_?johanseni","Tetrathylacium","Salicaceae","Malpighiales",1,79.1,0.138892173,NA,64.47,41.25,17.88,NA,NA,NA,NA,NA,NA,NA,NA,26.39583397,2496,9.17,-79.85,64.47,9.06011884298854,0.506718056095556,NA,NA,NA,0,1,8.77137018531062,NA,NA,0.000299224999544935,NA,0.476123512070662,26.3930898092136,NA,0,0,0,0,0,0,1.89817648349768,-3.52400212500926
"Tetrathylacium_macrophyllum","Tetrathylacium","Salicaceae","Malpighiales",0,61.15,0.3099235205,0.43,278.47,75.83,30.315,NA,278.47,75.83,275.74,74.93,0,54,NA,25.09583282,3334,-0.6859,-76.3953,278.9,18.7714827328525,0.618764180519863,75.83,74.93,54,0.718903626251869,1.01211231950316,10.2204829334811,0.0120387919844502,-0.330489519726412,0.00034655099960935,NA,0.603112379281776,20.841719773293,2.73,0.0359039639271054,0.036337317082791,0.0099119512680261,0.0505416666666667,0.196145984233807,0.710327929932065,1.7863964613723,-3.46023284411396
"Tetrazygia_biflora","Tetrazygia","Melastomataceae","Myrtales",0,128.75,0.450427085,0.21,24.94,24.06,10.2,NA,24.94,24.06,24.885,24.025,0,25.5,NA,20.09166718,2083,18.15399777,-66.80487416,25.15,5.62381175116142,0.549745460069921,24.06,24.025,25.5,1.03487209816683,1.00141327606679,7.8050662964029,0.00141215283610303,-0.0113465269144634,0.00811427300040284,NA,0.532726588051838,23.6469189030218,0.0549999999999997,0.0022121120970572,0.00221566285545306,0.00208563095850795,0.00208035714285715,0.986447074969978,1.03325896960278,2.10974723771323,-2.09075038477885
"Tetrazygia_crotonifolia","Tetrazygia","Melastomataceae","Myrtales",0,213.5,NA,NA,4.45,10.08,3.875,NA,4.45,10.08,4.345,9.775,0,53.5,NA,18.68333435,1961,18.1702,-66.5703,4.45,2.37726604840245,0.621789017662444,10.08,9.775,53.5,5.47751469887176,1.03118544414429,6.09293496910633,0.0307090463737661,1.7006251745833,NA,NA,0.558235477103347,22.8347655612245,0.105,0.0104892387792493,0.0108162508607448,0.0237244897959184,0.00197387005649718,12.0204081632653,5.31186767927647,2.32939787936104,NA
"Tetrazygia_elaeagnoides","Tetrazygia","Melastomataceae","Myrtales",1,215.25,0.0650177185,0.035,5.66,13.01,5.84,NA,NA,NA,NA,NA,NA,NA,NA,23.96249962,1997,18.4095,-66.9706,5.695,2.69271152535868,0.462720086284945,NA,NA,NA,0,1,6.34464738709754,NA,NA,0.000745221496649061,NA,0.423434524994462,29.9554018832815,NA,0,0,0,0,0,0,2.33294316012569,-3.12771462594244
"Teucrium_puberula","Teucrium","Lamiaceae","Lamiales",1,122.6369263,0.057598369,0.02,0.664933333333333,5.89333333333333,2.42666666666667,NA,NA,NA,NA,NA,NA,NA,NA,17.41666603,406,-32.97638,146.14583,0.674933333333333,0.86107831365054,0.487723742949483,NA,NA,NA,0,1,3.90746651083582,NA,NA,0.0062550497134241,NA,0.388020675926683,32.4396466465509,NA,0,0,0,0,0,0,2.08862125708052,-2.2037692343031
"Theobroma_speciosum","Theobroma","Malvaceae","Malvales",1,45.4,0.1715628085,0.35,117.575,52.24,22.475,NA,NA,NA,NA,NA,NA,NA,NA,25.09583282,3334,-0.6859,-76.3953,117.75,12.2149828351228,0.544086348681975,NA,NA,NA,0,1,9.36410753373452,NA,NA,0.000272435311625217,NA,0.5387585052531,23.3246857045265,NA,0,0,0,0,0,0,1.6570558528571,-3.56473660215546
"Theobroma_subincanum","Theobroma","Malvaceae","Malvales",1,70.1,0.2545370195,0.535,228.245,76.41,32.62,NA,NA,NA,NA,NA,NA,NA,NA,25.09583282,3334,-0.6859,-76.3953,228.78,17.0554570680995,0.522957731118558,NA,NA,NA,0,1,10.0351593324368,NA,NA,0.00031874999976757,NA,0.490726988781562,25.6089258620065,NA,0,0,0,0,0,0,1.84571801796666,-3.49654980687467
"Thevetia_ahouai","Thevetia","Apocynaceae","Gentianales",1,49,NA,NA,110.1,62.78,28.54,NA,NA,NA,NA,NA,NA,NA,NA,26.39583397,2496,9.17,-79.85,110.1,11.8399186599968,0.414853491941025,NA,NA,NA,0,1,9.30655922971673,NA,NA,NA,NA,0.351038346523204,35.797714804723,NA,0,0,0,0,0,0,1.69019608002851,NA
"Thouinia_paucidentata","Thouinia","Sapindaceae","Sapindales",0,NA,0.0566485523333333,NA,9.64,17.59,5.7725,NA,9.64,17.59,8.17,13.74,0,13.75,2,25.19583321,942,19.5,-105.05,9.64,3.43275535159069,0.601827423435013,17.59,13.74,14.25,1.08756167944651,1.27600098385398,6.78261854131598,0.243480504384312,0.058077507727176,0.000440667669487817,NA,0.389197424412147,32.8308662449805,1.47,0.0804851381734673,0.102879844042457,0.152711459899824,0.105415521978022,1.73640191634061,0.853339511970308,NA,-3.35588881125114
"Thouinia_striata","Thouinia","Sapindaceae","Sapindales",0,96.2875,0.157835852,0.0875,32.69125,26.48,9.31875,NA,32.69125,26.48,32.0625,24.29875,0,58.625,NA,24.56874943,1577,18.189749985,-66.920719145,32.75125,6.23864252431201,0.687972656420214,26.48,24.29875,58.625,2.61435387114949,1.08857187036146,7.94052156851904,0.0843656787944227,0.864683621282069,0.00112036949862988,NA,0.559852328149706,22.5802372749039,0.628749999999999,0.0217902181307307,0.0240055281595255,0.018816377826966,0.0124493534482758,2.39564975934762,2.4169515428602,1.98356991086926,-2.95063872308753
"Tilia_america","Tilia","Malvaceae","Malvales",0,28.4777777777778,0.1726607035,0.752222222222222,156.925833333333,72.0525,18.5516666666667,NA,156.925833333333,72.0525,151.375833333333,52.2170833333333,0,69.2083333333333,11.0416666666667,7.1906250715,1094,42.57,-74.685,157.49,13.7889389236965,0.751817478107373,72.0525,52.2170833333333,80.25,1.59642440035808,1.38213201942645,9.56152963964486,0.322939721274925,0.439538018956773,0.000244728603880819,NA,0.35903538962695,35.1990897692846,5.54999999999999,0.0724036053922717,0.0996495737810822,0.0347341738162881,0.0828583920676904,0.605138952565031,1.15297003033172,1.45450609674492,-3.61131526733967
"Tilia_americana","Tilia","Malvaceae","Malvales",0,48.0666666666667,0.213406286666667,0.606666666666667,125.791666666667,57.9416666666667,16.355,NA,125.791666666667,57.9416666666667,122.378333333333,45.25,0,61,3.25,12.4000001,1091,39.4102135,-76.6534775,126.095,12.3540640875652,0.754570458817629,57.9416666666667,45.25,63.8333333333333,1.4615683691734,1.25227409649309,9.3279399198003,0.219263772375242,0.368081356664462,0.000370453833998706,NA,0.486827516584825,27.2823549130837,3.41333333333333,0.0564275252429051,0.0714078499120925,0.0268370681962741,0.0542478366147983,0.618715896614114,1.19930515953889,1.68184400566375,-3.4312659061431
"Tilia_japonica","Tilia","Malvaceae","Malvales",0,55.35,0.0922033585,0.255,17.225,23.365,5.575,NA,17.225,23.365,16.77,17.685,0,70.5,NA,6.700000286,1960,36.7198,139.4699,17.48,4.69520511564985,0.851236788465923,23.365,17.685,70.5,4.03610979898179,1.32452457180846,7.44705920948794,0.280809800602037,1.38946965368169,0.00048893299874145,NA,0.392338185792824,32.0331988122374,0.455,0.01958221552151,0.0259714130758061,0.0272745485647519,0.00645271629778672,4.24742812551224,3.04146435196476,1.74311762521474,-3.31075065063206
"Toechima_erythrocarpum","Toechima","Sapindaceae","Sapindales",1,NA,NA,0.05,132.88,52.93,22.28,NA,NA,NA,NA,NA,NA,NA,NA,23.6875,3054,-16.144616,145.430116,132.93,13.0096784234525,0.583917343961063,NA,NA,NA,0,1,9.4949928598676,NA,NA,NA,NA,0.596026673057828,21.0835708910295,NA,0,0,0,0,0,0,NA,NA
"Tournefortia_volubilis","Tournefortia","Boraginaceae","Boraginales",1,140.35,0.0326338555,0.005,0.455,2.89,1.095,NA,NA,NA,NA,NA,NA,NA,NA,26.21666718,1058,17.96222,-67.200125,0.46,0.765123041373291,0.698970859981012,NA,NA,NA,0,1,3.82769532241308,NA,NA,0.00273949451829946,NA,0.684693650555474,18.357669245648,NA,0,0,0,0,0,0,2.14721241697046,-2.56232956424722
"Toxicodendron_radicans","Toxicodendron","Anacardiaceae","Sapindales",1,34.3666666666667,0.085214689,0.24,49.3033333333333,30.5233333333333,10.99,NA,NA,NA,NA,NA,NA,NA,NA,10.14999962,1210,41.5037,-72.546983,49.4233333333333,7.8084431640679,0.707064495379786,NA,NA,NA,0,1,8.44013774325129,NA,NA,0.000156812799711678,NA,0.642331423408637,20.2579532575658,NA,0,0,0,0,0,0,1.53613741056385,-3.80461849128629
"Trachelospermum_asiaticum","Trachelospermum","Apocynaceae","Gentianales",1,98.725,0.09938855825,0.2825,10.94,14.82,6.0325,NA,NA,NA,NA,NA,NA,NA,NA,18.57291603,3066,30.3296,130.6472,11.2225,3.77813622176045,0.63019785462505,NA,NA,NA,0,1,7.02104766915578,NA,NA,0.000896618275040052,NA,0.630730150398559,20.1439214047409,NA,0,0,0,0,0,0,1.99442714240858,-3.0473924135093
"Trattinnickia_aspera","Trattinnickia","Burseraceae","Sapindales",1,144.2,0.272133445,NA,116.03,48.22,19.61,NA,NA,NA,NA,NA,NA,NA,NA,26.39583397,2496,9.17,-79.85,116.03,12.1545869685325,0.619815755662037,NA,NA,NA,0,1,9.35901896434754,NA,NA,0.000638254002306024,NA,0.627084035024773,20.0393725760579,NA,0,0,0,0,0,0,2.15896526038341,-3.19500645318024
"Trattinnickia_glaziovii","Trattinnickia","Burseraceae","Sapindales",1,NA,NA,NA,38.43,33.62,14.055,NA,NA,NA,NA,NA,NA,NA,NA,26.97500038,2237,-3,-58.97,38.43,6.87309357268308,0.493090735539497,NA,NA,NA,0,1,8.18237758095132,NA,NA,NA,NA,0.416654153927841,30.2217558091533,NA,0,0,0,0,0,0,NA,NA
"Trema_lamarckiana","Trema","Cannabaceae","Rosales",0,91.6333333333333,0.120715406333333,0.0433333333333333,6.44666666666667,12.65,4.81,NA,6.44666666666667,12.65,6.29,11.6066666666667,0,78.6666666666667,NA,23.32500076,1309,26.17,-81.34,6.49,2.84987577396582,0.592828388430952,12.65,11.6066666666667,78.6666666666667,6.88741241956297,1.08714233499501,6.43973058167163,0.0833271610752466,1.92227355642465,0.00236407232645921,NA,0.500320075390617,25.146761951438,0.156666666666667,0.0119429998156214,0.0130514109942652,0.0234304369445978,0.00198292372184778,13.0924205259438,6.35383297470948,1.96205348512381,-2.62633924077656
"Trema_micrantha","Trema","Cannabaceae","Rosales",1,NA,NA,0.03,25.57,23.64,9.42,NA,NA,NA,NA,NA,NA,NA,NA,25.29999924,4740,2.970351018,-78.18942184,25.6,5.70919717168887,0.606071886591175,NA,NA,NA,0,1,7.84776253747361,NA,NA,NA,NA,0.574970612145314,21.8556746186938,NA,0,0,0,0,0,0,NA,NA
"Trichilia_hyeronimyi","Trichilia","Meliaceae","Sapindales",NA,80.07531933,0.13,NA,17.17133333,NA,NA,NA,NA,NA,NA,NA,NA,NA,NA,13.81666667,520.3,-23.74698333,-64.85421667,17.17133333,4.67581229644486,NA,NA,NA,NA,NA,NA,7.44841151251268,NA,NA,0.000984198470509803,NA,NA,NA,NA,NA,NA,NA,NA,NA,NA,1.90349867924945,-3.00691731421524
"Trichilia_pallida","Trichilia","Meliaceae","Sapindales",1,40.8,0.191313347,NA,221.47,69.69,28.91,NA,NA,NA,NA,NA,NA,NA,NA,26.39583397,2496,9.17,-79.85,221.47,16.7923900017983,0.580850570798974,NA,NA,NA,0,1,10.0054573261198,NA,NA,0.000165263000588533,NA,0.573038551858768,21.9293633449226,NA,0,0,0,0,0,0,1.61066016308988,-3.78182436626424
"Trichilia_poeppigii","Trichilia","Meliaceae","Sapindales",1,57.55,0.1103403345,NA,49.585,32.56,13.79,NA,NA,NA,NA,NA,NA,NA,NA,25.08749962,3338,-0.7,-76.3953,49.585,7.93780651979353,0.575353247449378,NA,NA,NA,0,1,8.50489686362312,NA,NA,0.000255230000191271,NA,0.586234544597263,21.4678473068275,NA,0,0,0,0,0,0,1.76004532796581,-3.59306827919941
"Trichilia_septentrionalis","Trichilia","Meliaceae","Sapindales",1,40.15,NA,0.15,218.98,69.785,28.4025,NA,NA,NA,NA,NA,NA,NA,NA,26.03125,2787.5,-1.85,-67.68265,219.0175,16.6253991015746,0.589337077879665,NA,NA,NA,0,1,9.97664668975673,NA,NA,NA,NA,0.568146536016605,22.2937655759042,NA,0,0,0,0,0,0,1.6036855496147,NA
"Trichilia_tuberculata","Trichilia","Meliaceae","Sapindales",1,54.2,0.109379245,NA,35.65,28.15,12.21,NA,NA,NA,NA,NA,NA,NA,NA,26.39583397,2496,9.17,-79.85,35.65,6.73728356014563,0.551784075360002,NA,NA,NA,0,1,8.1789193328484,NA,NA,0.000335591002433942,NA,0.565343755890203,22.227840112202,NA,0,0,0,0,0,0,1.73399928653839,-3.47418969160279
"Trigynaea_triplinervia","Trigynaea","Annonaceae","Magnoliales",1,57.7,0.2700930965,0.31,103.18,45.605,18.865,NA,NA,NA,NA,NA,NA,NA,NA,25.08749962,3338,-0.7,-76.3953,103.49,11.3284913894816,0.606060861713578,NA,NA,NA,0,1,9.19113413044657,NA,NA,0.000804923000309086,NA,0.613017771904034,20.5470136080516,NA,0,0,0,0,0,0,1.76117581315573,-3.09424566266356
"Tripetaleia_paniculata","Tripetaleia","Ericaceae","Ericales",1,38.3,0.091349828,0.02,6.245,11.495,4.79,NA,NA,NA,NA,NA,NA,NA,NA,6.700000286,1960,36.7198,139.4699,6.265,2.80272703478797,0.602365151062239,NA,NA,NA,0,1,6.40919465408779,NA,NA,0.0010698450096961,NA,0.60869696646079,21.1964711079118,NA,0,0,0,0,0,0,1.58319877396862,-2.97067913475335
"Triplaris_cumingiana","Triplaris","Polygonaceae","Caryophyllales",1,NA,0.200258508,NA,28.22,29.23,12.93,NA,NA,NA,NA,NA,NA,NA,NA,26.39583397,2496,9.17,-79.85,28.22,5.9942322237653,0.463591045921524,NA,NA,NA,0,1,7.94520113241276,NA,NA,0.00142110099313912,NA,0.415058433581571,30.2761481218994,NA,0,0,0,0,0,0,NA,-2.84737505704475
"Trochocarpa_cunnighamii","Trochocarpa","Ericaceae","Ericales",1,NA,0.032904829,0.01,0.25,2.065,0.815,NA,NA,NA,NA,NA,NA,NA,NA,8.220832825,2634,-41.8,145.6,0.26,0.574401207977625,0.705245399503824,NA,NA,NA,0,1,3.25139502295781,NA,NA,0.004168603016783,NA,0.734587475823553,17.108538961039,NA,0,0,0,0,0,0,NA,-2.3800094615131
"Trochocarpa_cunninghamii","Trochocarpa","Ericaceae","Ericales",NA,154.2738013,0.0548,NA,0.2878,NA,NA,NA,NA,NA,NA,NA,NA,NA,NA,8.220832825,2634,-41.8,145.6,0.2878,0.605341507725003,NA,NA,NA,NA,NA,NA,3.35968070145922,NA,NA,0.01043446838082,NA,NA,NA,NA,NA,NA,NA,NA,NA,NA,2.18829218065234,-1.98152967263185
"Trochodendron_aralioides","Trochodendron","Trochodendraceae","Trochodendrales",0,156.183333333333,0.169311005,0.596666666666667,24.0233333333333,24.98,9.56166666666667,NA,24.0233333333333,24.98,23.5716666666667,23.285,0,28.1666666666667,NA,13.48472214,3350.66666666667,30.3033,130.5699,24.62,5.56776917565659,0.586461285383262,24.98,23.285,28.1666666666667,1.2183537874676,1.07274445635134,7.78640452426463,0.0697923383758529,0.187824420768445,0.00119930360724327,NA,0.484706343974097,26.2072696836198,0.451666666666667,0.018174370846886,0.0196619630101199,0.0196991531064927,0.015680070074119,1.20997514434494,1.13253676535187,2.19363468749547,-2.92107086005438
"Trophis_(Olmedia)","Trophis","Moraceae","Rosales",0,50.5,0.19426403,NA,211.47,74.76,31.68,NA,211.47,74.76,211.1,74.38,0,14,NA,26.39583397,2496,9.17,-79.85,211.47,16.408899004051,0.517957670582417,74.76,74.38,14,0.188222640494757,1.005108900242,9.95925333044199,0.00509589409043818,-1.67012975888167,0.000178458000434298,NA,0.475466632123908,26.4295531281033,0.370000000000005,0.00494917067950782,0.00497445549879006,0.00174965716177238,0.0264285714285718,0.066203243958954,0.187265917602996,1.70329137811866,-3.74846397745568
"Trophis_racemosa","Trophis","Moraceae","Rosales",0,49.6,NA,NA,68.33,38.95,15.74,NA,68.33,38.95,67.44,37.77,0,66,4,26.39583397,2496,9.17,-79.85,68.33,9.32740360935205,0.592592351293015,38.95,37.77,70,1.85332274291766,1.03124172623775,8.82951909478078,0.0307636355923918,0.616980105324993,NA,NA,0.565986875691763,22.2025830528318,0.890000000000001,0.0228498074454429,0.0235636748742388,0.0130250256110054,0.0134848484848485,1.02444021659593,1.79717586649551,1.6954816764902,NA
"Ugni_mollinae","Ugni","Myrtaceae","Myrtales",1,NA,NA,0.02,1.495,5.135,2,NA,NA,NA,NA,NA,NA,NA,NA,10.28333378,1416,-37.8412,-73.1959,1.515,1.38886740102181,0.694734512982485,NA,NA,NA,0,1,5.0205801788306,NA,NA,NA,NA,0.712503332498267,17.6376496644295,NA,0,0,0,0,0,0,NA,NA
"Ulmus_alata","Ulmus","Ulmaceae","Rosales",0,53.8,0.08649607875,0.0196666666666667,12.3033333333333,18.27,5.88916666666667,NA,12.3033333333333,18.27,11.4591666666667,14.7391666666667,0,44.25,20.9166666666667,17.279166695,1168.5,33.92,-80.51,12.3216666666667,3.88759982138712,0.67165999427396,18.27,14.7391666666667,65.1666666666667,4.53978149117638,1.24703675086742,7.04441596542657,0.220282422122089,1.49761392598454,0.000707074332495217,NA,0.4472440824521,28.1317714998844,0.844166666666667,0.0447068069752785,0.0554948518497258,0.0691335864065096,0.020539759061699,5.85417690574438,3.6298373633195,1.73078227566639,-3.15053492779351
"Ulmus_america","Ulmus","Ulmaceae","Rosales",0,64.6166666666667,0.119568763444444,0.103333333333333,42.8688888888889,38.7655555555556,11.3655555555556,NA,42.8688888888889,38.7655555555556,40.1755555555556,28.5311111111111,0,53.7777777777778,22.8888888888889,7.794444561,1095.66666666667,42.1266666666667,-75.6466666666667,42.9377777777778,7.26547897708275,0.643266493289173,38.7655555555556,28.5311111111111,76.6666666666667,2.73565297214113,1.35929680766853,8.28911978098522,0.306197273958655,0.995401746906306,0.000360101334131109,NA,0.35109434836341,36.2523639848189,2.69333333333333,0.0683827605160034,0.0928846082637215,0.0647653725123435,0.0505739475314925,2.00916033235864,2.01575628920718,1.81034455062357,-3.44357526961815
"Ulmus_americana","Ulmus","Ulmaceae","Rosales",0,56.6,0.107269906833333,0.12,45.895,33.6216666666667,10.0116666666667,NA,45.895,33.6216666666667,43.4383333333333,25.5366666666667,0,55.5,34.6666666666667,12.4000001,1091,39.4102135,-76.6534775,45.955,6.62508718939068,0.668346201740911,33.6216666666667,25.5366666666667,90.1666666666667,4.59435399100922,1.34092299966751,7.79615923211482,0.292855716841038,1.43292473146031,0.00043009147015645,NA,0.378976574775614,33.1956558247296,2.45666666666667,0.0633073547989922,0.0841744082443019,0.0760226802163378,0.0385235797922365,5.61409191353664,3.38804099822743,1.75281643118827,-3.36643917056081
"Ulmus_laciniata","Ulmus","Ulmaceae","Rosales",0,28.05,0.0613379005,0.03,24.015,30.48,7.47,NA,24.015,30.48,22.99,20.75,0,106.5,16.5,6.700000286,1960,36.7198,139.4699,24.045,5.41849067823223,0.735732493720718,30.48,20.75,123,6.17416935288001,1.43113326773421,7.69955454526084,0.351508833822072,1.80432279041153,0.000156593000549597,NA,0.347863359772492,38.8743504665853,1.025,0.032111220472441,0.0467212787965373,0.0415494265806614,0.00930901173124779,5.96477814029767,4.46604330708661,1.44793286559218,-3.80522765409559
"Ulmus_rubra","Ulmus","Ulmaceae","Rosales",0,NA,0.150652757,NA,63.77,50.75,14.66,NA,63.77,50.75,59.44,36.01,0,69,32,6.575000286,1156,41.88,-78.7,63.77,9.01079828693115,0.61465199774428,50.75,36.01,101,2.80477645098584,1.40933074146071,8.76045304631527,0.343114940261113,1.03132383918048,0.000355908000497115,NA,0.311138811066586,40.3883095499451,4.33000000000001,0.0853201970443351,0.120244376562066,0.0679002665830329,0.0627536231884059,1.58381684177513,1.99014778325123,NA,-3.44866224933053
"Uncaria_cordata","Uncaria","Rubiaceae","Gentianales",1,NA,NA,NA,293.485,74.14,30.71,NA,NA,NA,NA,NA,NA,NA,NA,24.77499962,2225,5.016667,117.8125,293.485,19.2958522950573,0.627814295466367,NA,NA,NA,0,1,10.2797622838773,NA,NA,NA,NA,0.667826798011297,18.8294806813452,NA,0,0,0,0,0,0,NA,NA
"Unonopsis_floribunda","Unonopsis","Annonaceae","Magnoliales",1,50.1,0.1378943905,0.18,57.9,37.44,16.17,NA,NA,NA,NA,NA,NA,NA,NA,25.08749962,3338,-0.7,-76.3953,58.08,8.59933078906448,0.53200528966432,NA,NA,NA,0,1,8.66695740466554,NA,NA,0.000327414335749411,NA,0.519184735364495,24.2152062931056,NA,0,0,0,0,0,0,1.69983772586725,-3.48490230903965
"Unonopsis_veneficiorum","Unonopsis","Annonaceae","Magnoliales",1,71.9,0.242609856,0.305,142.305,60.505,26.14,NA,NA,NA,NA,NA,NA,NA,NA,25.09583282,3334,-0.6859,-76.3953,142.61,13.4587808553073,0.515169652095138,NA,NA,NA,0,1,9.5604487381198,NA,NA,0.000413364000747181,NA,0.488345905337773,25.7557648860584,NA,0,0,0,0,0,0,1.85672889038288,-3.38366734811902
"Urophyllum_glabrum","Urophyllum","Rubiaceae","Gentianales",1,69.75,0.15204202,0.09,72.3,40.2525,15.6325,NA,NA,NA,NA,NA,NA,NA,NA,22.08749962,2570.5,4.7168335,109.61475,72.3225,9.41513604958377,0.596970339959575,NA,NA,NA,0,1,8.8037201394044,NA,NA,0.000716354999866142,NA,0.549361715386809,24.1987528933815,NA,0,0,0,0,0,0,1.84354421194564,-3.14487170356511
"Uvaria_sorzogonensis","Uvaria","Annonaceae","Magnoliales",1,NA,NA,0.22,367.645,95,41.465,NA,NA,NA,NA,NA,NA,NA,NA,24.77499962,2225,5.016667,117.8125,367.755,21.5592908569494,0.519349409605466,NA,NA,NA,0,1,10.4977970089282,NA,NA,NA,NA,0.507450390665892,24.7733075599994,NA,0,0,0,0,0,0,NA,NA
"Vaccinium_alaskaense","Vaccinium","Ericaceae","Ericales",0,64.1,0.05251455,0.01,1.565,5.46,2.085,NA,1.565,5.46,1.525,5.205,0,53,NA,7.320833206,3540,55.32333333,-131.595,1.57,1.41313713886012,0.67839598575769,5.46,5.205,53,10.1315351315351,1.0489676989677,5.05421319959775,0.0478064307835165,2.31034999380311,0.00187603942972959,NA,0.660148949155397,19.0549013616602,0.04,0.00734396594336673,0.00770340770340771,0.0256746780411779,0.000772313296903462,33.6744319580018,9.65812224475179,1.80685802951882,-2.72675803806035
"Vaccinium_angustifolium","Vaccinium","Ericaceae","Ericales",1,NA,0.049851745,NA,2.74,8.37,3.43,NA,NA,NA,NA,NA,NA,NA,NA,6.575000286,1156,41.88,-78.7,2.74,1.86779986951877,0.544548066915094,NA,NA,NA,0,1,5.61312810638807,NA,NA,0.000907006014432491,NA,0.491484143365524,25.5682116788321,NA,0,0,0,0,0,0,NA,-3.04238983308744
"Vaccinium_arboreum","Vaccinium","Ericaceae","Ericales",0.5,86.5166666666667,0.105950390166667,0.0216666666666667,4.69833333333333,8.54333333333333,3.19333333333333,NA,5.24,8.9725,5.2375,8.945,0,3.16666666666667,0,20.36249924,1305,29.6,-82.2,4.72,2.37391453520885,0.757619371678861,8.9725,8.945,3.16666666666667,0.431722089527492,1.00231791305618,6.02857976627543,0.00231265118432187,-0.808711505022104,0.00311147361387519,NA,0.768296593720681,16.4040741290557,0.00166666666666663,0.000149342891278372,0.000149880095923258,0.000233426704014934,0.000333333333333326,0.97315728365874,0.429788370630429,1.93709977849521,-2.50703387759675
"Vaccinium_caespitosum","Vaccinium","Ericaceae","Ericales",0,39.5,0.03404349,0,0.885,3.97,1.345,NA,0.885,3.97,0.855,3.715,0,39,NA,7.320833206,3540,55.32333333,-131.595,0.885,1.06151213144936,0.792534521972344,3.97,3.715,39,10.5147602278162,1.0685622364245,4.48298659210517,0.0662545878148915,2.32384316154559,0.00131518350906125,NA,0.706421151428996,17.8185801838611,0.03,0.00755902513328257,0.00807573583757229,0.0338993871297242,0.000812500000000001,44.011746680286,9.86671744097487,1.59659709562646,-2.88101364533976
"Vaccinium_calycinum","Vaccinium","Ericaceae","Ericales",0,NA,0.185129446,0.015,13.195,16.02,5.02,NA,13.195,16.02,13.02,14.375,0,80.5,12,20.72083282,4667,21.3279,-157.755,13.21,4.09379092262113,0.817311807408676,16.02,14.375,92.5,6.44748936451071,1.11307056257686,7.17893980761473,0.106857190666469,1.86300461205709,0.00263849300250765,NA,0.645483524904733,19.4879697987946,0.175,0.0109636608766539,0.0121899256219444,0.013410584641349,0.00217532467532467,7.09900825078469,5.80054242177212,NA,-2.57864405326868
"Vaccinium_corymbosum","Vaccinium","Ericaceae","Ericales",0.875,50.1904761904762,0.0835932435625,0.0252380952380952,9.27791666666667,12.7,5.13333333333333,NA,17.2866666666667,18.8933333333333,17.1866666666667,18.7116666666667,0,58.8333333333333,NA,13.004687428625,1179.25,37.924420875,-76.632804125,9.29833333333333,3.22770657722428,0.630138430641341,18.8933333333333,18.7116666666667,58.8333333333333,0.378915074361831,1.00112743834631,6.55833316641434,0.00895387862145476,0.877459325705597,0.00108409671882717,NA,0.635084693493328,20.0409885757956,0.0999999999999996,0.000641740656629029,0.000648800265630914,0.000690095688754426,0.000241281559803631,0.39854143297232,0.374579241161439,1.70062131614261,-2.96493197003089
"Vaccinium_elliotti","Vaccinium","Ericaceae","Ericales",0.5,43.0333333333333,0.044886378,0.005,1.30333333333333,5.21,2.18,NA,1.81,6.22,1.79,6.12,0,5.66666666666667,0,17.19583321,1232,34.18,-79.38,1.30666666666667,1.27222701663109,0.583075065241011,6.22,6.12,5.66666666666667,0.925925925925926,1.00544662309368,4.81621728758166,0.0054026034089511,1.02165124753198,0.00159485349136761,NA,0.58721513146981,21.3999865949095,0.00666666666666667,0.00107181136120043,0.00108932461873638,0.00368324125230203,0.000392156862745098,3.13075506445672,0.911039657020364,1.63380498754676,-2.79727920653347
"Vaccinium_fuscatum","Vaccinium","Ericaceae","Ericales",1,54.1,0.10287201,0.0333333333333333,11.35,15.0733333333333,6.39,NA,NA,NA,NA,NA,NA,NA,NA,5.379166603,1089,43.9,-71.8,11.3833333333333,3.74921773572283,0.587037950399624,NA,NA,NA,0,1,6.9723146722181,NA,NA,0.00120566099792333,NA,0.609072870681394,20.6519760207724,NA,0,0,0,0,0,0,1.73319726510657,-2.91877478790695
"Vaccinium_myrtilloides","Vaccinium","Ericaceae","Ericales",1,NA,0.053728585,NA,2.8,8.26,3.46,NA,NA,NA,NA,NA,NA,NA,NA,6.575000286,1156,41.88,-78.7,2.8,1.88813948776526,0.545705054267416,NA,NA,NA,0,1,5.63478960316925,NA,NA,0.00103098601646508,NA,0.515712669362629,24.367,NA,0,0,0,0,0,0,NA,-2.986747225127
"Vaccinium_ovalifolium","Vaccinium","Ericaceae","Ericales",0,37.5,0.051704622,0.02,11.105,14.54,5.775,NA,11.105,14.54,10.96,14.075,0,35,NA,7.320833206,3540,55.32333333,-131.595,11.115,3.72150310559042,0.646555915458782,14.54,14.075,35,2.53836192037863,1.03381894560749,6.96977918664462,0.0332481184878889,0.923078323444369,0.00033840100457758,NA,0.646737434230921,19.4318957424876,0.145,0.00983421411524037,0.010162298640679,0.0132602257873688,0.00411764705882353,3.41346647727071,2.45385581006106,1.57403126772772,-3.47056835638404
"Vaccinium_parvifolium","Vaccinium","Ericaceae","Ericales",1,49.35,NA,0.01,1.565,5.16,2.03,NA,NA,NA,NA,NA,NA,NA,NA,7.320833206,3540,55.32333333,-131.595,1.57,1.40153589223483,0.687451558477041,NA,NA,NA,0,1,5.02092861090045,NA,NA,NA,NA,0.721713259580554,17.4622222222222,NA,0,0,0,0,0,0,1.69328715700566,NA
"Vaccinium_uliginosum","Vaccinium","Ericaceae","Ericales",1,150,0.062326299,0.01,0.695,3.4,1.285,NA,NA,NA,NA,NA,NA,NA,NA,7.320833206,3540,55.32333333,-131.595,0.7,0.937800875061052,0.733879379970947,NA,NA,NA,0,1,4.22166567140889,NA,NA,0.00451693900818302,NA,0.749438820079321,16.7864749455338,NA,0,0,0,0,0,0,2.17609125905568,-2.34515577363794
"Vavaea_megaphylla","Vavaea","Meliaceae","Sapindales",1,113.9,0.140947084,0.245,51.165,29.695,11.8,NA,NA,NA,NA,NA,NA,NA,NA,24.46666718,2982,-16.75001585,179.0199514,51.41,8.03013281054528,0.679552445077246,NA,NA,NA,0,1,8.51478451901858,NA,NA,0.000409660598386358,NA,0.717305267939447,17.5220677710837,NA,0,0,0,0,0,0,2.0565237240791,-3.38757580496626
"Veronica_albicans","Veronica","Plantaginaceae","Lamiales",1,167.25,NA,NA,0.905,4.35,1.83,NA,NA,NA,NA,NA,NA,NA,NA,9.470833778,2835,-40.88825164,172.3501599,0.905,1.07086863907476,0.584701097757546,NA,NA,NA,0,1,4.49571890745961,NA,NA,NA,NA,0.597390810172508,21.0474856858352,NA,0,0,0,0,0,0,2.22336612643986,NA
"Veronica_arborea","Veronica","Plantaginaceae","Lamiales",1,74.2,0.1392903055,0.265,50.41,39.05,16.865,NA,NA,NA,NA,NA,NA,NA,NA,19.39999962,2916,4.417,101.417,50.675,8.03234934612858,0.476334953748002,NA,NA,NA,0,1,8.530516766425,NA,NA,0.000386013999722783,NA,0.41557412037027,30.2503999037773,NA,0,0,0,0,0,0,1.87040390527903,-3.41339694431245
"Veronica_borinquensis","Veronica","Plantaginaceae","Lamiales",1,109,0.1049749495,0.025,1.735,5.8,2.285,NA,NA,NA,NA,NA,NA,NA,NA,18.68333435,1961,18.1702,-66.5703,1.76,1.4801625206094,0.656578383591137,NA,NA,NA,0,1,5.12481359727974,NA,NA,0.00705581646672166,NA,0.642742857103538,19.6492473588342,NA,0,0,0,0,0,0,2.03742649794062,-2.15145272443614
"Veronica_canterburiensis","Veronica","Plantaginaceae","Lamiales",1,95.7,0.0342118265,NA,0.68,3.995,1.69,NA,NA,NA,NA,NA,NA,NA,NA,9.470833778,2835,-40.88825164,172.3501599,0.68,0.92957755332456,0.550534757827153,NA,NA,NA,0,1,4.21559973912463,NA,NA,0.00172395601893193,NA,0.534616631867989,23.5073910200523,NA,0,0,0,0,0,0,1.98091193777684,-2.76347381796538
"Veronica_catarractae","Veronica","Plantaginaceae","Lamiales",0,NA,NA,0.03,1.945,6.48,2.015,NA,1.945,6.48,1.775,5.58,0,13,NA,7.729166508,1681,-39.25,175.933333,1.975,1.58509142437946,0.786485011242948,6.48,5.58,13,2.33680908237654,1.16183447548761,5.28404046283901,0.149866783769297,0.843204476810115,NA,NA,0.581491873645956,21.6363053742904,0.17,0.0261051829268293,0.0301310155958703,0.0855748315560507,0.0135714285714286,6.73775797124516,2.00838414634146,NA,NA
"Veronica_colensoi","Veronica","Plantaginaceae","Lamiales",1,171.4,NA,0.13,1.6,6.015,2.6,NA,NA,NA,NA,NA,NA,NA,NA,7.729166508,1681,-39.25,175.933333,1.665,1.45513315615741,0.559666598522082,NA,NA,NA,0,1,5.11260433360567,NA,NA,NA,NA,0.555647022726792,22.631357771261,NA,0,0,0,0,0,0,2.23401081758718,NA
"Veronica_corriganii","Veronica","Plantaginaceae","Lamiales",1,NA,NA,0.12,12.345,24.2,11.17,NA,NA,NA,NA,NA,NA,NA,NA,7.729166508,1681,-39.25,175.933333,12.465,3.98367142784072,0.356635473941229,NA,NA,NA,0,1,7.12793196539333,NA,NA,NA,NA,0.264863769216111,47.4449554231941,NA,0,0,0,0,0,0,NA,NA
"Veronica_divaricata","Veronica","Plantaginaceae","Lamiales",1,184.3,0.029847955,0.015,0.395,4.185,1.735,NA,NA,NA,NA,NA,NA,NA,NA,9.470833778,2835,-40.88825164,172.3501599,0.41,0.722030848766058,0.417800112552995,NA,NA,NA,0,1,3.71088789682232,NA,NA,0.00234447478337375,NA,0.283267493426424,44.3868830749354,NA,0,0,0,0,0,0,2.26552533521907,-2.62995443407059
"Veronica_gracillima","Veronica","Plantaginaceae","Lamiales",1,194.5,0.05817737,0.04,1.085,6.01,2.625,NA,NA,NA,NA,NA,NA,NA,NA,9.470833778,2835,-40.88825164,172.3501599,1.105,1.1861133502815,0.451932940417303,NA,NA,NA,0,1,4.70492337676212,NA,NA,0.00302196998224723,NA,0.377477141995169,33.2911217295277,NA,0,0,0,0,0,0,2.28891960566173,-2.5197098538981
"Veronica_hookeriana","Veronica","Plantaginaceae","Lamiales",0,71.2,NA,0.01,0.315,2.4,0.75,NA,0.315,2.4,0.27,2.11,0,6.5,NA,7.729166508,1681,-39.25,175.933333,0.325,0.640017651584876,0.851393737621734,2.4,2.11,6.5,3.07928481126964,1.13576846667871,3.46082909207556,0.127094954023692,1.12468016587837,NA,NA,0.678352031346126,18.5369052631579,0.045,0.0183311156243434,0.0209273975076756,0.138947368421053,0.00678571428571429,21.2105263157895,2.71202465158625,1.85247999363686,NA
"Veronica_lanceolata","Veronica","Plantaginaceae","Lamiales",0,106,NA,0.05,5.475,11.275,4.43,NA,5.475,11.275,5.08,10.335,0,16,NA,7.729166508,1681,-39.25,175.933333,5.525,2.61395070966601,0.594297883696893,11.275,10.335,16,1.59076077957749,1.09006291942223,6.25533541517913,0.0862268189487133,0.454866921975739,NA,NA,0.532690436795487,23.6775205479452,0.395,0.0341857151990977,0.0372836536120228,0.0726027397260274,0.0242941176470588,3.21917808219178,1.46017800671173,2.02530586526477,NA
"Veronica_mooreae","Veronica","Plantaginaceae","Lamiales",1,279.65,0.054724094,0.02,0.51,3.505,1.405,NA,NA,NA,NA,NA,NA,NA,NA,9.470833778,2835,-40.88825164,172.3501599,0.53,0.811834191669645,0.584851084802251,NA,NA,NA,0,1,3.92251220862074,NA,NA,0.00610535849569724,NA,0.515127031908287,24.4595328282828,NA,0,0,0,0,0,0,2.44661482366427,-2.21428882997757
"Veronica_odora","Veronica","Plantaginaceae","Lamiales",1,163.225,NA,0.005,0.165,2.0075,0.8525,NA,NA,NA,NA,NA,NA,NA,NA,8.600000143,2258,-40.06912582,174.14174645,0.1675,0.460048139605592,0.54156440695503,NA,NA,NA,0,1,2.80252228618669,NA,NA,NA,NA,0.515028706161327,24.5779861111111,NA,0,0,0,0,0,0,2.2127866772765,NA
"Veronica_parviflora","Veronica","Plantaginaceae","Lamiales",1,166.35,NA,0.03,1.53,10.105,4.605,NA,NA,NA,NA,NA,NA,NA,NA,7.729166508,1681,-39.25,175.933333,1.545,1.37805190078529,0.301059584241853,NA,NA,NA,0,1,4.96841280607332,NA,NA,NA,NA,0.181531627759456,69.2278271389374,NA,0,0,0,0,0,0,2.22102280520484,NA
"Veronica_pinguifolia","Veronica","Plantaginaceae","Lamiales",1,380.95,NA,0.02,0.2,1.925,0.75,NA,NA,NA,NA,NA,NA,NA,NA,9.470833778,2835,-40.88825164,172.3501599,0.21,0.517088294582641,0.695509721909937,NA,NA,NA,0,1,3.04452243772342,NA,NA,NA,NA,0.680594406275012,18.5285087719298,NA,0,0,0,0,0,0,2.58086797790903,NA
"Veronica_rigidula","Veronica","Plantaginaceae","Lamiales",1,248.75,0.064063151,0.02,0.565,4.15,1.785,NA,NA,NA,NA,NA,NA,NA,NA,9.470833778,2835,-40.88825164,172.3501599,0.585,0.863036227765117,0.483749040582949,NA,NA,NA,0,1,4.06899022722607,NA,NA,0.00717289317797134,NA,0.412518884647457,30.4956140350877,NA,0,0,0,0,0,0,2.39576308941776,-2.14430563682984
"Veronica_salicifolia","Veronica","Plantaginaceae","Lamiales",1,NA,NA,NA,6.77,18.01,8.345,NA,NA,NA,NA,NA,NA,NA,NA,9.920833588,1596,-38.8,176.4,6.77,2.93167234247597,0.356144691723546,NA,NA,NA,0,1,6.51182370223259,NA,NA,NA,NA,0.271741916388148,49.6006012582781,NA,0,0,0,0,0,0,NA,NA
"Veronica_stenophylla","Veronica","Plantaginaceae","Lamiales",1,262.75,NA,0,2.1,8.44,3.84,NA,NA,NA,NA,NA,NA,NA,NA,7.729166508,1681,-39.25,175.933333,2.1,1.63331754027917,0.425100829658874,NA,NA,NA,0,1,5.34255169054184,NA,NA,NA,NA,0.369393347401052,34.0902082379863,NA,0,0,0,0,0,0,2.41954272470028,NA
"Veronica_stricta var. lata","Veronica","Plantaginaceae","Lamiales",1,153.1,NA,0.005,2.385,8.2,3.52,NA,NA,NA,NA,NA,NA,NA,NA,7.729166508,1681,-39.25,175.933333,2.39,1.74274430564438,0.500189105851824,NA,NA,NA,0,1,5.47258834690231,NA,NA,NA,NA,0.456333632954379,28.2238707018788,NA,0,0,0,0,0,0,2.18497519069826,NA
"Veronica_tetragona","Veronica","Plantaginaceae","Lamiales",1,NA,NA,NA,0.04,1.01,0.32,NA,NA,NA,NA,NA,NA,NA,NA,7.729166508,1681,-39.25,175.933333,0.04,0.225675833419103,0.705236979434695,NA,NA,NA,0,1,1.38629436111989,NA,NA,NA,NA,0.50212277010207,25.6625,NA,0,0,0,0,0,0,NA,NA
"Veronica_venustula","Veronica","Plantaginaceae","Lamiales",1,226.05,NA,0,0.595,3.395,1.375,NA,NA,NA,NA,NA,NA,NA,NA,7.729166508,1681,-39.25,175.933333,0.595,0.869457163512326,0.632617113777647,NA,NA,NA,0,1,4.08168565822996,NA,NA,NA,NA,0.64793836416501,19.3996025641026,NA,0,0,0,0,0,0,2.35420451137031,NA
"Veronica_vernicosa","Veronica","Plantaginaceae","Lamiales",1,138.25,0.0297604705,0.01,0.405,2.845,1.13,NA,NA,NA,NA,NA,NA,NA,NA,9.470833778,2835,-40.88825164,172.3501599,0.415,0.726577313848252,0.642988773317037,NA,NA,NA,0,1,3.72387564002395,NA,NA,0.00221938900676105,NA,0.628245787755214,20.0414749082007,NA,0,0,0,0,0,0,2.14066513997674,-2.65376656947463
"Viburnum_?lentago","Viburnum","Adoxaceae","Dipsacales",0,54.0333333333333,0.0877353333333333,0.126666666666667,16.54,17.7933333333333,6.35666666666667,NA,16.54,17.7933333333333,16.27,16.5066666666667,0,65,NA,13.20833302,1107,38.900427,-76.556955,16.6666666666667,4.57205993534401,0.718618865722032,17.7933333333333,16.5066666666667,65,3.98614328979529,1.07742019630161,7.38790586649358,0.0744537951490807,1.37820952017993,0.000553722498675627,NA,0.647833762391881,19.4155972869419,0.27,0.0151842223890406,0.0163708598202512,0.0168563728580482,0.00414073328372799,4.15427159702885,3.70201270106264,1.73266176012885,-3.25670783001495
"Viburnum_acerifolium","Viburnum","Adoxaceae","Dipsacales",0,NA,0.149991238,NA,27.23,28.91,7.78,NA,27.23,28.91,26.27,26.6,0,21,NA,11.59166718,1075,39.92,-76.75,27.23,5.88815020215504,0.756831645521214,28.91,26.6,21,0.789473684210526,1.08684210526316,7.90948949267376,0.0832763402406012,-0.23638877806423,0.000826197997678026,NA,0.409412710983801,30.6936503856041,0.960000000000001,0.0332065029401591,0.0360902255639098,0.035255233198678,0.0457142857142858,0.77120822622108,0.726392251815981,NA,-3.0829158618872
"Viburnum_cassinoides","Viburnum","Adoxaceae","Dipsacales",1,NA,0.188666034,NA,26.88,23.56,9.58,NA,NA,NA,NA,NA,NA,NA,NA,6.575000286,1156,41.88,-78.7,26.88,5.85018623314516,0.6106666214139,NA,NA,NA,0,1,7.89655270164304,NA,NA,0.00132421400242891,NA,0.608539195728232,20.6500595238095,NA,0,0,0,0,0,0,NA,-2.87804182413824
"Viburnum_davidii","Viburnum","Adoxaceae","Dipsacales",NA,78.48711284,0.116,NA,7.5181,NA,NA,NA,NA,NA,NA,NA,NA,NA,NA,16.12916756,784,36.416864,-5.581529,7.5181,3.09392020279668,NA,NA,NA,NA,NA,NA,6.62248363245156,NA,NA,0.00178981391574999,NA,NA,NA,NA,NA,NA,NA,NA,NA,NA,1.89479835379068,-2.74719211961448
"Viburnum_furcatum","Viburnum","Adoxaceae","Dipsacales",0,33.925,0.16219947175,0.535,105.7175,49.9225,12.9325,NA,105.7175,49.9225,104.39,41.3125,0,117.25,45,4.9458334445,1994,36.76505,139.42475,106.2525,11.536462330071,0.896747970265574,49.9225,41.3125,128.5,3.0705504375723,1.21051875659146,9.23798661091923,0.189639566839652,1.09232373077659,0.00030085374915382,NA,0.529538792281553,24.098344557072,1.3275,0.0264865505742784,0.0319828519507139,0.0128384079113661,0.0119067122302517,1.21814540540107,2.57431999057135,1.53051985633177,-3.52164457208434
"Viburnum_opulus","Viburnum","Adoxaceae","Dipsacales",0,65.7,0.168454739333333,0.223333333333333,15.91,18.8866666666667,5.34333333333333,NA,15.91,18.8866666666667,15.5366666666667,17.6633333333333,0,13.3333333333333,1,7.616666794,1013,42.67,-74.49,16.1333333333333,4.51555567340075,0.845541741156953,18.8866666666667,17.6633333333333,13.6666666666667,0.771118468844334,1.06786630572294,7.37127338568097,0.0654144561986631,-0.261485320237198,0.00190658866206722,NA,0.556850781897168,22.5728717869828,0.373333333333332,0.0193164237110344,0.0207360976213801,0.0227816190093548,0.0272916666666666,0.86678207398143,0.721564595620623,1.81756536955978,-2.71974299393019
"Viburnum_rafinesquianum","Viburnum","Adoxaceae","Dipsacales",0,52.65,0.0704224338,0.046,7.89833333333333,12.77,4.66166666666667,NA,7.89833333333333,12.77,7.54,11.8216666666667,0,13,NA,15.47916698,1139,35.98,-78.91,7.93666666666667,3.14445900182036,0.681492412373043,12.77,11.8216666666667,13,1.14155174633087,1.08163825672534,6.63428838803455,0.078208021338013,0.0447797733893342,0.000617934600294569,NA,0.598952759526291,21.0662681476689,0.358333333333333,0.0279328644374978,0.0303150648310553,0.0470194288014444,0.0301292226292226,1.79781451906066,1.04699775373462,1.72139837552151,-3.20905748645511
"Viburnum_recognitum","Viburnum","Adoxaceae","Dipsacales",0,46.55,0.101281745888889,0.336666666666667,22.5105555555556,22.1494444444444,6.89388888888889,NA,22.5105555555556,22.1494444444444,20.8783333333333,18.0977777777778,0,20.7777777777778,NA,8.45555575833333,1112,41.4333333333333,-75.8833333333333,22.6227777777778,5.00174965380347,0.73790557496213,22.1494444444444,18.0977777777778,20.7777777777778,1.30912263157095,1.24358209438714,7.41192416656225,0.215764184054708,0.216113490895648,0.000604886935181123,NA,0.504759683792986,25.5044268611075,1.63222222222222,0.0688207606980466,0.0844273527068668,0.0846635247735198,0.0769485222718632,1.577435557352,1.04240329778512,1.66791968531736,-3.21832579562163
"Viburnum_wrightii","Viburnum","Adoxaceae","Dipsacales",0,31.2,0.0544996935,0.14,35.19,30.53,9.245,NA,35.19,30.53,34.175,25.025,0,50.5,NA,6.700000286,1960,36.7198,139.4699,35.33,6.6755536712208,0.720755439625348,30.53,25.025,50.5,2.02940838975132,1.21738950157707,8.15102830659626,0.196355990386411,0.70526893728519,8.41460053329107e-05,NA,0.470932930070411,26.6929420582571,1.015,0.0330804029523446,0.0403220285212587,0.0290760523119661,0.0200705882352941,1.48771380066967,1.6713068344593,1.49415459401844,-4.07496649648023
"Vicia_nigricans","Vicia","Fabaceae","Fabales",1,NA,NA,0.01,2.195,6.91,2.98,NA,NA,NA,NA,NA,NA,NA,NA,11.6208334,900,-35.9821,-72.6873,2.205,1.67097625172345,0.564612794116414,NA,NA,NA,0,1,5.38491572577873,NA,NA,NA,NA,0.579797003453698,21.7853687080893,NA,0,0,0,0,0,0,NA,NA
"Viola_capillaris","Viola","Violaceae","Malpighiales",0,NA,NA,0.03,2.435,6.63,2.715,NA,2.435,6.63,2.335,6.5,0,8.5,NA,11.6208334,900,-35.9821,-72.6873,2.465,1.72302584642441,0.634982615032648,6.63,6.5,8.5,1.33087792879998,1.0184709190648,5.39290388241957,0.0182835681894556,0.283296284586265,NA,NA,0.661961886300864,18.9928464168897,0.1,0.014480125627104,0.014762637235379,0.0423304022768787,0.0112857142857143,4.04400832589949,1.30736166091847,NA,NA
"Virola_elongata","Virola","Myristicaceae","Magnoliales",1,49.8,0.129314064,0.185,71.785,37.215,15.21,NA,NA,NA,NA,NA,NA,NA,NA,25.09583282,3334,-0.6859,-76.3953,71.97,9.56225249051623,0.628629256000422,NA,NA,NA,0,1,8.87708042481785,NA,NA,0.000232348999088925,NA,0.649794737285824,19.3394290923891,NA,0,0,0,0,0,0,1.69722934275972,-3.63385919403122
"Virola_obovata","Virola","Myristicaceae","Magnoliales",1,75.5,0.275630201,0.47,153.7,59.6,25.44,NA,NA,NA,NA,NA,NA,NA,NA,25.09583282,3334,-0.6859,-76.3953,154.17,13.8512260999658,0.541941880613655,NA,NA,NA,0,1,9.59694493061587,NA,NA,0.000520529386608905,NA,0.528392296709264,24.3528804529329,NA,0,0,0,0,0,0,1.87794695162919,-3.28355474726424
"Virola_sebifera","Virola","Myristicaceae","Magnoliales",1,NA,0.172237436,NA,63.41,36.31,15.25,NA,NA,NA,NA,NA,NA,NA,NA,26.39583397,2496,9.17,-79.85,63.41,8.98532801469466,0.589201837029158,NA,NA,NA,0,1,8.75479176370003,NA,NA,0.000467839999366884,NA,0.60438700699765,20.7919271408295,NA,0,0,0,0,0,0,NA,-3.32990264964597
"Virola_venosa","Virola","Myristicaceae","Magnoliales",1,NA,NA,NA,49.44,34.63,14.99,NA,NA,NA,NA,NA,NA,NA,NA,26.97500038,2237,-3,-58.97,49.44,7.93403825877506,0.529288743080391,NA,NA,NA,0,1,8.50592999913753,NA,NA,NA,NA,0.518063914789411,24.256409789644,NA,0,0,0,0,0,0,NA,NA
"Vitis_aestivalis","Vitis","Vitaceae","Vitales",0,43.9,NA,NA,106.86,54.785,13.57,NA,106.86,54.785,102.95,47.485,0,48.5,7,10.914583685,1109,40.275,-76.3,106.86,11.5650387112772,0.852144736962526,54.785,47.485,55.5,1.1911433145994,1.16271220900681,9.24217035838968,0.149443866670459,0.167119238006582,NA,NA,0.437490238900705,28.8365496373021,3.91000000000001,0.0730613553700407,0.0859510693954315,0.0405519799781176,0.0807376700680274,0.552609968851772,1.02060482020882,1.64246452024212,NA
"Vitis_coignetiae","Vitis","Vitaceae","Vitales",0,35,0.118530731,0.64,168.27,61.535,17.46,NA,168.27,61.535,166.895,56.88,0,61.5,NA,6.700000286,1960,36.7198,139.4699,168.59,14.2913461622731,0.814972882428198,61.535,56.88,61.5,1.19888059020316,1.08219871333001,9.63058562554113,0.07899390128911,0.0944109433001292,0.000146121000430519,NA,0.535843738504189,23.4818089532154,1.37499999999999,0.0214622785250968,0.0232211582661317,0.00832800144658895,0.0245874183006535,0.48271984132524,1.10722214966697,1.54406804435028,-3.83528736301387
"Vitis_labrusca","Vitis","Vitaceae","Vitales",0,46.5708333333333,0.176403604916667,1.18166666666667,119.829166666667,56.67125,14.5066666666667,NA,119.829166666667,56.67125,118.177916666667,51.4620833333333,0,58.5833333333333,NA,10.04374981,1224.5,41.5100665,-72.5442,121.010833333333,12.3083423103744,0.850098516167111,56.67125,51.4620833333333,58.5833333333333,1.14447759819642,1.10318862988044,9.36722470016873,0.0975404324361786,0.126732077420938,0.000271599128356418,NA,0.467222285421597,27.6551956136227,1.65125000000001,0.0291753801401019,0.0321092746328555,0.0144582442409716,0.0287756564855798,0.511552040742703,1.03677360919409,1.66811400921962,-3.56607162817138
"Vitis_rotundifolia","Vitis","Vitaceae","Vitales",0,46.4,0.106718989666667,0.24,31.8033333333333,31.44,7.39,NA,31.8033333333333,31.44,28.88,23.5833333333333,0,25.6666666666667,NA,20.36249924,1305,29.6,-82.2,32.0433333333333,6.25603164128451,0.844947078874969,31.44,23.5833333333333,25.6666666666667,1.12577589214211,1.32989641399977,7.98948820375298,0.284972324746158,0.0997508266716912,0.000395618000421741,NA,0.388801192223072,32.3298231251711,2.92333333333333,0.089192317168399,0.118941305135333,0.0921077040456528,0.11471684157921,0.937698268601568,0.84912267875366,1.66651798055488,-3.40272395644294
"Vitis_rupestris","Vitis","Vitaceae","Vitales",0,41.8916666666667,0.12014058025,0.3225,35.1833333333333,32.0075,7.98083333333333,NA,35.1833333333333,32.0075,31.7058333333333,24.54,0,22.4166666666667,1.5,17.279166695,1168.5,33.92,-80.51,35.5058333333333,6.68287482425755,0.839591746345967,32.0075,24.54,22.9166666666667,0.945866509839895,1.30640946201931,8.1501988973418,0.266198280149214,-0.0678840767749887,0.000414232086990682,NA,0.429657766973067,29.4861133330316,3.4775,0.108269358840426,0.140705795571372,0.0996084584878292,0.159135509548233,0.67921590606316,0.721293424905796,1.62212763918045,-3.382756263088
"Vitis_vinifera","Vitis","Vitaceae","Vitales",0,65.03313575,0.154019724,0.99,59.05125,43.52,10.66,NA,61.25,43.52,57.58,36.82,0,30,20,16.12916756,784,36.416864,-5.581529,59.54625,8.70504630792236,0.835088776043792,43.52,36.82,50,1.35795763172189,1.18196632265073,8.69089922322488,0.167179426742755,0.305981829623214,0.000398455915702805,NA,0.406385481219704,30.922292244898,3.67,0.0843290441176471,0.0996740901683868,0.0599183673469388,0.122333333333333,0.816326530612245,1.14889705882353,1.81313469520563,-3.39961972100835
"Vitis_vulpina","Vitis","Vitaceae","Vitales",0,NA,NA,NA,82.76,50.58,13.7,NA,82.76,50.58,78.8,40.25,0,38,7,11.59166718,1075,39.92,-76.75,82.76,10.2651500097311,0.749281022608108,50.58,40.25,45,1.11801242236025,1.25664596273292,9.02111503886543,0.228446237377247,0.111552485905747,NA,NA,0.406511368889707,30.9127162880619,3.96000000000001,0.0782918149466194,0.0983850931677021,0.0478492025132915,0.10421052631579,0.543740937651039,0.889679715302491,NA,NA
"Vochysia_ferruginea","Vochysia","Vochysiaceae","Myrtales",1,44.9,0.10875008975,0.085,12.08,16.67,6.8975,NA,NA,NA,NA,NA,NA,NA,NA,25.847916605,3618,6.070175509,-79.01971092,12.1225,3.69499360812905,0.521711003330592,NA,NA,NA,0,1,6.8696513906306,NA,NA,0.00112306619548995,NA,0.470514415770221,27.0154867770908,NA,0,0,0,0,0,0,1.65224634100332,-2.94959464490617
"Vochysia_lehmanii","Vochysia","Vochysiaceae","Myrtales",1,NA,0.1089277356,0.108,15.242,16.564,6.686,NA,NA,NA,NA,NA,NA,NA,NA,25.29999924,4740,2.970351018,-78.18942184,15.35,4.19625099361995,0.633212419385127,NA,NA,NA,0,1,7.10619940633654,NA,NA,0.000968289798818934,NA,0.6358554289081,19.8187845501508,NA,0,0,0,0,0,0,NA,-3.01399464352625
"Weinmannia_racemosa","Weinmannia","Cunoniaceae","Oxalidales",0,180.8440224,0.1275,0.25,14.59075,18.345,7.27,NA,15.645,18.345,15.25,17.355,0,35.5,NA,9.920833588,1596,-38.8,176.4,14.71575,4.31920638215542,0.616431255487297,18.345,17.355,35.5,2.04055949084894,1.05616732388064,7.28560050266407,0.054522651673011,0.712159894455712,0.00120091973552986,NA,0.580873248380831,21.63478785989,0.395000000000001,0.0212770626097134,0.0225340492770647,0.0248888314158665,0.0109695512820513,2.28402426103134,1.93111797088642,2.25730415820906,-2.92048601806033
"Weinmannia_trichosperma","Weinmannia","Cunoniaceae","Oxalidales",0,NA,NA,NA,0.8825,5.775,1.8625,NA,0.8825,5.775,0.7,4.21,0,10.25,NA,9.6208333975,1604.5,-39.04195,-73.27215,0.8825,1.04007040067345,0.564003564690172,5.775,4.21,10.25,2.43136749625969,1.35717546224762,4.40195428999612,0.303541356329088,0.868988715995198,NA,NA,0.339521836935499,39.0382322199077,0.1825,0.0298400755792824,0.0409359535332651,0.199688786390914,0.0178819444444444,12.6527550463721,1.7903108296846,NA,NA
"Wikstroemia_oahuensis","Wikstroemia","Thymelaeaceae","Malvales",1,NA,0.298204252,NA,15.27,16.52,6.365,NA,NA,NA,NA,NA,NA,NA,NA,20.72083282,4667,21.3279,-157.755,15.27,4.40924579953098,0.69272566109211,NA,NA,NA,0,1,7.33096573125476,NA,NA,0.00590476599673835,NA,0.703097401302313,17.8729435359338,NA,0,0,0,0,0,0,NA,-2.22879730860745
"Xanthophyllum_affine","Xanthophyllum","Polygalaceae","Fabales",1,NA,NA,NA,137.245,55.46,24.195,NA,NA,NA,NA,NA,NA,NA,NA,24.77499962,2225,5.016667,117.8125,137.245,13.2110719946265,0.546618766612333,NA,NA,NA,0,1,9.52449315338947,NA,NA,NA,NA,0.560971055462573,22.4203393416911,NA,0,0,0,0,0,0,NA,NA
"Xanthophyllum_poly","Xanthophyllum","Polygalaceae","Fabales",1,52.1,0.110181877,0.105,53.15,34.675,14.42,NA,NA,NA,NA,NA,NA,NA,NA,27.47916603,2255,3.083,101.583,53.255,8.21561880025969,0.569180874156709,NA,NA,NA,0,1,8.57107674416427,NA,NA,0.000229422000540684,NA,0.552485945069409,22.8748210645154,NA,0,0,0,0,0,0,1.71683772329952,-3.63936493754514
"Xanthostemon_chrysanthus","Xanthostemon","Myrtaceae","Myrtales",1,NA,NA,0.06,33.61,39.05,17.88,NA,NA,NA,NA,NA,NA,NA,NA,23.6875,3054,-16.144616,145.430116,33.67,6.54751674081349,0.366192211454893,NA,NA,NA,0,1,8.12177741916107,NA,NA,NA,NA,0.276972276161008,45.3704998512347,NA,0,0,0,0,0,0,NA,NA
"Xanthostemon_paradoxus","Xanthostemon","Myrtaceae","Myrtales",NA,106.446068,0.35,NA,43.19558333,NA,NA,NA,NA,NA,NA,NA,NA,NA,NA,27.60833333,1562.1,-12.45230556,131.1080278,43.19558333,7.41608554789243,NA,NA,NA,NA,NA,NA,8.37090843828004,NA,NA,0.00283593808802489,NA,NA,NA,NA,NA,NA,NA,NA,NA,NA,2.02712962371289,-2.54730325456184
"Xerospermum_noronhianum","Xerospermum","Sapindaceae","Sapindales",1,75.25,0.1736773335,0.155,116.975,49.775,20.69,NA,NA,NA,NA,NA,NA,NA,NA,25.29166603,2035,2.917,102.25,117.13,12.1834138050106,0.588205383492097,NA,NA,NA,0,1,9.35903664216704,NA,NA,0.000262510499476561,NA,0.589622023549942,21.3428413737968,NA,0,0,0,0,0,0,1.87650650426588,-3.58085332169215
"Ximenia_americana","Ximenia","Olacaceae","Santalales",1,149.511111111111,0.0880072585,0.04,8.04722222222222,11.0088888888889,4.45444444444444,NA,NA,NA,NA,NA,NA,NA,NA,23.30138906,1224,24.5774066666667,-76.913375,8.08722222222222,2.8800769155162,0.682438823447363,NA,NA,NA,0,1,6.117031836168,NA,NA,0.00207483944476518,NA,0.687575149645517,18.4306372453947,NA,0,0,0,0,0,0,2.17467346901451,-2.68301550422915
"Xylomelum_occidentale","Xylomelum","Proteaceae","Proteales",0,NA,0.1148338045,0.14,29.77,29.175,9.275,NA,29.77,29.175,27.68,23.56,0,14.5,NA,16.52499962,1147,-34.1,115.1,29.91,6.15638560692412,0.66493634746564,29.175,23.56,14.5,0.613884790736141,1.23564822485871,7.99378484019113,0.211015358891754,-0.48875044179598,0.000488148501492423,NA,0.44006795273321,28.6430514605703,2.09,0.0700635023733031,0.087252787326735,0.0683966866981869,0.140865384615385,0.48955709719706,0.49671053958158,NA,-3.31144803953862
"Xylomelum_occidentalis","Xylomelum","Proteaceae","Proteales",NA,271.7084122,0.216,NA,29.25133333,NA,NA,NA,NA,NA,NA,NA,NA,NA,NA,16.52499962,1147,-34.1,115.1,29.25133333,6.10278250734742,NA,NA,NA,NA,NA,NA,7.98109534255866,NA,NA,0.00159500421651378,NA,NA,NA,NA,NA,NA,NA,NA,NA,NA,2.43410308455512,-2.79723816451511
"Xylomelum_pyriforme","Xylomelum","Proteaceae","Proteales",1,179.7420106,0.266257655333333,1.87333333333333,71.4585333333333,54.57,23.6333333333333,NA,NA,NA,NA,NA,NA,NA,NA,17.102083205,1213,-33.655233335,151.17985835,72.3952,8.72699899729548,0.533862356480448,NA,NA,NA,0,1,8.46775162441,NA,NA,0.00146649598206911,NA,0.520648417661935,24.5647808492717,NA,0,0,0,0,0,0,2.25464959541405,-2.83371912256928
"Xylopia_cuspidata","Xylopia","Annonaceae","Magnoliales",1,54.35,0.1359080175,0.105,67.76,41.08,17.995,NA,NA,NA,NA,NA,NA,NA,NA,25.09583282,3334,-0.6859,-76.3953,67.865,9.28134718294237,0.515924448507242,NA,NA,NA,0,1,8.8165381618656,NA,NA,0.000272172542860855,NA,0.503256749813879,24.9713479866499,NA,0,0,0,0,0,0,1.73519954842231,-3.56515568914546
"Xylopia_macrantha","Xylopia","Annonaceae","Magnoliales",1,38.9,0.156006074,NA,32.8,28.81,12.38,NA,NA,NA,NA,NA,NA,NA,NA,26.39583397,2496,9.17,-79.85,32.8,6.46237240240094,0.522001001809446,NA,NA,NA,0,1,8.09559870137819,NA,NA,0.000742008997710167,NA,0.496589109718451,25.305368902439,NA,0,0,0,0,0,0,1.58994960132571,-3.12959082837032
"Xylosma_pachyphyllum","Xylosma","Salicaceae","Malpighiales",0,220.8,0.144664551,0.1,11.295,14.5,5.425,NA,11.295,14.5,10.915,13.66,0,23.5,NA,22.53333282,2174,18.1702,-66.99,11.345,3.76585494896896,0.691033937658581,14.5,13.66,23.5,1.73234413823497,1.06093066892336,6.99681916656822,0.0591307383792321,0.546781280018002,0.00145534299833321,NA,0.659276095578135,19.1544917154587,0.38,0.0261233019853709,0.027719993619259,0.0349116180768336,0.0161322463768116,2.2242109840326,1.63357715081853,2.34399906905716,-2.83703463916731
"Zanthoxylum_ailanthoides","Zanthoxylum","Rutaceae","Sapindales",0,56.95,0.081303394,0.04,14.33,21.7675,9.0625,NA,14.33,21.7675,14.15,21.34,0,96.5,1.5,15.8125,3215,30.30495,130.60495,14.35,4.04614073853469,0.433775481021032,21.7675,21.34,97.25,4.71630210636603,1.02113620525015,7.03691865436976,0.0208675931327057,1.53695393349534,0.000705013493884062,NA,0.328421946417692,41.3145413616889,0.180000000000001,0.00771913906729411,0.00785974127378506,0.0137724453041842,0.00182188218821883,10.3662475147501,4.6145135358849,1.75549372841512,-3.15180257057838
"Zanthoxylum_clava-herculis","Zanthoxylum","Rutaceae","Sapindales",1,113.983333333333,0.1123105892,0.0383333333333333,7.92,12.3633333333333,4.59833333333333,NA,NA,NA,NA,NA,NA,NA,NA,22.4375,1243,27.18,-81.35,7.95833333333333,3.1746873510523,0.691765291130837,NA,NA,NA,0,1,6.66853718487762,NA,NA,0.00160333057507678,NA,0.647628193490704,19.4138755449056,NA,0,0,0,0,0,0,2.05684135334939,-2.79497692547471
"Zanthoxylum_flavum","Zanthoxylum","Rutaceae","Sapindales",0,104.6,0.155590325,0.02,17.165,18.405,7.475,NA,17.165,18.405,16.93,18.01,0,58.5,NA,25.17499924,1157,17.96999997,-66.87083829,17.185,4.67726269037029,0.625866893616882,18.405,18.01,58.5,3.25333432815665,1.02194618273034,7.44885646877678,0.0217067411788151,1.15075934324949,0.00141502537829494,NA,0.636650576597502,19.7445504600555,0.234999999999999,0.0127672871680904,0.0130470359249405,0.0136928072386141,0.00426388888888887,3.43192231532398,3.18193948812175,2.01953168453126,-2.84923577105516
"Zanthoxylum_margland","Zanthoxylum","Rutaceae","Sapindales",0,58.8,0.1573356975,0.24,109.855,55.7,23.885,NA,109.855,55.7,108.195,54.585,0,68,NA,25.09583282,3334,-0.6859,-76.3953,110.095,11.8145312334504,0.494844163537351,55.7,54.585,68,1.24517189561855,1.01999798340173,9.29800042383803,0.0197806069148578,0.219247997496186,0.000225752499060664,NA,0.443580401999184,28.3357802308672,1.66,0.0296459513866667,0.0302527159688423,0.0150815990235753,0.0242835398999782,0.623613419076623,1.22075281404043,1.76937732607614,-3.64636743338545
"Zanthoxylum_martinicense","Zanthoxylum","Rutaceae","Sapindales",0,51.7,NA,NA,31.43,30.19,12.59,NA,31.43,30.19,30.795,29,0,108.5,NA,23.96249962,1997,18.4095,-66.9706,31.43,6.316296368415,0.50192467595132,30.19,29,108.5,3.75240483715817,1.04073574656834,8.04680105927509,0.0399150297911819,1.32104533586331,NA,NA,0.432365058447986,29.0688163350427,0.634999999999998,0.0209189885421043,0.0217809536897072,0.020115105082578,0.00584862385321099,3.49293505663023,3.60657461949731,1.71349054309394,NA
"Zanthoxylum_procerum","Zanthoxylum","Rutaceae","Sapindales",1,NA,0.138045403,NA,60.65,36.71,14.7,NA,NA,NA,NA,NA,NA,NA,NA,26.39583397,2496,9.17,-79.85,60.65,8.78760367723691,0.597796168519518,NA,NA,NA,0,1,8.71028982137815,NA,NA,0.000314205000650163,NA,0.565551163533573,22.2196883759275,NA,0,0,0,0,0,0,NA,-3.50278690733713
"Zieria_arborescens","Zieria","Rutaceae","Sapindales",1,80.40008661,0.11077561075,0.04,5.1358,12.47,5.535,NA,NA,NA,NA,NA,NA,NA,NA,11.29166698,792,-42.9,147.3,5.1558,2.55722282180274,0.484471323177268,NA,NA,NA,0,1,6.23775095412493,NA,NA,0.00241924477253214,NA,0.452676449169797,27.8870229898167,NA,0,0,0,0,0,0,1.90525651658707,-2.61632018869388
"Ziziphus_angustifolia","Ziziphus","Rhamnaceae","Rosales",1,NA,NA,NA,91.305,51.365,22.975,NA,NA,NA,NA,NA,NA,NA,NA,24.77499962,2225,5.016667,117.8125,91.305,10.7654701908877,0.468358004428172,NA,NA,NA,0,1,9.1132013846087,NA,NA,NA,NA,0.43333856694753,29.0017070362887,NA,0,0,0,0,0,0,NA,NA
"Ziziphus_reticulata","Ziziphus","Rhamnaceae","Rosales",0,128.9,0.13351584825,0.0625,20.885,18.25,5.845,NA,20.885,18.25,20.69,17.58,0,28.5,NA,26.097916605,947.5,17.9485075,-67.0648335,20.9475,5.02003068285235,0.847527758328915,18.25,17.58,28.5,1.90804245803777,1.04252469395325,7.52008653714748,0.0414515096938963,0.464066316342591,0.00105757699528511,NA,0.735170327071986,17.1834942731626,0.195,0.0103325012214445,0.0107588477113999,0.00994790243517543,0.00789214046822744,2.24652299683332,1.80896437707461,2.1102529173534,-2.97568800465249
"Zygia_heteroneura","Zygia","Fabaceae","Fabales",1,57.1,NA,NA,349.78,88.96,38.06,NA,NA,NA,NA,NA,NA,NA,NA,25.09583282,3334,-0.6859,-76.3953,349.78,21.1034056009324,0.554477288516353,NA,NA,NA,0,1,10.4624745714091,NA,NA,NA,NA,0.555412038700522,22.6253119103436,NA,0,0,0,0,0,0,1.75663610824585,NA
