site,morphotype,order,family,genus,species,specimen_number,measurer_comments,margin,petiole_width,petiole_area,blade_area,blade_perimeter,feret,minimum_feret,raw_blade_area,raw_blade_perimeter,internal_raw_blade_area,internal_raw_blade_perimeter,length_of_cut_perimeter,no_of_primary_teeth,no_of_subsidiary_teeth
Fox Hills,FH2,Proteales,Platanaceae,"""Vitis""",stantonii,DSCN0544,,,0.11,,27.232,,8.918,,,,,,,,
Fox Hills,FH2,Proteales,Platanaceae,"""Vitis""",stantonii,DSCN0635,,0,,,51.07,,9.91,,4.646,19.872,4.546,19.632,17.122,4,
Fox Hills,FH2,Proteales,Platanaceae,"""Vitis""",stantonii,DSCN0684,,0,,,28.94,,7.282,,1.566,9.077,1.546,8.969,7.253,3,
Fox Hills,FH2,Proteales,Platanaceae,"""Vitis""",stantonii,DSCN0686,,0,,,32.556,,7.596,,3.632,12.207,3.595,12.054,8.284,3,
Fox Hills,FH2,Proteales,Platanaceae,"""Vitis""",stantonii,ND03-1.41,,0,0.35,0.076,48.356,,8.619,,11.073,21.17,10.906,20.454,11.65,14,
Fox Hills,FH2,Proteales,Platanaceae,"""Vitis""",stantonii,M7,,0,,,,,,,4.432,13.616,4.389,13.516,7.281,3,
Fox Hills,FH3,Magnoliales,Magnoliaceae,Liriodendrites,bradacii,DSCN0516,,1,0.13,,46.148,,9.781,,46.148,,46.148,,,0,
Fox Hills,FH3,Magnoliales,Magnoliaceae,Liriodendrites,bradacii,DSCN0590,,1,0.19,0.639,80.123,,12.825,,80.123,,80.123,,,0,
Fox Hills,FH3,Magnoliales,Magnoliaceae,Liriodendrites,bradacii,DSCN0591,,1,0.19,0.607,74.078,,12.478,,74.078,,74.078,,,0,
Fox Hills,FH3,Magnoliales,Magnoliaceae,Liriodendrites,bradacii,DSCN0609,,1,,,73.192,,10.061,,73.192,,73.192,,,0,
Fox Hills,FH3,Magnoliales,Magnoliaceae,Liriodendrites,bradacii,DSCN0755,,1,0.15,0.309,24.463,,6.999,,24.463,,24.463,,,0,
Fox Hills,FH3,Magnoliales,Magnoliaceae,Liriodendrites,bradacii,DSCN0766,,1,0.2,,67.307,,11.601,,67.307,,67.307,,,0,
Fox Hills,FH3,Magnoliales,Magnoliaceae,Liriodendrites,bradacii,ND03-1.75,,1,0.21,0.63,71.718,,12.563,,71.718,,71.718,,,0,
Fox Hills,FH3,Magnoliales,Magnoliaceae,Liriodendrites,bradacii,M3,,1,0.12,0.044,25.571,,7.736,,25.571,,25.571,,,0,
Fox Hills,FH10,Rosales,Rhamnaceae,Rhamnus,salicifolius,DSCN0401,,1,,,16.235,,7.444,,16.235,,16.235,,,0,
Fox Hills,FH10,Rosales,Rhamnaceae,Rhamnus,salicifolius,DSCN0406,,1,,,13.416,,9.603,,13.416,,13.416,,,0,
Fox Hills,FH10,Rosales,Rhamnaceae,Rhamnus,salicifolius,DSCN0482,,1,,,17.218,,9.573,,17.218,,17.218,,,0,
Fox Hills,FH10,Rosales,Rhamnaceae,Rhamnus,salicifolius,DSCN0601,,1,,0.168,24.83,,9.987,,24.83,,24.83,,,0,
Fox Hills,FH10,Rosales,Rhamnaceae,Rhamnus,salicifolius,ND03-1.86b,,1,0.1,0.112,8.273,,6.897,,8.273,,8.273,,,0,
Fox Hills,FH10,Rosales,Rhamnaceae,Rhamnus,salicifolius,M10,,1,,,11.349,,7.999,,11.349,,11.349,,,0,
Fox Hills,FH10,Rosales,Rhamnaceae,Rhamnus,salicifolius,rhamnus-1,,1,,,7.826,,6.449,,7.826,,7.826,,,0,
Fox Hills,FH10,Rosales,Rhamnaceae,Rhamnus,salicifolius,rhamnus.go,,1,,0.017,8.166,,7.672,,8.166,,8.166,,,0,
Fox Hills,FH11,Proteales,Platanaceae,Platanites,marginata,DSCN0414,,0,,,,,,,10.371,23.185,10.346,22.762,16.548,7,
Fox Hills,FH11,Proteales,Platanaceae,Platanites,marginata,ND03-1.83,,0,0.15,,53.569,,11.445,,13.776,26.392,13.611,26.03,15.73,2,
Fox Hills,FH12,Proteales,,Dalbergites,simplex,DSCN0699,,1,,,15.618,,4.766,,15.618,,15.618,,,0,
Fox Hills,FH12,Proteales,,Dalbergites,simplex,M12,,1,0.07,0.002,6.51,,3.377,,6.51,,6.51,,,0,
Fox Hills,FH12,Proteales,,Dalbergites,simplex,M12_go2,,1,,,7.85,,3.28,,7.85,,7.85,,,0,
Fox Hills,FH15,Proteales,,"""Juglans""",arctica,ND03-1.48,,1,0.17,0.036,29.291,,9.173,,29.291,,29.291,,,0,
Fox Hills,FH15,Proteales,,"""Juglans""",arctica,DSCN0773,,1,0.06,,37.108,,10.307,,37.108,,37.108,,,0,
Fox Hills,FH20,Proteales,,,,DSCN0761,,0,,,66.197,,10.264,,13.893,31.149,13.589,30.107,25.002,7,
Fox Hills,FH20,Proteales,,,,DSCN0763,,0,,,61.912,,9.774,,12.025,23.626,11.839,22.92,19.35,4,
Fox Hills,FH26,Proteales,Platanaceae,Grewiopsis,saportana,DSCN0546,,0,,,,,,,7.893,13.25,7.625,12.619,6.386,4,
Fox Hills,FH26,Proteales,Platanaceae,Grewiopsis,saportana,DSCN0661,,0,,,39.072,,9.23,,6.784,22.638,6.678,21.704,8.901,11,
Fox Hills,FH26,Proteales,Platanaceae,Grewiopsis,saportana,DSCN0666,,0,,,39.988,,9.567,,9.766,32.53,9.619,31.348,22.664,13,
Fox Hills,FH26,Proteales,Platanaceae,Grewiopsis,saportana,DSCN0732,,0,,,53.3,,9.509,,9.211,17.692,9.036,17.318,10.658,7,
Fox Hills,FH26,Proteales,Platanaceae,Grewiopsis,saportana,DSCN0733,,0,0.13,0.052,48.954,,8.796,,19.224,23.217,18.953,22.302,11.79,20,
Fox Hills,FH26,Proteales,Platanaceae,Grewiopsis,saportana,DSCN0782,,0,0.1,0.106,21.946,,6.985,,6.457,20.788,6.385,20.229,13.824,8,
Fox Hills,FH26,Proteales,Platanaceae,Grewiopsis,saportana,ND03-1.84,,0,0.08,0.038,13.924,,6.231,,1.574,11.5,1.539,11.283,8.57,3,
Fox Hills,FH26,Proteales,Platanaceae,Grewiopsis,saportana,ND03-1.32,,0,,,,,,,1.722,6.034,1.682,5.829,3.738,3,
Fox Hills,FH27,Dilleniales,Dilleniaceae,,,ND03-1.40,,0,0.26,1.008,46.81,,10.256,,16.425,33.376,15.947,32.214,23.696,16,
Fox Hills,FH28,,,"""Macclintockia""",electilis,DSCN0551,,1,0.07,,3.651,,3.04,,3.651,,3.651,,,0,
Fox Hills,FH30,Saxifragales,Cercidiphyllaceae,Cercidiphyllum,ellipticum,DSCN0567,,0,,,6.668,,3.498,,1.574,9.488,1.56,9.429,5.653,3,
Fox Hills,FH30,Saxifragales,Cercidiphyllaceae,Cercidiphyllum,ellipticum,DSCN0568,,0,,,6.662,,3.617,,3.109,11.901,3.043,11.576,6.443,12,
Fox Hills,FH35,Proteales,Platanaceae,,,DSCN0613,,0,,,12.028,,4.815,,2.768,13.448,2.703,13.169,9.707,7,
Fox Hills,FH36,,,,,DSCN0649,,0,,,33.986,,7.652,,15.345,19.974,14.036,18.414,11.858,5,
Fox Hills,FH36,,,,,DSCN0651,,0,,,40.254,,7.922,,17.669,20.423,14.979,18.208,12.132,5,
Fox Hills,FH40,,,,,ND03-1.52,,0,0.05,0.004,3.182,,2.02,,0.344,3.939,0.323,3.2,2.439,5,
Fox Hills,FH41,,,,,ND03-1.58,,0,,,,,,,0.785,4.28,0.763,4.009,2.205,3,
Fox Hills,FH49,,,,,DSCN0789,,0,0.1,,18.663,,8.528,,3.095,15.131,3.041,14.826,11.87,9,
Fox Hills,FH49,,,,,DSCN0804,,0,0.13,,17.795,,7.073,,3.304,21.216,3.263,20.913,17.63,13,
Fox Hills,FH50,,,,,ND03-1.69,,0,,,,,,,0.656,5.56,0.552,5.084,2.593,5,
Fox Hills,FH51,,,"""Vitis""",stantonii,ND03-1.65,,0,,,,,,,1.027,4.987,0.945,4.676,2.67,3,1
Fox Hills,FH51,,,"""Vitis""",stantonii,ND03-1.35,,0,,,50.294,,10.723,,4.455,21.768,4.415,21.527,18.868,4,
Fox Hills,FH58,Laurales,Lauraceae,Marmarthia,johnsonii,ND03-1.105,,0,,,45.186,,8.546,,9.23,16.403,7.81,15.223,9.194,3,
Fox Hills,FH61,,,,,A140 11-12,,1,,,1.268,,2.585,,1.268,,1.268,,,0,
Fox Hills,FH61,,,,,A140 11-12,,1,0.03,,0.947,,2.356,,0.947,,0.947,,,0,
Fox Hills,FH63,Cornales,Cornaceae,Cornus,,A140.10,,0,,,,,,,1.708,5.773,1.609,5.276,3.691,1,
Fox Hills,FH64,,,,,bigleaf1,,1,0.28,1.416,43.93,,12.359,,43.93,,43.93,,,0,
Fox Hills,FH64,,,,,ND03-1.49,,1,0.14,,43.664,,12.261,,43.664,,43.664,,,0,
Fox Hills,FH70,,,,,ND03-1.1,,1,0.06,0.041,3.689,,3.919,,3.689,,3.689,,,0,
Fox Hills,FH71,Laurales,,,,A140.3,,1,0.04,,9.788,,5.433,,9.788,,9.788,,,0,
Fox Hills,FH72,,,,,ND03-1.62,,1,0.13,,9.062,,4.247,,9.062,,9.062,,,0,
Williston Basin I,LM10,Cornales,Nyssaceae,Browniea,serrata,YPM80010,,0,0.122,0.122,76.282,,11.652,,17.147,43.058,16.786,40.631,29.446,14,1
Williston Basin I,LM10,Cornales,Nyssaceae,Browniea,serrata,71,,0,,,52.87,,12.869,,10.483,18.355,10.087,17.052,11.668,9,1
Williston Basin I,LM10,Cornales,Nyssaceae,Browniea,serrata,YPM53487-2,,0,,,17.172,,6.785,,2.783,16.336,2.723,15.564,12.119,14,3
Williston Basin I,LM10,Cornales,Nyssaceae,Browniea,serrata,42,,0,,,45.416,,10.985,,15.28,24.415,15.035,23.184,15.892,23,4
Williston Basin I,LM10,Cornales,Nyssaceae,Browniea,serrata,51,,0,,,25.344,,8.538,,7.673,20.721,7.484,19.68,13.556,18,
Williston Basin I,LM10,Cornales,Nyssaceae,Browniea,serrata,59,,0,0.101,0.101,23.499,,7.784,,1.786,5.788,1.77,5.77,4.155,2,
Williston Basin I,LM10,Cornales,Nyssaceae,Browniea,serrata,YPM175038-2,,0,0.122,0.122,16.598,,5.942,,5.938,10.745,5.781,10.455,5.261,5,
Williston Basin I,LM10,Cornales,Nyssaceae,Browniea,serrata,39,,0,,,15.588,,6.612,,2.529,13.101,2.508,12.947,9.099,3,
Williston Basin I,LM10,Cornales,Nyssaceae,Browniea,serrata,40,,0,,,24.276,,7.533,,5.476,15.917,5.439,15.713,10.025,2,
Williston Basin I,LM10,Cornales,Nyssaceae,Browniea,serrata,41,,0,,,26.596,,8.973,,6.801,18.463,6.626,17.81,13.506,9,
Williston Basin I,LM10,Cornales,Nyssaceae,Browniea,serrata,YPM17593a,,0,0.238,0.238,31.308,,8.918,,5.292,14.051,5.18,13.251,9.426,9,1
Williston Basin I,LM10,Cornales,Nyssaceae,Browniea,serrata,YPM175090a,,0,0.024,0.024,28.196,,6.778,,12.481,21.051,11.717,17.606,9.123,17,8
Williston Basin I,LM10,Cornales,Nyssaceae,Browniea,serrata,YPM175093a,,0,0.188,0.188,29.43,,8.373,,4.257,16.099,4.171,15.462,12.692,8,
Williston Basin I,LM10,Cornales,Nyssaceae,Browniea,serrata,YPM175095,,0,,,41.414,,9.845,,10.441,25.541,10.169,22.946,17.481,16,5
Williston Basin I,LM10,Cornales,Nyssaceae,Browniea,serrata,YPM175156a,,0,0.088,0.088,23.554,,7.263,,6.995,19.894,6.771,17.503,12.935,20,4
Williston Basin I,LM100,Proteales,Platanaceae,,,YPM175022a,,0,0.209,0.209,22.971,,6.399,,14.823,28.86,14.418,27.632,11.821,21,
Williston Basin I,LM104,,,,,YPM175081,,1,,,13.678,,6.623,,13.678,,13.678,,,0,
Williston Basin I,LM117,Laurales,Lauraceae,Melastomatites,montanensis,YPM80039b,,1,0.53,0.53,43.99,,10.984,,43.99,,43.99,,,0,
Williston Basin I,LM121,,,,,YPM175103,,0,,,10.554,,6.884,,3.036,14.129,2.999,13.775,8.787,3,
Williston Basin I,LM122,,,,,YPM175088,,0,0.318,0.318,46.995,,12.601,,12.845,19.449,12.535,17.807,7.791,22,5
Williston Basin I,LM17,Oxidales,Oxalidaceae?,Averhoites,affinus,YPM80079,,1,,,8.768,,6.333,,8.768,,8.768,,,0,
Williston Basin I,LM17,Oxidales,Oxalidaceae?,Averhoites,affinus,67,,1,,,5.154,,4.823,,5.154,,5.154,,,0,
Williston Basin I,LM17,Oxidales,Oxalidaceae?,Averhoites,affinus,YPM175030,,1,,,12.201,,6.936,,12.201,,12.201,,,0,
Williston Basin I,LM17,Oxidales,Oxalidaceae?,Averhoites,affinus,YPM175031,,1,0.014,0.014,5.567,,5.172,,5.567,,5.567,,,0,
Williston Basin I,LM17,Oxidales,Oxalidaceae?,Averhoites,affinus,YPM53487,,1,,,13.847,,6.807,,13.847,,13.847,,,0,
Williston Basin I,LM17,Oxidales,Oxalidaceae?,Averhoites,affinus,68,,1,,,17.819,,8.04,,17.819,,17.819,,,0,
Williston Basin I,LM17,Oxidales,Oxalidaceae?,Averhoites,affinus,69,,1,,,14.383,,6.898,,14.383,,14.383,,,0,
Williston Basin I,LM22,Rosales,Canabaceae,Celtis,aspera,YPM175091,,0,,,19.21,,7.695,,11,25.331,10.717,23.603,14.461,24,1
Williston Basin I,LM22,Rosales,Canabaceae,Celtis,aspera,YPM175094,,0,,,8.117,,5.682,,3.255,13.256,3.123,12.67,6.895,20,1
Williston Basin I,LM26,,,Ficus,artocarpoides,44,,0,,,15.266,,6.6,,7.284,14.407,7.15,13.887,6.152,11,3
Williston Basin I,LM26,,,Ficus,artocarpoides,74,,0,,,45.783,,11.249,,18.086,28.373,17.97,28.078,15.551,3,
Williston Basin I,LM26,,,Ficus,artocarpoides,YPM175145,,,,,59.968,,11.321,,,,,,,,
Williston Basin I,LM29,,,,,52,,1,0.082,0.082,45.684,,9.435,,45.684,,45.684,,,0,
Williston Basin I,LM29,,,,,YPM175005a,,1,0.068,0.068,18.069,,6.997,,18.069,,18.069,,,0,
Williston Basin I,LM29,,,,,YPM175016a,,1,,,40.589,,8.852,,40.589,,40.589,,,0,
Williston Basin I,LM32,,,,,YPM80214,,1,,,36.531,,10.008,,36.531,,36.531,,,0,
Williston Basin I,LM35,,,,,YPM78681,,0,,,35.492,,9.259,,17.43,22.006,16.76,21.591,11.03,7,
Williston Basin I,LM39,,,Cornus,nebrascensis,YPM175021,,0,,,22.922,,8.07,,9.386,15.98,8.823,14.139,5.353,4,
Williston Basin I,LM39,,,Cornus,nebrascensis,YPM8655,,1,,,19.196,,7.581,,19.196,,19.196,,,0,
Williston Basin I,LM39,,,Cornus,nebrascensis,72,,0,,,11.745,,6.198,,2.075,6.271,2.049,6.229,3.503,3,
Williston Basin I,LM39,,,Cornus,nebrascensis,73,,1,,,35.541,,9.373,,35.541,,35.541,,,0,
Williston Basin I,LM39,,,Cornus,nebrascensis,YPM78659,,1,0.028,0.028,5.358,,3.63,,5.358,,5.358,,,0,
Williston Basin I,LM39,,,Cornus,nebrascensis,43,,1,0.16,0.16,14.259,,5.912,,14.259,,14.259,,,0,
Williston Basin I,LM39,,,Cornus,nebrascensis,YPM175087a,,0,,,44.332,,12.334,,26.615,35.555,24.994,31.678,10.521,7,
Williston Basin I,LM39,,,Cornus,nebrascensis,YPM175087b,,1,,,18.225,,8.586,,18.225,,18.225,,,0,
Williston Basin I,LM39,,,Cornus,nebrascensis,45,,0,,,26.333,,8.213,,6.838,14.665,6.533,13.886,9.372,4,
Williston Basin I,LM39,,,Cornus,nebrascensis,50,,1,,,37.889,,12.353,,37.889,,37.889,,,0,
Williston Basin I,LM39,,,Cornus,nebrascensis,46,,1,,,26.683,,8.85,,26.683,,26.683,,,0,
Williston Basin I,LM39,,,Cornus,nebrascensis,47,,1,,,27.013,,6.671,,27.013,,27.013,,,0,
Williston Basin I,LM39,,,Cornus,nebrascensis,48,,1,,,7.402,,4.769,,7.402,,7.402,,,0,
Williston Basin I,LM39,,,Cornus,nebrascensis,YPM175088,,1,,,28.05,,8.105,,28.05,,28.05,,,0,
Williston Basin I,LM39,,,Cornus,nebrascensis,YPM175083a,,1,,,31.381,,8.657,,31.381,,31.381,,,0,
Williston Basin I,LM39,,,Cornus,nebrascensis,YPM175084,,0,0.198,0.198,38.534,,8.093,,11.485,14.782,11.169,14.18,6.827,1,
Williston Basin I,LM4,Proteales,Platanaceae,Platanus,raynoldsii,YPM80063,,0,,,34.75,,9.043,,9.813,22.133,9.425,21.524,14.224,6,
Williston Basin I,LM4,Proteales,Platanaceae,Platanus,raynoldsii,YPM80086,,0,0.062,0.062,22.882,,6.092,,4.312,14.364,4.176,14.075,9.796,5,
Williston Basin I,LM4,Proteales,Platanaceae,Platanus,raynoldsii,YPM80092,,0,0.12,0.12,11.309,,5.14,,4.527,10.176,4.48,10.026,4.41,3,
Williston Basin I,LM4,Proteales,Platanaceae,Platanus,raynoldsii,YPM80098,,0,,,30.434,,6.972,,14.744,18.698,14.333,18.099,11.956,7,
Williston Basin I,LM4,Proteales,Platanaceae,Platanus,raynoldsii,YPM80101,,0,0.029,0.029,46.385,,9.055,,17.223,24.445,16.709,23.707,16.46,7,1
Williston Basin I,LM47,,,,,YPM52360a,,0,,,12.408,,4.427,,1.989,9.124,1.939,8.399,5.197,17,
Williston Basin I,LM47,,,,,YPM78685-1,,0,,,5.177,,4.452,,1.486,8.056,1.449,7.648,4.534,9,1
Williston Basin I,LM5,Saxifragales,Cercidiphyllaceae?,Populus,nebrascensis,70,,0,,,9.413,,3.983,,5.817,15.102,5.478,14.186,6.357,5,1
Williston Basin I,LM5,Saxifragales,Cercidiphyllaceae?,Populus,nebrascensis,42,,0,,,46.078,,8.236,,20.591,24.451,19.783,22.743,4.404,23,4
Williston Basin I,LM5,Saxifragales,Cercidiphyllaceae?,Populus,nebrascensis,YPM175086,,0,,,11.435,,4.209,,7.668,20.526,7.485,19.722,8.823,16,4
Williston Basin I,LM5,Saxifragales,Cercidiphyllaceae?,Populus,nebrascensis,49,,0,,,44.006,,8.575,,16.069,26.239,15.488,24.839,17.839,6,1
Williston Basin I,LM5,Saxifragales,Cercidiphyllaceae?,Populus,nebrascensis,53,,0,,,22.835,,6.169,,9.928,15.851,9.268,14.679,5.882,5,
Williston Basin I,LM5,Saxifragales,Cercidiphyllaceae?,Populus,nebrascensis,54,,0,0.029,0.029,15.536,,5.677,,5.836,18.108,5.284,17.036,7.8,4,
Williston Basin I,LM5,Saxifragales,Cercidiphyllaceae?,Populus,nebrascensis,55,,0,,,38.601,,8.307,,12.357,25.332,11.468,23.109,17.006,5,1
Williston Basin I,LM5,Saxifragales,Cercidiphyllaceae?,Populus,nebrascensis,56,,0,0.506,0.506,21.707,,5.803,,5.146,11.501,4.566,10.92,4.765,4,
Williston Basin I,LM5,Saxifragales,Cercidiphyllaceae?,Populus,nebrascensis,57,,0,,,29.71,,7.193,,7.207,16.033,6.735,15.342,12.021,2,1
Williston Basin I,LM5,Saxifragales,Cercidiphyllaceae?,Populus,nebrascensis,58,,0,0.05,0.05,35.627,,7.358,,18.003,26.72,17.526,25.448,13.308,3,1
Williston Basin I,LM5,Saxifragales,Cercidiphyllaceae?,Populus,nebrascensis,YPM8218,,0,,,12.662,,5.693,,5.992,12.548,5.671,11.947,4.897,9,
Williston Basin I,LM5,Saxifragales,Cercidiphyllaceae?,Populus,nebrascensis,YPM53467,,0,,,20.461,,6.589,,8.16,22.974,7.852,22.201,11.883,9,
Williston Basin I,LM5,Saxifragales,Cercidiphyllaceae?,Populus,nebrascensis,YPM80235,,,,,21.354,,5.272,,,,,,,,
Williston Basin I,LM5,Saxifragales,Cercidiphyllaceae?,Populus,nebrascensis,YPM175008a,,0,0.213,0.213,16.223,,5.632,,11.669,21.835,10.979,19.647,8.028,12,1
Williston Basin I,LM5,Saxifragales,Cercidiphyllaceae?,Populus,nebrascensis,YPM175009,,,0.211,0.211,41.06,,8.048,,,,,,,,
Williston Basin I,LM5,Saxifragales,Cercidiphyllaceae?,Populus,nebrascensis,YPM175010,,0,0.02,0.02,22.754,,5.83,,3.054,7.719,2.815,7.339,4.691,3,
Williston Basin I,LM5,Saxifragales,Cercidiphyllaceae?,Populus,nebrascensis,YPM175011,,0,,,22.167,,6.19,,16.82,18.974,16.038,17.102,9.049,12,1
Williston Basin I,LM5,Saxifragales,Cercidiphyllaceae?,Populus,nebrascensis,YPM175013,,0,,,35.556,,7.341,,8.229,19.462,7.809,18.784,8.823,4,1
Williston Basin I,LM5,Saxifragales,Cercidiphyllaceae?,Populus,nebrascensis,YPM80219,,0,0.043,0.043,27.156,,6.827,,6.114,11.783,5.912,11.243,5.709,8,
Williston Basin I,LM5,Saxifragales,Cercidiphyllaceae?,Populus,nebrascensis,YPM80248a,,0,,,33.648,,7.307,,16.361,18.688,15.588,17.472,8.553,10,3
Williston Basin I,LM5,Saxifragales,Cercidiphyllaceae?,Populus,nebrascensis,60,,0,0.065,0.065,4.689,,3.214,,1.594,9.113,1.464,8.597,4.689,4,
Williston Basin I,LM5,Saxifragales,Cercidiphyllaceae?,Populus,nebrascensis,61,,0,0.089,0.089,14.639,,4.997,,5.094,13.532,4.898,13.067,8.296,4,1
Williston Basin I,LM6,Trochodendrales,Trochdendraceae,Zizyphoides,flabella,65,,0,0.19,0.19,19.614,,5.515,,6.377,12.198,6.127,11.768,4.897,4,
Williston Basin I,LM6,Trochodendrales,Trochdendraceae,Zizyphoides,flabella,66,,0,,,9.634,,3.824,,4.259,16.888,4.179,16.698,10.174,3,
Williston Basin I,LM92,,,,,YPM175028,,0,0.034,0.034,10.008,,6.014,,1.37,11.937,1.344,11.78,8.581,10,1
Williston Basin I,LM92,,,,,YPM78687,,0,,,,,,,1.463,7.931,1.438,7.835,5.9,7,
Williston Basin I,LM93,,,,,YPM175027,,0,,,,,,,6.228,14.244,6.09,14.019,6.861,9,
Williston Basin I,LM99,,,,,YPM175189,,0,,,5.636,,3.971,,3.034,10.445,2.833,9.764,4.176,9,3
Williston Basin II,LM10,Cornales,Nyssaceae,Browniea,serrata,6,,0,0.1,0.049,17.643,,7.352,,5.135,16.278,4.992,15.01,10.09,15,
Williston Basin II,LM106,Saxifragales,Cercidiphyllaceae?,Populus,cordata,YPM175129,,0,0.19,0.047,30.992,,6.785,,22.869,28.972,22.218,25.89,10.701,21,6
Williston Basin II,LM106,Saxifragales,Cercidiphyllaceae?,Populus,cordata,YPM80136,,0,0.16,0.256,34.482,,8.104,,14.155,16.905,13.682,14.779,6.569,13,8
Williston Basin II,LM106,Saxifragales,Cercidiphyllaceae?,Populus,cordata,YPM175097,,0,0.14,,22.296,,6.443,,9.9,20.821,9.756,19.36,10.038,5,
Williston Basin II,LM106,Saxifragales,Cercidiphyllaceae?,Populus,cordata,YPM80022,,0,0.11,,17.012,,5.156,,5.847,20.527,5.392,18.34,12.292,12,2
Williston Basin II,LM107,,,,,YPM175123,,1,0.08,0.152,8.764,,6.695,,8.764,,8.764,,,0,
Williston Basin II,LM109,,,,,YPM175124a,,0,,,30.525,,10.219,,8.938,26.41,8.874,26.181,19.908,19,
Williston Basin II,LM109,,,,,YPM175128,,0,,,23.753,,9.54,,5.744,15.565,5.651,15.351,9.484,5,1
Williston Basin II,LM109,,,,,YPM175131a,,0,,,,,,,2.055,6.167,1.987,6.042,4.017,6,
Williston Basin II,LM110,,,,,YPM175130,,0,,,12.071,,5.832,,5.815,11.64,5.796,11.506,5.002,8,
Williston Basin II,LM118,Sabiales,Sabiaceae,,,YPM175100a,,0,0.11,0.17,16.764,,8.776,,8.789,22.011,8.501,21.346,9.477,9,1
Williston Basin II,LM119,,,,,YPM80024a,,1,0.14,0.511,17.535,,9.652,,17.535,,17.535,,,0,
Williston Basin II,LM12,Proteales,Platanaceae,,,YPM78691,,0,,,10.63,,4.564,,6.03,16.557,5.897,15.972,7.889,5,
Williston Basin II,LM13,,,Planera,crenata,YPM80145c,,0,0.06,,5.509,,4.099,,4.18,12.915,3.566,11.347,2.961,8,
Williston Basin II,LM13,,,Planera,crenata,YPM80264a,,0,0.07,0.037,16.747,,7.082,,12.987,21.845,10.964,18.216,3.774,11,
Williston Basin II,LM13,,,Planera,crenata,YPM175188,,0,0.07,0.047,14.655,,6.399,,5.128,12.998,4.26,11.264,6.16,3,
Williston Basin II,LM14,Fagales,Juglandaceae,Juglandiphyllites,glabra,38,,0,,,14.935,,7.383,,2.421,7.421,2.365,7.029,2.596,14,4
Williston Basin II,LM14,Fagales,Juglandaceae,Juglandiphyllites,glabra,YPM175110,,0,,,,,,,2.354,6.724,2.322,6.355,4.543,11,
Williston Basin II,LM14,Fagales,Juglandaceae,Juglandiphyllites,glabra,YPM78615,,0,,,19.606,,8.197,,3.641,16.883,3.577,16.215,6.982,17,
Williston Basin II,LM15,Fagales,Fagaceae,Fagopsiphyllum,groenlandicum,YPM78649,,0,,,,,,,2.212,8.975,2.006,8.348,5.107,7,
Williston Basin II,LM15,Fagales,Fagaceae,Fagopsiphyllum,groenlandicum,YPM80023,,0,,,,,,,8.358,15.311,7.814,14.253,9.606,5,
Williston Basin II,LM15,Fagales,Fagaceae,Fagopsiphyllum,groenlandicum,YPM80262,,0,,,29.146,,9.695,,7.728,19.587,7.007,17.431,10.267,11,
Williston Basin II,LM15,Fagales,Fagaceae,Fagopsiphyllum,groenlandicum,YPM80266,,0,,,25.225,,9.851,,7.076,25.835,6.758,24.449,16.065,8,
Williston Basin II,LM15,Fagales,Fagaceae,Fagopsiphyllum,groenlandicum,YPM80145b,,0,,,21.856,,8.857,,10.02,18.566,8.983,16.486,7.981,7,
Williston Basin II,LM15,Fagales,Fagaceae,Fagopsiphyllum,groenlandicum,YPM175098,,0,0.1,,27.161,,11.37,,21.183,33.648,18.839,26.43,11.552,25,2
Williston Basin II,LM15,Fagales,Fagaceae,Fagopsiphyllum,groenlandicum,YPM53466,,0,0.09,0.053,52.12,,13.258,,24.134,34.404,22.283,29.103,10.351,22,
Williston Basin II,LM36,,,,,YPM80257,,0,,,4.196,,2.817,,2.308,9.716,2.258,9.577,5.587,3,
Williston Basin II,LM37,,,,,YPM80261,,0,0.05,0.021,18.991,,7.087,,5.098,10.835,4.963,10.05,5.57,3,
Williston Basin II,LM38,Ericales,Theaceae,,,2,,0,,0.572,50.489,,12.241,,26.884,35.793,26.384,34.846,17.675,17,1
Williston Basin II,LM38,Ericales,Theaceae,,,YPM80145a,,0,,,35.932,,10.88,,21.837,25.203,21.523,24.822,12.825,13,
Williston Basin II,LM38,Ericales,Theaceae,,,YPM175159,,0,,,53.642,,12.995,,31.269,35.029,30.981,34.808,15.826,12,
Williston Basin II,LM38,Ericales,Theaceae,,,YPM78654,,0,,,55.316,,15.743,,22.477,36.632,22.369,36.217,24.312,7,
Williston Basin II,LM4,Proteales,Platanaceae,Platanus,raynoldsii,4,,0,,,61.466,,10.163,,18.848,19.062,18.106,18.45,9.429,6,
Williston Basin II,LM4,Proteales,Platanaceae,Platanus,raynoldsii,YPM80047,,0,,,,,,,78.735,36.778,77.8,35.454,24.151,10,
Williston Basin II,LM4,Proteales,Platanaceae,Platanus,raynoldsii,YPM80053b,,0,0.15,0.334,52.904,,10.862,,11.715,21.206,11.57,21.032,13.901,3,
Williston Basin II,LM4,Proteales,Platanaceae,Platanus,raynoldsii,YPM80054,,0,,,32.377,,9.411,,21.102,30.549,20.561,29.145,12.474,16,
Williston Basin II,LM4,Proteales,Platanaceae,Platanus,raynoldsii,YPM80069,,0,,,47.235,,9.469,,40.329,34.557,39.22,31.668,9.778,26,
Williston Basin II,LM4,Proteales,Platanaceae,Platanus,raynoldsii,YPM80140,,0,0.1,0.114,23.573,,12.399,,13.72,23.367,13.575,23.017,7.281,4,
Williston Basin II,LM4,Proteales,Platanaceae,Platanus,raynoldsii,YPM80128,,0,,,28.898,,9.916,,12.285,21.436,12.025,20.793,11.914,10,
Williston Basin II,LM4,Proteales,Platanaceae,Platanus,raynoldsii,YPM78645,,0,,,108.776,,14.517,,38.124,43.801,37.388,42.185,23.604,18,
Williston Basin II,LM4,Proteales,Platanaceae,Platanus,raynoldsii,YPM80176,,0,,,148.116,,15.696,,24.0242,22.846,23.158,21.801,15.569,3,
Williston Basin II,LM4,Proteales,Platanaceae,Platanus,raynoldsii,YPM80181,,0,,,235.63,,25.025,,40.778,33.156,38.511,30.622,17.958,7,2
Williston Basin II,LM4,Proteales,Platanaceae,Platanus,raynoldsii,YPM80103b,,0,0.1,,29.753,,7.819,,9.25,17.934,8.643,15.988,10.444,9,1
Williston Basin II,LM4,Proteales,Platanaceae,Platanus,raynoldsii,YPM175042,,0,,,45.752,,8.716,,16.666,27.857,16.463,27.161,16.469,5,2
Williston Basin II,LM4,Proteales,Platanaceae,Platanus,raynoldsii,YPM175049,,0,,,22.468,,5.579,,8.939,19.604,8.766,19.021,9.916,9,
Williston Basin II,LM4,Proteales,Platanaceae,Platanus,raynoldsii,62,,,0.14,0.249,101.992,,12.849,,,,,,,,
Williston Basin II,LM41,,,,,YPM78672a,,1,,,36.218,,12.005,,36.218,,36.218,,,0,
Williston Basin II,LM44,,,,,YPM78660,,0,,0.037,17.34,,7.188,,11.017,14.377,10.92,14.207,3.754,6,
Williston Basin II,LM48,,,,,YPM175052,,1,,,32.91,,11.604,,32.91,,32.91,,,0,
Williston Basin II,LM5,Saxifragales,Cercidiphyllaceae?,Populus,nebrascensis,8,,0,,,6.732,,4.349,,2.341,10.939,2.264,10.585,7.166,5,
Williston Basin II,LM5,Saxifragales,Cercidiphyllaceae?,Populus,nebrascensis,9,,0,0.1,0.006,12.798,,5.297,,9.921,15.972,9.405,14.609,4.37,9,3
Williston Basin II,LM5,Saxifragales,Cercidiphyllaceae?,Populus,nebrascensis,YPM78650,,0,0.2,0.3,35.906,,8.138,,13.679,31.219,13.256,30.399,21.106,6,
Williston Basin II,LM6,Trochodendrales,Trochdendraceae,Zizyphoides,flabella,3,,0,,,10.904,,4.595,,10.512,15.174,10.481,15.139,2.269,1,
Williston Basin II,LM6,Trochodendrales,Trochdendraceae,Zizyphoides,flabella,5,,0,,0.047,19.195,,5.222,,9.881,13.873,9.647,13.474,5.022,3,
Williston Basin II,LM6,Trochodendrales,Trochdendraceae,Zizyphoides,flabella,YPM80046,,0,0.13,0.033,9.155,,4.812,,4.576,11.377,4.466,11.177,4.795,2,
Williston Basin II,LM6,Trochodendrales,Trochdendraceae,Zizyphoides,flabella,YPM80056,,1,,,15.018,,5.202,,15.018,,15.018,,,0,
Williston Basin II,LM6,Trochodendrales,Trochdendraceae,Zizyphoides,flabella,YPM80119a,,1,,,5.488,,4.326,,5.488,,5.488,,,0,
Williston Basin II,LM6,Trochodendrales,Trochdendraceae,Zizyphoides,flabella,YPM8012b,,0,,,11.441,,5.148,,11.213,14.826,11.082,14.646,1.489,4,
Williston Basin II,LM6,Trochodendrales,Trochdendraceae,Zizyphoides,flabella,YPM80133,,1,,,19.978,,6.318,,19.978,,19.978,,,0,
Williston Basin II,LM6,Trochodendrales,Trochdendraceae,Zizyphoides,flabella,YPM8017,,0,0.13,0.162,42.236,,8.785,,9.381,18.277,8.769,16.778,11.157,8,
Williston Basin II,LM6,Trochodendrales,Trochdendraceae,Zizyphoides,flabella,YPM80165,,1,,,16.929,,4.959,,16.929,,16.929,,,0,
Williston Basin II,LM6,Trochodendrales,Trochdendraceae,Zizyphoides,flabella,YPM80166,,0,0.12,0.103,23.57,,6.338,,18.699,26.184,17.341,23.717,9.975,6,
Williston Basin II,LM6,Trochodendrales,Trochdendraceae,Zizyphoides,flabella,YPM80169,,0,,,16.19,,5.198,,4.379,13.796,4.299,13.682,6.311,1,
Williston Basin II,LM6,Trochodendrales,Trochdendraceae,Zizyphoides,flabella,YPM80182,,0,,,16.042,,5.264,,12.799,15.435,12.47,14.891,4.351,5,
Williston Basin II,LM6,Trochodendrales,Trochdendraceae,Zizyphoides,flabella,YPM1750446,,0,0.18,,7.672,,3.58,,1.16,5.226,1.11,5.118,2.612,1,
Williston Basin II,LM6,Trochodendrales,Trochdendraceae,Zizyphoides,flabella,YPM175048,,0,,,5.29,,3.475,,3.938,10.371,3.542,9.648,4.208,6,
Williston Basin II,LM6,Trochodendrales,Trochdendraceae,Zizyphoides,flabella,YPM175051,,0,0.12,0.17,12.363,,4.186,,2.113,13.445,1.938,13.264,6.973,2,
Williston Basin II,LM6,Trochodendrales,Trochdendraceae,Zizyphoides,flabella,YPM175053-3,,0,,0.107,36.633,,7.499,,18.675,23.219,17.642,22.263,10.115,6,
Williston Basin II,LM7,Saxifragales,Cercidiphyllaceae,Cercidiphllum,genetrix,7,,0,0.13,0.206,15.766,,4.979,,8.799,19.101,8.612,18.173,8.604,31,
Williston Basin II,LM7,Saxifragales,Cercidiphyllaceae,Cercidiphllum,genetrix,YPM80159,,0,0.1,0.256,9.32,,3.621,,8.442,11.799,8.217,11.403,2.63,4,
Williston Basin II,LM7,Saxifragales,Cercidiphyllaceae,Cercidiphllum,genetrix,63,,0,,,39.72,,7.894,,16.139,22.845,15.794,22.055,15.749,4,
Williston Basin II,LM7,Saxifragales,Cercidiphyllaceae,Cercidiphllum,genetrix,64,,0,,,10.673,,4.005,,4.732,9.129,4.61,8.931,4.206,3,
Williston Basin II,LM7,Saxifragales,Cercidiphyllaceae,Cercidiphllum,genetrix,YPM175051,,0,0.14,0.331,13.098,,4.362,,4.692,12.492,4.306,12.267,6.522,2,
Williston Basin II,LM7,Saxifragales,Cercidiphyllaceae,Cercidiphllum,genetrix,YPM1750447,,0,,,,,,,4.841,9.621,4.75,9.433,5.257,9,
Williston Basin II,LM7,Saxifragales,Cercidiphyllaceae,Cercidiphllum,genetrix,YPM175053,,0,0.09,0.147,35.863,,7.562,,23.95,24.797,22.694,23.658,8.954,9,1
Williston Basin II,LM94,,,,,YPM175043,,0,,,,,,,6.848,20.048,6.616,19.765,12.892,4,
Williston Basin II,LM120,,,,,YPM52359,,1,0.14,,26.306,,8.034,,26.306,,26.306,,,0,
Williston Basin III,LM103,Sapindales,Sapindaceae,Aesculus,hickeyi,YPM175080a,,0,,,65.848,,12.703,,13.955,21.9,13.761,21.187,16.045,7,
Williston Basin III,LM105,,,,,YPM175078,,1,,,8.531,,8.198,,8.531,,8.531,,,0,
Williston Basin III,LM113,BasalEudicot,Sabiaceae,,,YPM175116,,0,0.06,,20.648,,10.221,,7.581,18.711,7.471,18.162,9.85,10,
Williston Basin III,LM113,BasalEudicot,Sabiaceae,,,YPM175118,,0,,,31.056,,14.525,,12.605,24.915,12.538,24.812,12.318,3,
Williston Basin III,LM113,BasalEudicot,Sabiaceae,,,YPM175118,,0,0.1,,18.889,,9.106,,8.196,21.315,8.057,20.958,9.781,8,
Williston Basin III,LM113,BasalEudicot,Sabiaceae,,,YPM175121a,,0,0.11,0.205,37.739,,12.805,,21.756,28.441,21.619,27.945,10.721,12,
Williston Basin III,LM113,BasalEudicot,Sabiaceae,,,YPM175121b,,0,,0.286,,,,,19.902,21.493,19.658,20.663,5.104,18,2
Williston Basin III,LM114,,,,,36,,1,,,5.285,,4.1,,5.285,,5.285,,,0,
Williston Basin III,LM114,,,,,YPM175113,,1,0.11,0.131,25.453,,8.451,,25.453,,25.453,,,0,
Williston Basin III,LM124,Proteales,Platanaceae,Platanus,nobilis,YPM175162,,0,,,58.346,,12.362,,20.011,21.212,19.382,20.425,11.371,11,1
Williston Basin III,LM13,,,Planera,crenata,34,,0,0.09,,12.077,,6.503,,7.477,16.091,7.351,15.963,7.814,3,
Williston Basin III,LM17,Oxidales,Oxalidaceae?,Averhoites,affinus,YPM78668,,1,,,16.02,,8.855,,16.02,,16.02,,,0,
Williston Basin III,LM21,Saxifragales,Cercidiphyllaceae,Cercidiphyllum,genesevianum,YPM78673a,,0,0.16,,30.27,,7.007,,24.96,29.738,24.571,28.517,12.275,25,
Williston Basin III,LM21,Saxifragales,Cercidiphyllaceae,Cercidiphyllum,genesevianum,YPM78673b,,0,0.15,0.018,30.476,,7.176,,6.86,26.644,6.673,25.826,15.852,15,
Williston Basin III,LM21,Saxifragales,Cercidiphyllaceae,Cercidiphyllum,genesevianum,11,,0,,,31.958,,7.001,,7.78,18.618,7.445,17.836,9.97,13,2
Williston Basin III,LM21,Saxifragales,Cercidiphyllaceae,Cercidiphyllum,genesevianum,YPM175114a,,0,,,11.636,,4.417,,9.17,16.087,8.979,14.973,5.211,27,
Williston Basin III,LM22,Rosales,Canabaceae,Celtis,aspera,20,,0,,,5.578,,4.011,,2.421,13.577,2.222,11.781,7.973,14,1
Williston Basin III,LM22,Rosales,Canabaceae,Celtis,aspera,24,,0,,,12.976,,5.741,,7.042,21.189,6.761,18.617,10.89,24,
Williston Basin III,LM22,Rosales,Canabaceae,Celtis,aspera,YPM175176,,0,0.09,,8.553,,5.333,,5.411,23.067,5.18,17.823,10.991,37,3
Williston Basin III,LM22,Rosales,Canabaceae,Celtis,aspera,YPM175178,,0,,,6.315,,4.702,,3.966,22.654,3.731,18.939,11.783,35,2
Williston Basin III,LM22,Rosales,Canabaceae,Celtis,aspera,YPM175180a,,0,0.05,,20.017,,7.862,,8.636,23.359,8.253,20.86,13.417,20,1
Williston Basin III,LM22,Rosales,Canabaceae,Celtis,aspera,YPM175181a,,0,,,21.029,,6.296,,11.9,28.815,11.378,26.336,15.118,23,2
Williston Basin III,LM24,Cornales,Cornaceae,Beringiaphyllum,cupanioides,YPM175073,,0,,,8.81,,4.399,,4.291,14.309,4.139,13.342,6.595,16,2
Williston Basin III,LM24,Cornales,Cornaceae,Beringiaphyllum,cupanioides,YPM175076,,,0.1,0.094,38.256,,8.916,,,,,,,,
Williston Basin III,LM24,Cornales,Cornaceae,Beringiaphyllum,cupanioides,YPM78675a,,0,,,93.569,,15.113,,29.028,30.673,26.204,27.482,12.691,8,
Williston Basin III,LM24,Cornales,Cornaceae,Beringiaphyllum,cupanioides,35,,0,0.1,,18.448,,4.864,,7.814,12.051,7.512,11.387,6.883,7,
Williston Basin III,LM25,Cornales,Cornaceae,Davidia,antiqua,17,,0,,,18.859,,5.375,,12.814,23.171,12.422,21.787,8.486,18,
Williston Basin III,LM25,Cornales,Cornaceae,Davidia,antiqua,F1,,0,,0.017,28.832,,6.879,,18.125,42.5,17.387,38.945,24.162,32,
Williston Basin III,LM25,Cornales,Cornaceae,Davidia,antiqua,YPM175069,,0,0.17,0.08,51.847,,9.766,,3.493,16.624,3.249,16.001,9.42,5,
Williston Basin III,LM25,Cornales,Cornaceae,Davidia,antiqua,YPM175071a,,0,,,14.132,,4.406,,5.037,9.821,4.731,8.752,5.311,7,
Williston Basin III,LM25,Cornales,Cornaceae,Davidia,antiqua,YPM175075,,0,,,38.439,,8.711,,20.082,24.743,19.336,21.842,8.719,22,2
Williston Basin III,LM25,Cornales,Cornaceae,Davidia,antiqua,YPM78678,,0,,,47.48,,9.136,,16.083,30.533,15.455,29.175,19.741,19,
Williston Basin III,LM31,Saxifragales,Cercidiphyllaceae?,Populus,acerifolia,37,,0,0.08,0.259,20.114,,5.908,,6.118,15.679,5.672,14.57,9.187,5,1
Williston Basin III,LM31,Saxifragales,Cercidiphyllaceae?,Populus,acerifolia,YPM175065,,0,0.08,,23.574,,5.77,,9.346,21.818,9.068,20.862,13.882,10,1
Williston Basin III,LM31,Saxifragales,Cercidiphyllaceae?,Populus,acerifolia,YPM175066a,,0,,,22.373,,5.708,,6.899,22.528,6.751,21.956,15.396,6,
Williston Basin III,LM33,,,,,19,,0,,,28.244,,6.656,,23.21,28.516,22.418,27.456,9.657,9,1
Williston Basin III,LM4,Proteales,Platanaceae,Platanus,raynoldsii,14,,0,0.11,,38.671,,7.822,,23.858,35.477,23.24,34.448,15.459,13,3
Williston Basin III,LM4,Proteales,Platanaceae,Platanus,raynoldsii,"175060a,b",,0,,,30.18,,7.149,,10.289,22.493,10.266,22.416,13.027,1,
Williston Basin III,LM4,Proteales,Platanaceae,Platanus,raynoldsii,YPM175054a,,0,0.12,,22.341,,5.542,,1.958,9.16,1.889,9.023,6.81,2,
Williston Basin III,LM4,Proteales,Platanaceae,Platanus,raynoldsii,YPM175055,,0,0.12,0.736,39.766,,8.638,,18.784,21.487,18.081,20.175,8.944,7,3
Williston Basin III,LM4,Proteales,Platanaceae,Platanus,raynoldsii,"YPM175060a,b",,0,0.11,,29.809,,7.048,,10.694,28.942,10.485,28.496,17.927,5,
Williston Basin III,LM4,Proteales,Platanaceae,Platanus,raynoldsii,31,,0,0.07,0.063,21.975,,6.945,,8.123,25.966,8.014,25.606,18.569,5,
Williston Basin III,LM4,Proteales,Platanaceae,Platanus,raynoldsii,32,,0,,,164.614,,19.547,,25.724,28.237,25.099,27.731,15.839,6,
Williston Basin III,LM4,Proteales,Platanaceae,Platanus,raynoldsii,33,,0,0.18,0.592,50.758,,8.661,,15.378,24.868,15.132,24.599,19.103,4,
Williston Basin III,LM4,Proteales,Platanaceae,Platanus,raynoldsii,30,,0,0.16,0.031,36.478,,9.297,,11.615,30.695,11.309,30.057,21.784,12,
Williston Basin III,LM48,,,,,YPM48689,,1,0.06,,21.005,,7.707,,21.005,,21.005,,,0,
Williston Basin III,LM48,,,,,YPM175062,,1,,,13.41,,6.994,,13.41,,13.41,,,0,
Williston Basin III,LM6,Trochodendrales,Trochdendraceae,Zizyphoides,flabella,16,,0,,,4.474,,3.162,,4.303,9.003,4.046,8.347,0.994,12,
Williston Basin III,LM6,Trochodendrales,Trochdendraceae,Zizyphoides,flabella,YPM175067,,0,0.07,0.017,4.189,,3.812,,1.562,8.372,1.437,8.237,4.262,5,
Williston Basin III,LM6,Trochodendrales,Trochdendraceae,Zizyphoides,flabella,12,,1,0.06,0.02,3.709,,2.781,,3.709,,3.709,,,0,
Williston Basin III,LM6,Trochodendrales,Trochdendraceae,Zizyphoides,flabella,28,,0,0.07,,8.901,,4.04,,8.901,12.332,8.64,11.633,,11,
Williston Basin III,LM6,Trochodendrales,Trochdendraceae,Zizyphoides,flabella,YPM175171,,0,0.07,0.133,7.465,,3.403,,7.465,10.884,7.213,10.442,,12,
Williston Basin III,LM6,Trochodendrales,Trochdendraceae,Zizyphoides,flabella,23,,0,,,7.784,,3.589,,6.976,13.22,6.929,13.083,3.02,3,
Williston Basin III,LM6,Trochodendrales,Trochdendraceae,Zizyphoides,flabella,YPM175173,,0,0.06,0.103,13.193,,4.439,,8.022,18.868,7.724,18.625,9.243,4,
Williston Basin III,LM6,Trochodendrales,Trochdendraceae,Zizyphoides,flabella,YPM175175a,,0,,,8.934,,4,,8.006,12.121,7.914,12.063,2.308,2,
Williston Basin III,LM6,Trochodendrales,Trochdendraceae,Zizyphoides,flabella,YPM175177,,0,,,11.95,,4.279,,9.962,14.416,9.723,13.988,3.439,6,
Williston Basin III,LM6,Trochodendrales,Trochdendraceae,Zizyphoides,flabella,YPM175179,,1,0.12,,27.065,,6.718,,27.065,,27.065,,,0,
Williston Basin III,LM7,Saxifragales,Cercidiphyllaceae,Cercidiphllum,genetrix,18,,0,,,11.914,,4.529,,9.392,20.942,8.972,19.649,7.295,21,2
Williston Basin III,LM7,Saxifragales,Cercidiphyllaceae,Cercidiphllum,genetrix,F2,,0,0.1,0.015,9.883,,3.964,,4.015,18.39,3.813,17.794,8.909,13,
Williston Basin III,LM7,Saxifragales,Cercidiphyllaceae,Cercidiphllum,genetrix,YPM175068b,,0,0.11,0.008,5.57,,3.041,,2.869,7.965,2.745,7.466,2.735,11,
Williston Basin III,LM7,Saxifragales,Cercidiphyllaceae,Cercidiphllum,genetrix,13,,0,0.14,0.379,24.495,,6.031,,4.891,19.217,4.814,19.051,10.116,3,
Williston Basin III,LM7,Saxifragales,Cercidiphyllaceae,Cercidiphllum,genetrix,15,,0,0.11,0.072,10.636,,4.126,,3.978,12.336,3.895,12.012,7.566,7,
Williston Basin III,LM7,Saxifragales,Cercidiphyllaceae,Cercidiphllum,genetrix,YPM175056a,,0,0.08,0.083,10.694,,4.135,,6.52,13.419,6.03,12.537,3.922,8,
Williston Basin III,LM7,Saxifragales,Cercidiphyllaceae,Cercidiphllum,genetrix,YPM175064,,0,0.24,,25.522,,6.264,,4.745,13.862,4.544,13.465,8.263,6,
Williston Basin III,LM7,Saxifragales,Cercidiphyllaceae,Cercidiphllum,genetrix,21,,0,,,16.044,,5.133,,11.39,14.275,11.165,14.016,3.963,4,
Williston Basin III,LM7,Saxifragales,Cercidiphyllaceae,Cercidiphllum,genetrix,22,,0,,,19.236,,5.514,,10.693,19.846,10.288,19.226,7.338,8,
Williston Basin III,LM7,Saxifragales,Cercidiphyllaceae,Cercidiphllum,genetrix,25,,0,,,19.624,,5.436,,11.816,21.455,11.364,20.315,9.395,9,
Williston Basin III,LM7,Saxifragales,Cercidiphyllaceae,Cercidiphllum,genetrix,26,,0,,,28.266,,6.716,,20.309,36.628,19.401,35.424,19.704,13,
Williston Basin III,LM7,Saxifragales,Cercidiphyllaceae,Cercidiphllum,genetrix,27,,0,0.16,0.181,40.832,,8.327,,29.05,46.881,28.279,45.716,27.305,16,
Williston Basin III,LM7,Saxifragales,Cercidiphyllaceae,Cercidiphllum,genetrix,29,,0,0.11,0.057,19.318,,5.882,,17.533,20.812,16.884,20.341,4.766,5,
Williston Basin III,LM97,,,,,YPM175057a,,0,0.06,0.015,8.309,,3.899,,3.226,7.546,3.197,7.43,4.777,8,
Williston Basin III,LM97,,,,,YPM175058,,0,0.1,0.127,9.611,,4.281,,1.394,5.939,1.358,5.598,2.341,5,
Palacio de los Loros,SA001,Brassicales,Akaniaceae,,,MPEF-Pb-2020,taxonomy updated from that presented in Peppe et al. (2011) by Iglesias et al. (2021; https://doi.org/10.26879/1124),0,0.08291874,,13.003,,8.26,,9.74,22.292,9.589,19.745,5.095,21,
Palacio de los Loros,SA001,Brassicales,Akaniaceae,,,MPEF-Pb-4000,taxonomy updated from that presented in Peppe et al. (2011) by Iglesias et al. (2021; https://doi.org/10.26879/1124),0,0.075362903,,9.825,,7.462,,7.681,23.28,7.577,20.657,10.099,12,
Palacio de los Loros,SA001,Brassicales,Akaniaceae,,,MPEF-Pb-4001,taxonomy updated from that presented in Peppe et al. (2011) by Iglesias et al. (2021; https://doi.org/10.26879/1124),0,,,35.337,,10.258,,16.262,24.745,16.015,23.454,14.164,15,1
Palacio de los Loros,SA001,Brassicales,Akaniaceae,,,MPEF-Pb-4002,taxonomy updated from that presented in Peppe et al. (2011) by Iglesias et al. (2021; https://doi.org/10.26879/1124),0,0.096141479,,11.511,,7.017,,5.071,13.491,5.033,13.341,6.607,7,
Palacio de los Loros,SA001,Brassicales,Akaniaceae,,,MPEF-Pb-4003,taxonomy updated from that presented in Peppe et al. (2011) by Iglesias et al. (2021; https://doi.org/10.26879/1124),0,,,18.373,,9.426,,17.818,23.639,17.409,19.747,1.045,24,4
Palacio de los Loros,SA001,Brassicales,Akaniaceae,,,MPEF-Pb-4004,taxonomy updated from that presented in Peppe et al. (2011) by Iglesias et al. (2021; https://doi.org/10.26879/1124),0,,,10.309,,6.942,,8.762,16.004,8.492,14.976,2.819,13,1
Palacio de los Loros,SA001,Brassicales,Akaniaceae,,,MPEF-Pb-4005,taxonomy updated from that presented in Peppe et al. (2011) by Iglesias et al. (2021; https://doi.org/10.26879/1124),0,,,18.055,,8.04,,7.416,14.398,7.32,13.842,7.343,8,
Palacio de los Loros,SA002,,,,,MPEF-Pb-2021,taxonomy updated from that presented in Peppe et al. (2011) by Iglesias et al. (2021; https://doi.org/10.26879/1124),0,0.073117185,,41.862,,12.16,,24.52,30.359,24.248,29.221,11.151,15,
Palacio de los Loros,SA002,,,,,MPEF-Pb-4006,taxonomy updated from that presented in Peppe et al. (2011) by Iglesias et al. (2021; https://doi.org/10.26879/1124),0,,,57.944,,12.33,,21.674,20.745,21.234,18.934,13.904,6,
Palacio de los Loros,SA002,,,,,MPEF-Pb-4007,taxonomy updated from that presented in Peppe et al. (2011) by Iglesias et al. (2021; https://doi.org/10.26879/1124),0,,,24.362,,8.834,,2.255,6.238,2.22,6.101,4.785,3,
Palacio de los Loros,SA002,,,,,MPEF-Pb-4008,taxonomy updated from that presented in Peppe et al. (2011) by Iglesias et al. (2021; https://doi.org/10.26879/1124),0,,,47.685,,12.905,,19.181,27.221,18.833,25.88,17.004,11,
Palacio de los Loros,SA002,,,,,MPEF-Pb-4009,taxonomy updated from that presented in Peppe et al. (2011) by Iglesias et al. (2021; https://doi.org/10.26879/1124),0,,,60.124,,13.205,,26.586,26.231,26.209,25.42,12.314,9,1
Palacio de los Loros,SA002,,,,,MPEF-Pb-4010,taxonomy updated from that presented in Peppe et al. (2011) by Iglesias et al. (2021; https://doi.org/10.26879/1124),0,,,64.506,,12.994,,21.732,24.204,21.584,23.419,12.493,9,
Palacio de los Loros,SA002,,,,,MPEF-Pb-4011,taxonomy updated from that presented in Peppe et al. (2011) by Iglesias et al. (2021; https://doi.org/10.26879/1124),0,,,42.324,,13.583,,26.676,32.339,26.326,30.865,16.784,28,2
Palacio de los Loros,SA004,Fagales,Nothofagaceae,"""Dryophyllum""",australis,MPEF-Pb-2022,taxonomy updated from that presented in Peppe et al. (2011) by Iglesias et al. (2021; https://doi.org/10.26879/1124),0,0.066274067,,21.757,,8.34,,12.793,30.365,12.613,29.371,19.338,41,2
Palacio de los Loros,SA004,Fagales,Nothofagaceae,"""Dryophyllum""",australis,MPEF-Pb-2053,taxonomy updated from that presented in Peppe et al. (2011) by Iglesias et al. (2021; https://doi.org/10.26879/1124),0,,,46.76,,12.665,,12.715,16.91,12.485,15.971,9.901,21,1
Palacio de los Loros,SA004,Fagales,Nothofagaceae,"""Dryophyllum""",australis,MPEF-Pb-4012,taxonomy updated from that presented in Peppe et al. (2011) by Iglesias et al. (2021; https://doi.org/10.26879/1124),0,0.088432709,,29.114,,8.962,,1.907,8.628,1.864,8.183,6.773,6,
Palacio de los Loros,SA004,Fagales,Nothofagaceae,"""Dryophyllum""",australis,MPEF-Pb-4013,taxonomy updated from that presented in Peppe et al. (2011) by Iglesias et al. (2021; https://doi.org/10.26879/1124),0,,,14.134,,5.129,,0.71,4.387,0.694,4.121,3.471,2,
Palacio de los Loros,SA004,Fagales,Nothofagaceae,"""Dryophyllum""",australis,MPEF-Pb-4014,taxonomy updated from that presented in Peppe et al. (2011) by Iglesias et al. (2021; https://doi.org/10.26879/1124),0,0.058651026,,34.488,,9.416,,13.002,21.849,12.741,19.637,14.154,21,
Palacio de los Loros,SA004,Fagales,Nothofagaceae,"""Dryophyllum""",australis,MPEF-Pb-4015,taxonomy updated from that presented in Peppe et al. (2011) by Iglesias et al. (2021; https://doi.org/10.26879/1124),,0.086859956,,25.556,,8.391,,,,,,,,
Palacio de los Loros,SA004,Fagales,Nothofagaceae,"""Dryophyllum""",australis,MPEF-Pb-4016,taxonomy updated from that presented in Peppe et al. (2011) by Iglesias et al. (2021; https://doi.org/10.26879/1124),0,,,25.935,,8.258,,4.783,13.964,4.677,12.848,10.339,10,
Palacio de los Loros,SA004,Fagales,Nothofagaceae,"""Dryophyllum""",australis,MPEF-Pb-4017,taxonomy updated from that presented in Peppe et al. (2011) by Iglesias et al. (2021; https://doi.org/10.26879/1124),0,0.081987219,,28.419,,7.78,,10.732,20.661,10.529,19.74,11.684,11,1
Palacio de los Loros,SA004,Fagales,Nothofagaceae,"""Dryophyllum""",australis,MPEF-Pb-4018,taxonomy updated from that presented in Peppe et al. (2011) by Iglesias et al. (2021; https://doi.org/10.26879/1124),0,,,54.967,,11.175,,14.995,23.958,14.78,22.829,16.976,15,
Palacio de los Loros,SA005,Oxalidales,Cunoniaceae,,,MPEF-Pb-2023,taxonomy updated from that presented in Peppe et al. (2011) by Iglesias et al. (2021; https://doi.org/10.26879/1124),0,0.060242648,,9.292,,7.903,,6.007,20.455,5.909,19.407,7.449,27,
Palacio de los Loros,SA005,Oxalidales,Cunoniaceae,,,MPEF-Pb-4019,taxonomy updated from that presented in Peppe et al. (2011) by Iglesias et al. (2021; https://doi.org/10.26879/1124),0,0.097237224,,12.765,,7.019,,2.744,11.437,2.689,10.591,6.225,6,
Palacio de los Loros,SA005,Oxalidales,Cunoniaceae,,,MPEF-Pb-4020,taxonomy updated from that presented in Peppe et al. (2011) by Iglesias et al. (2021; https://doi.org/10.26879/1124),0,,,6.818,,4.296,,0.613,5.51,0.576,4.656,2.994,11,
Palacio de los Loros,SA005,Oxalidales,Cunoniaceae,,,MPEF-Pb-4021,taxonomy updated from that presented in Peppe et al. (2011) by Iglesias et al. (2021; https://doi.org/10.26879/1124),0,,,4.248,,4.887,,2.072,10.154,2.034,9.382,4.518,8,
Palacio de los Loros,SA005,Oxalidales,Cunoniaceae,,,MPEF-Pb-4022,taxonomy updated from that presented in Peppe et al. (2011) by Iglesias et al. (2021; https://doi.org/10.26879/1124),0,,,7.871,,6.417,,1.422,6.775,1.33,6.319,3.396,5,
Palacio de los Loros,SA005,Oxalidales,Cunoniaceae,,,MPEF-Pb-4023,taxonomy updated from that presented in Peppe et al. (2011) by Iglesias et al. (2021; https://doi.org/10.26879/1124),0,0.076683715,,9.742,,9.444,,4.649,22.969,4.499,22.257,10.792,14,
Palacio de los Loros,SA005,Oxalidales,Cunoniaceae,,,MPEF-Pb-4024,taxonomy updated from that presented in Peppe et al. (2011) by Iglesias et al. (2021; https://doi.org/10.26879/1124),0,,,7.245,,6.878,,3.885,13.627,3.85,13.557,6.526,5,
Palacio de los Loros,SA005,Oxalidales,Cunoniaceae,,,MPEF-Pb-4025,taxonomy updated from that presented in Peppe et al. (2011) by Iglesias et al. (2021; https://doi.org/10.26879/1124),0,0.099585591,,13.263,,7.004,,5.417,13.567,5.32,13.008,7.004,7,
Palacio de los Loros,SA005,Oxalidales,Cunoniaceae,,,MPEF-Pb-4026,taxonomy updated from that presented in Peppe et al. (2011) by Iglesias et al. (2021; https://doi.org/10.26879/1124),0,,,20.216,,8.522,,4.222,8.845,4.145,8.663,5.715,8,1
Palacio de los Loros,SA008,Rosales,Rosaceae,,,MPEF-Pb-2024,taxonomy updated from that presented in Peppe et al. (2011) by Iglesias et al. (2021; https://doi.org/10.26879/1124),0,0.093975329,,29.11,,8.963,,12.08,31.086,11.203,27.739,13.758,24,
Palacio de los Loros,SA008,Rosales,Rosaceae,,,MPEF-Pb-4027,taxonomy updated from that presented in Peppe et al. (2011) by Iglesias et al. (2021; https://doi.org/10.26879/1124),0,,,45.887,,11.859,,27.835,49.056,25.739,39.707,18.453,39,1
Palacio de los Loros,SA008,Rosales,Rosaceae,,,MPEF-Pb-4028,taxonomy updated from that presented in Peppe et al. (2011) by Iglesias et al. (2021; https://doi.org/10.26879/1124),0,0.110958642,,24.934,,9.578,,17.258,23.801,16.365,19.388,5.839,24,
Palacio de los Loros,SA008,Rosales,Rosaceae,,,MPEF-Pb-4029,taxonomy updated from that presented in Peppe et al. (2011) by Iglesias et al. (2021; https://doi.org/10.26879/1124),0,0.161247246,,43.172,,11.715,,41.695,40.354,37.198,28.525,1.831,24,
Palacio de los Loros,SA008,Rosales,Rosaceae,,,MPEF-Pb-4030,taxonomy updated from that presented in Peppe et al. (2011) by Iglesias et al. (2021; https://doi.org/10.26879/1124),0,,,4.373,,3.744,,4.243,14.209,3.69,9.555,0.78,23,
Palacio de los Loros,SA008,Rosales,Rosaceae,,,MPEF-Pb-4031,taxonomy updated from that presented in Peppe et al. (2011) by Iglesias et al. (2021; https://doi.org/10.26879/1124),0,0.150070098,,19.52,,6.803,,3.379,10.375,3.209,8.28,4.479,11,
Palacio de los Loros,SA008,Rosales,Rosaceae,,,MPEF-Pb-4032,taxonomy updated from that presented in Peppe et al. (2011) by Iglesias et al. (2021; https://doi.org/10.26879/1124),0,0.107723976,,2.443,,2.666,,0.534,5.083,0.382,3.852,2.008,9,1
Palacio de los Loros,SA008,Rosales,Rosaceae,,,MPEF-Pb-4033,taxonomy updated from that presented in Peppe et al. (2011) by Iglesias et al. (2021; https://doi.org/10.26879/1124),0,0.063322272,,1.809,,2.434,,0.903,6.472,0.725,4.845,2.358,12,1
Palacio de los Loros,SA009,,,"""Cissites""",patagonicum,MPEF-Pb-2025,taxonomy updated from that presented in Peppe et al. (2011) by Iglesias et al. (2021; https://doi.org/10.26879/1124),0,0.321970639,,73.728,,11.683,,38.389,58.822,37.742,56.457,24.054,88,3
Palacio de los Loros,SA009,,,"""Cissites""",patagonicum,MPEF-Pb-2054,taxonomy updated from that presented in Peppe et al. (2011) by Iglesias et al. (2021; https://doi.org/10.26879/1124),0,,,21.724,,8.346,,4.753,14.486,4.685,14.123,8.581,11,
Palacio de los Loros,SA009,,,"""Cissites""",patagonicum,MPEF-Pb-4034,taxonomy updated from that presented in Peppe et al. (2011) by Iglesias et al. (2021; https://doi.org/10.26879/1124),0,,,9.821,,3.935,,4.292,12.826,4.206,11.861,8.989,15,
Palacio de los Loros,SA009,,,"""Cissites""",patagonicum,MPEF-Pb-4035,taxonomy updated from that presented in Peppe et al. (2011) by Iglesias et al. (2021; https://doi.org/10.26879/1124),0,0.084516366,,6.463,,4.268,,3.472,11.715,3.343,10.985,7.214,9,
Palacio de los Loros,SA009,,,"""Cissites""",patagonicum,MPEF-Pb-4036,taxonomy updated from that presented in Peppe et al. (2011) by Iglesias et al. (2021; https://doi.org/10.26879/1124),0,0.147502648,,22.099,,7.846,,8.252,13.634,8.157,13.062,6.33,20,5
Palacio de los Loros,SA009,,,"""Cissites""",patagonicum,MPEF-Pb-4037,taxonomy updated from that presented in Peppe et al. (2011) by Iglesias et al. (2021; https://doi.org/10.26879/1124),,,,39.763,,9.75,,,,,,,,
Palacio de los Loros,SA009,,,"""Cissites""",patagonicum,MPEF-Pb-4038,taxonomy updated from that presented in Peppe et al. (2011) by Iglesias et al. (2021; https://doi.org/10.26879/1124),0,0.11103512,,5.627,,3.985,,1.536,11.908,1.456,10.703,4.383,33,3
Palacio de los Loros,SA009,,,"""Cissites""",patagonicum,MPEF-Pb-4039,taxonomy updated from that presented in Peppe et al. (2011) by Iglesias et al. (2021; https://doi.org/10.26879/1124),0,0.156427038,,13.947,,6.405,,6.235,21.993,6.137,21.038,11.9,40,3
Palacio de los Loros,SA009,,,"""Cissites""",patagonicum,MPEF-Pb-4040,taxonomy updated from that presented in Peppe et al. (2011) by Iglesias et al. (2021; https://doi.org/10.26879/1124),0,,0.135,21.7,,6.707,,7.412,28.446,7.176,25.581,13.082,64,7
Palacio de los Loros,SA009,,,"""Cissites""",patagonicum,MPEF-Pb-4041,taxonomy updated from that presented in Peppe et al. (2011) by Iglesias et al. (2021; https://doi.org/10.26879/1124),0,0.098087265,,31.659,,8.099,,28.799,37.904,28.143,35.059,17.17,58,7
Palacio de los Loros,SA009,,,"""Cissites""",patagonicum,MPEF-Pb-4042,taxonomy updated from that presented in Peppe et al. (2011) by Iglesias et al. (2021; https://doi.org/10.26879/1124),0,0.167994913,,30.238,,8.612,,17.182,27.785,16.814,26.29,12.498,38,
Palacio de los Loros,SA010,Laurales,Lauraceae,Laurophyllum,piatnitzkyi,MPEF-Pb-4043,taxonomy updated from that presented in Peppe et al. (2011) by Iglesias et al. (2021; https://doi.org/10.26879/1124),1,0.040693959,0.037,6.94,,5.006,,,,,,,,
Palacio de los Loros,SA010,Laurales,Lauraceae,Laurophyllum,piatnitzkyi,MPEF-Pb-4044,taxonomy updated from that presented in Peppe et al. (2011) by Iglesias et al. (2021; https://doi.org/10.26879/1124),1,,,24.996,,8.01,,,,,,,,
Palacio de los Loros,SA010,Laurales,Lauraceae,Laurophyllum,piatnitzkyi,MPEF-Pb-4045,taxonomy updated from that presented in Peppe et al. (2011) by Iglesias et al. (2021; https://doi.org/10.26879/1124),1,,,39.552,,10.553,,,,,,,,
Palacio de los Loros,SA010,Laurales,Lauraceae,Laurophyllum,piatnitzkyi,MPEF-Pb-4046,taxonomy updated from that presented in Peppe et al. (2011) by Iglesias et al. (2021; https://doi.org/10.26879/1124),1,,,6.383,,4.761,,,,,,,,
Palacio de los Loros,SA010,Laurales,Lauraceae,Laurophyllum,piatnitzkyi,MPEF-Pb-4047,taxonomy updated from that presented in Peppe et al. (2011) by Iglesias et al. (2021; https://doi.org/10.26879/1124),1,,,37.232,,10.592,,,,,,,,
Palacio de los Loros,SA010,Laurales,Lauraceae,Laurophyllum,piatnitzkyi,MPEF-Pb-4048,taxonomy updated from that presented in Peppe et al. (2011) by Iglesias et al. (2021; https://doi.org/10.26879/1124),1,0.091150711,,16.22,,7.397,,,,,,,,
Palacio de los Loros,SA010,Laurales,Lauraceae,Laurophyllum,piatnitzkyi,MPEF-Pb-4049,taxonomy updated from that presented in Peppe et al. (2011) by Iglesias et al. (2021; https://doi.org/10.26879/1124),1,,,32.098,,8.554,,,,,,,,
Palacio de los Loros,SA010,Laurales,Lauraceae,Laurophyllum,piatnitzkyi,MPEF-Pb-4050,taxonomy updated from that presented in Peppe et al. (2011) by Iglesias et al. (2021; https://doi.org/10.26879/1124),1,0.074636683,,11.219,,5.974,,,,,,,,
Palacio de los Loros,SA010,Laurales,Lauraceae,Laurophyllum,piatnitzkyi,MPEF-Pb-4051,taxonomy updated from that presented in Peppe et al. (2011) by Iglesias et al. (2021; https://doi.org/10.26879/1124),1,,,27.407,,9.938,,,,,,,,
Palacio de los Loros,SA010,Laurales,Lauraceae,Laurophyllum,piatnitzkyi,MPEF-Pb-4052,taxonomy updated from that presented in Peppe et al. (2011) by Iglesias et al. (2021; https://doi.org/10.26879/1124),1,,,54.212,,11.322,,,,,,,,
Palacio de los Loros,SA014,,,"""Sterculia""",acuminataloba,MPEF-Pb-2027,taxonomy updated from that presented in Peppe et al. (2011) by Iglesias et al. (2021; https://doi.org/10.26879/1124),1,,,20.012,,8.816,,,,,,,,
Palacio de los Loros,SA014,,,"""Sterculia""",acuminataloba,MPEF-Pb-4053,taxonomy updated from that presented in Peppe et al. (2011) by Iglesias et al. (2021; https://doi.org/10.26879/1124),1,,,15.8,,5.782,,,,,,,,
Palacio de los Loros,SA014,,,"""Sterculia""",acuminataloba,MPEF-Pb-4054,taxonomy updated from that presented in Peppe et al. (2011) by Iglesias et al. (2021; https://doi.org/10.26879/1124),1,,,9.776,,5.179,,,,,,,,
Palacio de los Loros,SA014,,,"""Sterculia""",acuminataloba,MPEF-Pb-4055,taxonomy updated from that presented in Peppe et al. (2011) by Iglesias et al. (2021; https://doi.org/10.26879/1124),1,,,34.443,,10.397,,,,,,,,
Palacio de los Loros,SA014,,,"""Sterculia""",acuminataloba,MPEF-Pb-4056,taxonomy updated from that presented in Peppe et al. (2011) by Iglesias et al. (2021; https://doi.org/10.26879/1124),1,0.070932907,,3.863,,3.087,,,,,,,,
Palacio de los Loros,SA014,,,"""Sterculia""",acuminataloba,MPEF-Pb-4057,taxonomy updated from that presented in Peppe et al. (2011) by Iglesias et al. (2021; https://doi.org/10.26879/1124),1,0.12389546,0.272,35.105,,10.551,,,,,,,,
Palacio de los Loros,SA014,,,"""Sterculia""",acuminataloba,MPEF-Pb-4058,taxonomy updated from that presented in Peppe et al. (2011) by Iglesias et al. (2021; https://doi.org/10.26879/1124),1,0.110635261,,72.189,,14.356,,,,,,,,
Palacio de los Loros,SA014,,,"""Sterculia""",acuminataloba,MPEF-Pb-4059,taxonomy updated from that presented in Peppe et al. (2011) by Iglesias et al. (2021; https://doi.org/10.26879/1124),1,0.150668867,,42.606,,12.416,,,,,,,,
Palacio de los Loros,SA016,,,,,MPEF-Pb-2028,taxonomy updated from that presented in Peppe et al. (2011) by Iglesias et al. (2021; https://doi.org/10.26879/1124),1,,,16.996,,12.046,,,,,,,,
Palacio de los Loros,SA016,,,,,MPEF-Pb-4060,taxonomy updated from that presented in Peppe et al. (2011) by Iglesias et al. (2021; https://doi.org/10.26879/1124),1,0.08767071,,9.181,,10.36,,,,,,,,
Palacio de los Loros,SA016,,,,,MPEF-Pb-4061,taxonomy updated from that presented in Peppe et al. (2011) by Iglesias et al. (2021; https://doi.org/10.26879/1124),1,,,17.83,,10.254,,,,,,,,
Palacio de los Loros,SA016,,,,,MPEF-Pb-4062,taxonomy updated from that presented in Peppe et al. (2011) by Iglesias et al. (2021; https://doi.org/10.26879/1124),1,0.090237706,,1.308,,2.654,,,,,,,,
Palacio de los Loros,SA016,,,,,MPEF-Pb-4063,taxonomy updated from that presented in Peppe et al. (2011) by Iglesias et al. (2021; https://doi.org/10.26879/1124),1,,,3.217,,4.794,,,,,,,,
Palacio de los Loros,SA016,,,,,MPEF-Pb-4064,taxonomy updated from that presented in Peppe et al. (2011) by Iglesias et al. (2021; https://doi.org/10.26879/1124),1,,,13.112,,10.352,,,,,,,,
Palacio de los Loros,SA016,,,,,MPEF-Pb-4065,taxonomy updated from that presented in Peppe et al. (2011) by Iglesias et al. (2021; https://doi.org/10.26879/1124),1,0.054936155,0.011,0.804,,3.053,,,,,,,,
Palacio de los Loros,SA019,,,"""Sterculia""",acuminataloba,MPEF-Pb-2029,taxonomy updated from that presented in Peppe et al. (2011) by Iglesias et al. (2021; https://doi.org/10.26879/1124),0,,,77.338,,13.866,,28.668,64.821,27.422,61.725,29.854,4,
Palacio de los Loros,SA019,,,"""Sterculia""",acuminataloba,MPEF-Pb-4066,taxonomy updated from that presented in Peppe et al. (2011) by Iglesias et al. (2021; https://doi.org/10.26879/1124),0,0.056048452,,9.822,,4.938,,9.822,21.245,9.748,20.678,0,2,
Palacio de los Loros,SA019,,,"""Sterculia""",acuminataloba,MPEF-Pb-4067,taxonomy updated from that presented in Peppe et al. (2011) by Iglesias et al. (2021; https://doi.org/10.26879/1124),0,0.092685669,0.123,23.859,,8.479,,23.859,39.292,23.497,37.969,0,2,
Palacio de los Loros,SA019,,,"""Sterculia""",acuminataloba,MPEF-Pb-4068,taxonomy updated from that presented in Peppe et al. (2011) by Iglesias et al. (2021; https://doi.org/10.26879/1124),0,,,10.353,,4.864,,10.353,20.576,10.265,19.926,0,1,
Palacio de los Loros,SA019,,,"""Sterculia""",acuminataloba,MPEF-Pb-4069,taxonomy updated from that presented in Peppe et al. (2011) by Iglesias et al. (2021; https://doi.org/10.26879/1124),0,0.134088914,,79.395,,13.935,,53.262,49.636,52.957,49.004,16.981,2,
Palacio de los Loros,SA019,,,"""Sterculia""",acuminataloba,MPEF-Pb-4070,taxonomy updated from that presented in Peppe et al. (2011) by Iglesias et al. (2021; https://doi.org/10.26879/1124),1,,,13.632,,7.096,,13.632,,13.632,,,0,
Palacio de los Loros,SA019,,,"""Sterculia""",acuminataloba,MPEF-Pb-4071,taxonomy updated from that presented in Peppe et al. (2011) by Iglesias et al. (2021; https://doi.org/10.26879/1124),0,0.135009609,,21.453,,8.259,,22.874,34.005,22.695,33.197,0,2,
Palacio de los Loros,SA019,,,"""Sterculia""",acuminataloba,MPEF-Pb-4072,taxonomy updated from that presented in Peppe et al. (2011) by Iglesias et al. (2021; https://doi.org/10.26879/1124),1,,,17.596,,7.193,,17.596,,17.596,,,0,
Palacio de los Loros,SA019,,,"""Sterculia""",acuminataloba,MPEF-Pb-4073,taxonomy updated from that presented in Peppe et al. (2011) by Iglesias et al. (2021; https://doi.org/10.26879/1124),0,0.172382807,0.307,93.688,,13.284,,52.765,44.136,51.486,42.339,17.101,2,
Palacio de los Loros,SA020,Oxalidales,Cunoniaceae,"""Myrica""",premira,MPEF-Pb-2030,taxonomy updated from that presented in Peppe et al. (2011) by Iglesias et al. (2021; https://doi.org/10.26879/1124),0,0.070623972,,14.892,,10.033,,8.494,19.988,8.293,18.674,7.928,25,
Palacio de los Loros,SA020,Oxalidales,Cunoniaceae,"""Myrica""",premira,MPEF-Pb-4074,taxonomy updated from that presented in Peppe et al. (2011) by Iglesias et al. (2021; https://doi.org/10.26879/1124),0,,,3.995,,4.174,,1.663,9.157,1.6,8.883,5.049,3,
Palacio de los Loros,SA020,Oxalidales,Cunoniaceae,"""Myrica""",premira,MPEF-Pb-4075,taxonomy updated from that presented in Peppe et al. (2011) by Iglesias et al. (2021; https://doi.org/10.26879/1124),0,,,14.258,,8.243,,6.744,15.545,6.57,14.696,7.591,9,
Palacio de los Loros,SA020,Oxalidales,Cunoniaceae,"""Myrica""",premira,MPEF-Pb-4076,taxonomy updated from that presented in Peppe et al. (2011) by Iglesias et al. (2021; https://doi.org/10.26879/1124),0,0.065280073,0.026,12.284,,9.314,,6.19,18.999,6.057,18.311,8.54,11,
Palacio de los Loros,SA020,Oxalidales,Cunoniaceae,"""Myrica""",premira,MPEF-Pb-4077,taxonomy updated from that presented in Peppe et al. (2011) by Iglesias et al. (2021; https://doi.org/10.26879/1124),0,,,6.208,,5.092,,3.849,15.486,3.705,14.429,8.206,14,
Palacio de los Loros,SA035,Malvales,Bixaceae,,,MPEF-Pb-4078,taxonomy updated from that presented in Peppe et al. (2011) by Iglesias et al. (2021; https://doi.org/10.26879/1124),0,,,124.772,,17.008,,12.303,17.396,11.889,16.96,8.013,6,
Palacio de los Loros,SA035,Malvales,Bixaceae,,,MPEF-Pb-4079,taxonomy updated from that presented in Peppe et al. (2011) by Iglesias et al. (2021; https://doi.org/10.26879/1124),0,0.055554368,,8.408,,4.419,,0.267,2.361,0.262,2.252,1.812,4,
Palacio de los Loros,SA035,Malvales,Bixaceae,,,MPEF-Pb-4080,taxonomy updated from that presented in Peppe et al. (2011) by Iglesias et al. (2021; https://doi.org/10.26879/1124),0,0.109807409,,28.236,,7.371,,11.103,21.207,11.084,20.296,13.659,3,
Palacio de los Loros,SA035,Malvales,Bixaceae,,,MPEF-Pb-4081,taxonomy updated from that presented in Peppe et al. (2011) by Iglesias et al. (2021; https://doi.org/10.26879/1124),0,0.119664303,,23.707,,7.151,,2.888,13.567,2.867,12.934,9.035,4,
Palacio de los Loros,SA035,Malvales,Bixaceae,,,MPEF-Pb-4082,taxonomy updated from that presented in Peppe et al. (2011) by Iglesias et al. (2021; https://doi.org/10.26879/1124),0,,,19.813,,6.186,,6.548,11.452,6.467,10.906,6.542,12,
Palacio de los Loros,SA035,Malvales,Bixaceae,,,MPEF-Pb-4083,taxonomy updated from that presented in Peppe et al. (2011) by Iglesias et al. (2021; https://doi.org/10.26879/1124),0,0.180504654,,42.763,,9.143,,10.849,25.611,10.378,23.936,14.52,24,1
Palacio de los Loros,SA039,,,"""Paranymphaea""",aristolochiaformis,MPEF-Pb-4084,taxonomy updated from that presented in Peppe et al. (2011) by Iglesias et al. (2021; https://doi.org/10.26879/1124),1,,,10.09,,4.052,,10.09,,10.09,,,0,
Palacio de los Loros,SA041,Rosales,Rhamnaceae,,,MPEF-Pb-2034,taxonomy updated from that presented in Peppe et al. (2011) by Iglesias et al. (2021; https://doi.org/10.26879/1124),1,0.120747769,,14.137,,8.565,,14.137,,14.137,,,0,
Palacio de los Loros,SA041,Rosales,Rhamnaceae,,,MPEF-Pb-4085,taxonomy updated from that presented in Peppe et al. (2011) by Iglesias et al. (2021; https://doi.org/10.26879/1124),1,0.122100005,0.154,35.474,,12.251,,35.474,,35.474,,,0,
Palacio de los Loros,SA041,Rosales,Rhamnaceae,,,MPEF-Pb-4086,taxonomy updated from that presented in Peppe et al. (2011) by Iglesias et al. (2021; https://doi.org/10.26879/1124),1,0.059685356,0.016,20.312,,10.418,,20.312,,20.312,,,0,
Palacio de los Loros,SA041,Rosales,Rhamnaceae,,,MPEF-Pb-4087,taxonomy updated from that presented in Peppe et al. (2011) by Iglesias et al. (2021; https://doi.org/10.26879/1124),1,0.063394491,0.006,9.02,,5.889,,9.02,,9.02,,,0,
Palacio de los Loros,SA041,Rosales,Rhamnaceae,,,MPEF-Pb-4088,taxonomy updated from that presented in Peppe et al. (2011) by Iglesias et al. (2021; https://doi.org/10.26879/1124),1,0.129673435,0.085,23.692,,9.395,,23.692,,23.692,,,0,
Palacio de los Loros,SA041,Rosales,Rhamnaceae,,,MPEF-Pb-4089,taxonomy updated from that presented in Peppe et al. (2011) by Iglesias et al. (2021; https://doi.org/10.26879/1124),1,,,33.472,,11.88,,33.472,,33.472,,,0,
Palacio de los Loros,SA041,Rosales,Rhamnaceae,,,MPEF-Pb-4090,taxonomy updated from that presented in Peppe et al. (2011) by Iglesias et al. (2021; https://doi.org/10.26879/1124),1,,,19.099,,11.251,,19.099,,19.099,,,0,
Palacio de los Loros,SA041,Rosales,Rhamnaceae,,,MPEF-Pb-4091,taxonomy updated from that presented in Peppe et al. (2011) by Iglesias et al. (2021; https://doi.org/10.26879/1124),1,,,32.579,,11.346,,32.579,,32.579,,,0,
Palacio de los Loros,SA041,Rosales,Rhamnaceae,,,MPEF-Pb-4092,taxonomy updated from that presented in Peppe et al. (2011) by Iglesias et al. (2021; https://doi.org/10.26879/1124),1,,,22.448,,9.462,,22.448,,22.448,,,0,
Palacio de los Loros,SA042,Oxalidales,Cunoniaceae,Fagophyllum,duseni,MPEF-Pb-2035,taxonomy updated from that presented in Peppe et al. (2011) by Iglesias et al. (2021; https://doi.org/10.26879/1124),0,0.065164206,,20.252,,9.504,,14.478,21.273,13.195,19.042,4.863,7,
Palacio de los Loros,SA042,Oxalidales,Cunoniaceae,Fagophyllum,duseni,MPEF-Pb-4093,taxonomy updated from that presented in Peppe et al. (2011) by Iglesias et al. (2021; https://doi.org/10.26879/1124),0,,,5.053,,4.871,,3.676,17.213,3.423,16.334,8.981,10,
Palacio de los Loros,SA042,Oxalidales,Cunoniaceae,Fagophyllum,duseni,MPEF-Pb-4094,taxonomy updated from that presented in Peppe et al. (2011) by Iglesias et al. (2021; https://doi.org/10.26879/1124),0,,,19.3,,7.613,,12.567,24.013,11.979,22.639,12.37,10,
Palacio de los Loros,SA042,Oxalidales,Cunoniaceae,Fagophyllum,duseni,MPEF-Pb-4095,taxonomy updated from that presented in Peppe et al. (2011) by Iglesias et al. (2021; https://doi.org/10.26879/1124),0,0.104392147,0.13,14.169,,8.448,,13.609,20.824,13.094,19.198,1.815,26,
Palacio de los Loros,SA042,Oxalidales,Cunoniaceae,Fagophyllum,duseni,MPEF-Pb-4096,taxonomy updated from that presented in Peppe et al. (2011) by Iglesias et al. (2021; https://doi.org/10.26879/1124),0,0.072199986,,12.187,,8.609,,6.04,16.335,5.716,15.221,6.826,9,
Palacio de los Loros,SA042,Oxalidales,Cunoniaceae,Fagophyllum,duseni,MPEF-Pb-4097,taxonomy updated from that presented in Peppe et al. (2011) by Iglesias et al. (2021; https://doi.org/10.26879/1124),0,,,9.721,,6.408,,9.368,15.479,8.302,13.829,0.833,11,
Palacio de los Loros,SA042,Oxalidales,Cunoniaceae,Fagophyllum,duseni,MPEF-Pb-4098,taxonomy updated from that presented in Peppe et al. (2011) by Iglesias et al. (2021; https://doi.org/10.26879/1124),0,,0.067,12.992,,7.198,,5.169,11.378,4.895,10.578,5.904,7,
Palacio de los Loros,SA043,Oxalidales or Sapindales,Cunoniaceae or Sapindaceae,,,MPEF-Pb-2036,taxonomy updated from that presented in Peppe et al. (2011) by Iglesias et al. (2021; https://doi.org/10.26879/1124),0,,,16.229,,7.16,,8.859,19.353,8.012,14.636,6.959,21,1
Palacio de los Loros,SA043,Oxalidales or Sapindales,Cunoniaceae or Sapindaceae,,,MPEF-Pb-3023,taxonomy updated from that presented in Peppe et al. (2011) by Iglesias et al. (2021; https://doi.org/10.26879/1124),0,0.058879412,,11.472,,6.588,,2.877,11.441,2.716,10.677,5.625,18,1
Palacio de los Loros,SA043,Oxalidales or Sapindales,Cunoniaceae or Sapindaceae,,,MPEF-Pb-4099,taxonomy updated from that presented in Peppe et al. (2011) by Iglesias et al. (2021; https://doi.org/10.26879/1124),0,,,29.614,,11.076,,9.791,19.829,9.191,18.169,11.938,9,1
Palacio de los Loros,SA043,Oxalidales or Sapindales,Cunoniaceae or Sapindaceae,,,MPEF-Pb-4100,taxonomy updated from that presented in Peppe et al. (2011) by Iglesias et al. (2021; https://doi.org/10.26879/1124),0,0.061238932,,9.81,,5.27,,6.782,22.264,5.654,17.435,10.431,18,2
Palacio de los Loros,SA043,Oxalidales or Sapindales,Cunoniaceae or Sapindaceae,,,MPEF-Pb-4101,taxonomy updated from that presented in Peppe et al. (2011) by Iglesias et al. (2021; https://doi.org/10.26879/1124),0,,,8.88,,4.795,,5.254,15.633,4.923,13.718,8.301,16,
Palacio de los Loros,SA043,Oxalidales or Sapindales,Cunoniaceae or Sapindaceae,,,MPEF-Pb-4102,taxonomy updated from that presented in Peppe et al. (2011) by Iglesias et al. (2021; https://doi.org/10.26879/1124),0,,,9.054,,5.733,,6.232,24.023,5.492,20.278,9.572,17,
Palacio de los Loros,SA044,Oxalidales,Cunoniaceae,,,MPEF-Pb-2037,taxonomy updated from that presented in Peppe et al. (2011) by Iglesias et al. (2021; https://doi.org/10.26879/1124),0,0.071382058,,7.396,,5.806,,6.566,13.401,6.511,13.066,1.99,20,
Palacio de los Loros,SA044,Oxalidales,Cunoniaceae,,,MPEF-Pb-3024,taxonomy updated from that presented in Peppe et al. (2011) by Iglesias et al. (2021; https://doi.org/10.26879/1124),0,,,20.412,,10.302,,12.401,23.806,12.115,22.507,8.838,16,
Palacio de los Loros,SA044,Oxalidales,Cunoniaceae,,,MPEF-Pb-4103,taxonomy updated from that presented in Peppe et al. (2011) by Iglesias et al. (2021; https://doi.org/10.26879/1124),0,,,9.832,,9.246,,6.579,21.157,6.311,20.294,10.813,21,
Palacio de los Loros,SA044,Oxalidales,Cunoniaceae,,,MPEF-Pb-4104,taxonomy updated from that presented in Peppe et al. (2011) by Iglesias et al. (2021; https://doi.org/10.26879/1124),0,0.085248017,,14.027,,7.233,,3.578,9.49,3.448,8.722,5.209,8,
Palacio de los Loros,SA044,Oxalidales,Cunoniaceae,,,MPEF-Pb-4105,taxonomy updated from that presented in Peppe et al. (2011) by Iglesias et al. (2021; https://doi.org/10.26879/1124),0,,,11.11,,11.091,,9.832,37.468,9.377,35.798,17.296,19,
Palacio de los Loros,SA044,Oxalidales,Cunoniaceae,,,MPEF-Pb-4106,taxonomy updated from that presented in Peppe et al. (2011) by Iglesias et al. (2021; https://doi.org/10.26879/1124),0,,,10.884,,6.343,,4.959,11.861,4.713,11.332,6.06,9,
Palacio de los Loros,SA044,Oxalidales,Cunoniaceae,,,MPEF-Pb-4107,taxonomy updated from that presented in Peppe et al. (2011) by Iglesias et al. (2021; https://doi.org/10.26879/1124),0,0.061134398,,7.405,,5.616,,3.296,12.475,3.166,11.871,7.141,10,
Palacio de los Loros,SA044,Oxalidales,Cunoniaceae,,,MPEF-Pb-4108,taxonomy updated from that presented in Peppe et al. (2011) by Iglesias et al. (2021; https://doi.org/10.26879/1124),0,0.03342947,0.081,8.512,,8.035,,4.111,15.048,4.039,14.536,7.055,7,
Palacio de los Loros,SA044,Oxalidales,Cunoniaceae,,,MPEF-Pb-4109,taxonomy updated from that presented in Peppe et al. (2011) by Iglesias et al. (2021; https://doi.org/10.26879/1124),0,,,2.31,,2.828,,1.382,8.559,1.259,8.038,4.239,11,
Palacio de los Loros,SA045,Fabales,Fabaceae,,,MPEF-Pb-2038,taxonomy updated from that presented in Peppe et al. (2011) by Iglesias et al. (2021; https://doi.org/10.26879/1124),1,0.055715387,,4.475,,3.825,,4.475,,4.475,,,0,
Palacio de los Loros,SA045,Fabales,Fabaceae,,,MPEF-Pb-4110,taxonomy updated from that presented in Peppe et al. (2011) by Iglesias et al. (2021; https://doi.org/10.26879/1124),1,,,5.045,,4.345,,5.045,,5.045,,,0,
Palacio de los Loros,SA045,Fabales,Fabaceae,,,MPEF-Pb-4111,taxonomy updated from that presented in Peppe et al. (2011) by Iglesias et al. (2021; https://doi.org/10.26879/1124),1,,,1.33,,1.855,,1.33,,1.33,,,0,
Palacio de los Loros,SA046,Laurales,Lauraceae,Laurophyllum,chubutensis,MPEF-Pb-2039,taxonomy updated from that presented in Peppe et al. (2011) by Iglesias et al. (2021; https://doi.org/10.26879/1124),1,,,8.38,,5.908,,8.38,,8.38,,,0,
Palacio de los Loros,SA046,Laurales,Lauraceae,Laurophyllum,chubutensis,MPEF-Pb-4112,taxonomy updated from that presented in Peppe et al. (2011) by Iglesias et al. (2021; https://doi.org/10.26879/1124),1,0.117138565,,7.625,,6.549,,7.625,,7.625,,,0,
Palacio de los Loros,SA046,Laurales,Lauraceae,Laurophyllum,chubutensis,MPEF-Pb-4113,taxonomy updated from that presented in Peppe et al. (2011) by Iglesias et al. (2021; https://doi.org/10.26879/1124),1,,,14.897,,9.238,,14.897,,14.897,,,0,
Palacio de los Loros,SA046,Laurales,Lauraceae,Laurophyllum,chubutensis,MPEF-Pb-4114,taxonomy updated from that presented in Peppe et al. (2011) by Iglesias et al. (2021; https://doi.org/10.26879/1124),1,,,6.967,,5.93,,6.967,,6.967,,,0,
Palacio de los Loros,SA046,Laurales,Lauraceae,Laurophyllum,chubutensis,MPEF-Pb-4115,taxonomy updated from that presented in Peppe et al. (2011) by Iglesias et al. (2021; https://doi.org/10.26879/1124),1,0.069845868,,3.436,,4.856,,3.436,,3.436,,,0,
Palacio de los Loros,SA046,Laurales,Lauraceae,Laurophyllum,chubutensis,MPEF-Pb-4116,taxonomy updated from that presented in Peppe et al. (2011) by Iglesias et al. (2021; https://doi.org/10.26879/1124),1,,,5.417,,5.243,,5.417,,5.417,,,0,
Palacio de los Loros,SA046,Laurales,Lauraceae,Laurophyllum,chubutensis,MPEF-Pb-4117,taxonomy updated from that presented in Peppe et al. (2011) by Iglesias et al. (2021; https://doi.org/10.26879/1124),1,,,18.567,,9.316,,18.567,,18.567,,,0,
Palacio de los Loros,SA046,Laurales,Lauraceae,Laurophyllum,chubutensis,MPEF-Pb-4118,taxonomy updated from that presented in Peppe et al. (2011) by Iglesias et al. (2021; https://doi.org/10.26879/1124),1,,,5.704,,5.49,,5.704,,5.704,,,0,
Palacio de los Loros,SA046,Laurales,Lauraceae,Laurophyllum,chubutensis,MPEF-Pb-4119,taxonomy updated from that presented in Peppe et al. (2011) by Iglesias et al. (2021; https://doi.org/10.26879/1124),1,,,9.842,,5.945,,9.842,,9.842,,,0,
Palacio de los Loros,SA047,,,,,MPEF-Pb-2040,taxonomy updated from that presented in Peppe et al. (2011) by Iglesias et al. (2021; https://doi.org/10.26879/1124),0,0.205154099,,42.992,,10.844,,10.426,29.314,10.127,28.284,16.985,16,
Palacio de los Loros,SA047,,,,,MPEF-Pb-4120,taxonomy updated from that presented in Peppe et al. (2011) by Iglesias et al. (2021; https://doi.org/10.26879/1124),0,,,11.848,,7.117,,6.901,29.076,6.386,26.576,13.602,13,
Palacio de los Loros,SA047,,,,,MPEF-Pb-4121,taxonomy updated from that presented in Peppe et al. (2011) by Iglesias et al. (2021; https://doi.org/10.26879/1124),0,,,7.499,,5.513,,1.845,11.788,1.676,10.887,5.728,5,
Palacio de los Loros,SA047,,,,,MPEF-Pb-4122,taxonomy updated from that presented in Peppe et al. (2011) by Iglesias et al. (2021; https://doi.org/10.26879/1124),0,,,12.99,,5.56,,1.473,6.776,1.384,6.428,3.378,6,
Palacio de los Loros,SA047,,,,,MPEF-Pb-4123,taxonomy updated from that presented in Peppe et al. (2011) by Iglesias et al. (2021; https://doi.org/10.26879/1124),0,0.103980327,0.135,10.225,,6.189,,3.6,18.249,3.477,17.663,7.933,7,
Palacio de los Loros,SA047,,,,,MPEF-Pb-4124,taxonomy updated from that presented in Peppe et al. (2011) by Iglesias et al. (2021; https://doi.org/10.26879/1124),0,,,13.714,,7.644,,3.134,13.359,2.978,12.186,7.071,14,1
Palacio de los Loros,SA048,Rosales,Rhamnaceae,Ziziphus,chubutensis,MPEF-Pb-2041,taxonomy updated from that presented in Peppe et al. (2011) by Iglesias et al. (2021; https://doi.org/10.26879/1124),0,0.107002651,,12.133,,5.682,,5.167,16.653,5.076,15.777,8.924,31,
Palacio de los Loros,SA048,Rosales,Rhamnaceae,Ziziphus,chubutensis,MPEF-Pb-4125,taxonomy updated from that presented in Peppe et al. (2011) by Iglesias et al. (2021; https://doi.org/10.26879/1124),0,0.151805299,,29.577,,7.116,,18.829,32.492,18.609,30.801,21.297,39,1
Palacio de los Loros,SA048,Rosales,Rhamnaceae,Ziziphus,chubutensis,MPEF-Pb-4126,taxonomy updated from that presented in Peppe et al. (2011) by Iglesias et al. (2021; https://doi.org/10.26879/1124),0,,,4.538,,3.544,,0.713,5.464,0.697,5.096,4.118,10,
Palacio de los Loros,SA048,Rosales,Rhamnaceae,Ziziphus,chubutensis,MPEF-Pb-4127,taxonomy updated from that presented in Peppe et al. (2011) by Iglesias et al. (2021; https://doi.org/10.26879/1124),0,,,20.936,,7.732,,12.947,25.654,12.673,24.186,13.291,48,1
Palacio de los Loros,SA048,Rosales,Rhamnaceae,Ziziphus,chubutensis,MPEF-Pb-4128,taxonomy updated from that presented in Peppe et al. (2011) by Iglesias et al. (2021; https://doi.org/10.26879/1124),0,,,36.227,,8.274,,18.491,29.375,18.284,28.18,18.339,53,1
Palacio de los Loros,SA048,Rosales,Rhamnaceae,Ziziphus,chubutensis,MPEF-Pb-4129,taxonomy updated from that presented in Peppe et al. (2011) by Iglesias et al. (2021; https://doi.org/10.26879/1124),0,,,18.204,,6.18,,12.641,17.843,12.411,16.816,5.803,23,
Palacio de los Loros,SA048,Rosales,Rhamnaceae,Ziziphus,chubutensis,MPEF-Pb-4130,taxonomy updated from that presented in Peppe et al. (2011) by Iglesias et al. (2021; https://doi.org/10.26879/1124),0,,,26.984,,8.222,,7.783,13.052,7.639,12.007,7.726,20,1
Palacio de los Loros,SA049,,,"""Myrica""",premira,MPEF-Pb-2042,taxonomy updated from that presented in Peppe et al. (2011) by Iglesias et al. (2021; https://doi.org/10.26879/1124),0,,,6.762,,5.298,,6.753,13.264,6.52,12.319,0.18,28,2
Palacio de los Loros,SA049,,,"""Myrica""",premira,MPEF-Pb-3026,taxonomy updated from that presented in Peppe et al. (2011) by Iglesias et al. (2021; https://doi.org/10.26879/1124),,,,10.352,,9.052,,,,,,,,
Palacio de los Loros,SA049,,,"""Myrica""",premira,MPEF-Pb-3027,taxonomy updated from that presented in Peppe et al. (2011) by Iglesias et al. (2021; https://doi.org/10.26879/1124),0,0.134459658,,15.803,,5.574,,10.691,18.865,10.507,18.526,5.801,16,
Palacio de los Loros,SA049,,,"""Myrica""",premira,MPEF-Pb-4131,taxonomy updated from that presented in Peppe et al. (2011) by Iglesias et al. (2021; https://doi.org/10.26879/1124),0,0.084583252,,10.895,,6.412,,10.292,16.082,10.043,15.407,1.982,14,
Palacio de los Loros,SA049,,,"""Myrica""",premira,MPEF-Pb-4132,taxonomy updated from that presented in Peppe et al. (2011) by Iglesias et al. (2021; https://doi.org/10.26879/1124),,,,10.112,,6.909,,,,,,,,
Palacio de los Loros,SA049,,,"""Myrica""",premira,MPEF-Pb-4133,taxonomy updated from that presented in Peppe et al. (2011) by Iglesias et al. (2021; https://doi.org/10.26879/1124),0,,,15.853,,7.274,,11.326,23.321,10.945,19.83,10.928,14,
Palacio de los Loros,SA049,,,"""Myrica""",premira,MPEF-Pb-4134,taxonomy updated from that presented in Peppe et al. (2011) by Iglesias et al. (2021; https://doi.org/10.26879/1124),0,,,6.482,,4.903,,6.439,12.911,6.034,11.416,0.462,22,3
Palacio de los Loros,SA049,,,"""Myrica""",premira,MPEF-Pb-4135,taxonomy updated from that presented in Peppe et al. (2011) by Iglesias et al. (2021; https://doi.org/10.26879/1124),0,,,4.874,,4.566,,2.97,12.226,2.82,11.505,5.711,10,
Palacio de los Loros,SA049,,,"""Myrica""",premira,MPEF-Pb-4136,taxonomy updated from that presented in Peppe et al. (2011) by Iglesias et al. (2021; https://doi.org/10.26879/1124),0,,,14.556,,5.927,,10.232,22.88,9.557,21.009,10.891,14,2
Palacio de los Loros,SA049,,,"""Myrica""",premira,MPEF-Pb-4137,taxonomy updated from that presented in Peppe et al. (2011) by Iglesias et al. (2021; https://doi.org/10.26879/1124),,,,3.532,,4.733,,,,,,,,
Palacio de los Loros,SA049,,,"""Myrica""",premira,MPEF-Pb-4138,taxonomy updated from that presented in Peppe et al. (2011) by Iglesias et al. (2021; https://doi.org/10.26879/1124),0,,,13.787,,6.493,,8.552,20.056,8.405,19.285,10.764,19,
Palacio de los Loros,SA049,,,"""Myrica""",premira,MPEF-Pb-4139,taxonomy updated from that presented in Peppe et al. (2011) by Iglesias et al. (2021; https://doi.org/10.26879/1124),0,,,15.662,,5.976,,7.608,17.243,7.433,16.367,9.477,13,1
Palacio de los Loros,SA049,,,"""Myrica""",premira,MPEF-Pb-4140,taxonomy updated from that presented in Peppe et al. (2011) by Iglesias et al. (2021; https://doi.org/10.26879/1124),,,,22.602,,9.914,,,,,,,,
Palacio de los Loros,SA049,,,"""Myrica""",premira,MPEF-Pb-4141,taxonomy updated from that presented in Peppe et al. (2011) by Iglesias et al. (2021; https://doi.org/10.26879/1124),0,0.079479107,,15.562,,6.8,,2.946,11.775,2.888,11.556,6.809,5,
Palacio de los Loros,SA049,,,"""Myrica""",premira,MPEF-Pb-4142,taxonomy updated from that presented in Peppe et al. (2011) by Iglesias et al. (2021; https://doi.org/10.26879/1124),0,,,9.066,,6.525,,6.128,18.648,5.873,17.83,9.863,12,
Palacio de los Loros,SA050,Sapindales,Anacardiaceae,,,MPEF-Pb-2043,taxonomy updated from that presented in Peppe et al. (2011) by Iglesias et al. (2021; https://doi.org/10.26879/1124),1,0.067069361,,4.575,,5.158,,4.575,,4.575,,,0,
Palacio de los Loros,SA050,Sapindales,Anacardiaceae,,,MPEF-Pb-4143,taxonomy updated from that presented in Peppe et al. (2011) by Iglesias et al. (2021; https://doi.org/10.26879/1124),1,0.090339383,0.032,9.042,,6.541,,9.042,,9.042,,,0,
Palacio de los Loros,SA050,Sapindales,Anacardiaceae,,,MPEF-Pb-4144,taxonomy updated from that presented in Peppe et al. (2011) by Iglesias et al. (2021; https://doi.org/10.26879/1124),1,0.132737591,,18.636,,6.341,,18.636,,18.636,,,0,
Palacio de los Loros,SA051,Rosales,Urticaceae,,,MPEF-Pb-4145,taxonomy updated from that presented in Peppe et al. (2011) by Iglesias et al. (2021; https://doi.org/10.26879/1124),0,,,2.058,,4.455,,0.966,7.514,0.887,6.901,3.701,9,
Palacio de los Loros,SA051,Rosales,Urticaceae,,,MPEF-Pb-4146,taxonomy updated from that presented in Peppe et al. (2011) by Iglesias et al. (2021; https://doi.org/10.26879/1124),0,,,20.736,,10.333,,9.846,26.449,9.161,21.805,11.342,24,2
Palacio de los Loros,SA052,Sapindales,Sapindaceae,,,MPEF-Pb-2045,taxonomy updated from that presented in Peppe et al. (2011) by Iglesias et al. (2021; https://doi.org/10.26879/1124),0,,,11.901,,8.084,,5.911,17.759,5.702,14.378,5.832,32,
Palacio de los Loros,SA054,Oxalidales,Cunoniaceae,,,MPEF-Pb-2046,taxonomy updated from that presented in Peppe et al. (2011) by Iglesias et al. (2021; https://doi.org/10.26879/1124),0,,,51.319,,11.771,,42.273,35.023,41.426,32.399,10.415,30,1
Palacio de los Loros,SA054,Oxalidales,Cunoniaceae,,,MPEF-Pb-4147,taxonomy updated from that presented in Peppe et al. (2011) by Iglesias et al. (2021; https://doi.org/10.26879/1124),0,0.09778217,,9.313,,5.881,,7.77,21.905,7.624,20.616,10.464,25,1
Palacio de los Loros,SA054,Oxalidales,Cunoniaceae,,,MPEF-Pb-4148,taxonomy updated from that presented in Peppe et al. (2011) by Iglesias et al. (2021; https://doi.org/10.26879/1124),0,,,31.539,,10.879,,13.096,23.57,12.211,21.694,13.113,8,1
Palacio de los Loros,SA055,,,,,MPEF-Pb-4149,taxonomy updated from that presented in Peppe et al. (2011) by Iglesias et al. (2021; https://doi.org/10.26879/1124),1,,,36.831,,10.201,,36.831,,36.831,,,0,
Palacio de los Loros,SA056,,,,,MPEF-Pb-4150,taxonomy updated from that presented in Peppe et al. (2011) by Iglesias et al. (2021; https://doi.org/10.26879/1124),1,,,17.1,,8.578,,17.1,,17.1,,,0,
Palacio de los Loros,SA056,,,,,MPEF-Pb-4151,taxonomy updated from that presented in Peppe et al. (2011) by Iglesias et al. (2021; https://doi.org/10.26879/1124),1,,,33.518,,11.435,,33.518,,33.518,,,0,
Palacio de los Loros,SA057,,,,,MPEF-Pb-4152,taxonomy updated from that presented in Peppe et al. (2011) by Iglesias et al. (2021; https://doi.org/10.26879/1124),0,0.119919793,,5.354,,4.582,,4.139,12.549,4.021,10.533,3.498,4,
Palacio de los Loros,SA058,Malvales,Malvaceae,"""Sterculia""",acuminataloba,MPEF-Pb-2050,taxonomy updated from that presented in Peppe et al. (2011) by Iglesias et al. (2021; https://doi.org/10.26879/1124),1,0.120774811,,18.693,,9.648,,18.693,,18.693,,,0,
Palacio de los Loros,SA059,,,,,MPEF-Pb-2051,taxonomy updated from that presented in Peppe et al. (2011) by Iglesias et al. (2021; https://doi.org/10.26879/1124),0,,,11.577,,6.833,,4.921,13.659,4.148,12.298,5.796,6,1
Palacio de los Loros,SA060,Ranunculales,Menispermaceae,Wilkinsoniphyllum,menispermoides,MPEF-Pb-2052,taxonomy updated from that presented in Peppe et al. (2011) by Jud et al. (2018; https://doi.org/10.1002/ajb2.1092) and Iglesias et al. (2021; https://doi.org/10.26879/1124),1,0.087825595,,22.982,,5.837,,22.982,,22.982,,,0,
Cerrejon,CJ1,Fabales,Fabaceae,,,ING-0044,,1,,,46.599,,11.225,,46.599,,46.599,,,0,
Cerrejon,CJ1,Fabales,Fabaceae,,,ING-0055,,1,,0.109,110.976,,16.224,,110.976,,110.976,,,0,
Cerrejon,CJ1,Fabales,Fabaceae,,,ING-0182,,1,,,121.722,,19.343,,121.722,,121.722,,,0,
Cerrejon,CJ1,Fabales,Fabaceae,,,ING-0207,,1,,0.254,289.779,,25.273,,289.779,,289.779,,,0,
Cerrejon,CJ1,Fabales,Fabaceae,,,ING-0216,,1,,,75.119,,16.078,,75.119,,75.119,,,0,
Cerrejon,CJ1,Fabales,Fabaceae,,,ING-0223,,1,,0.398,164.16,,21.773,,164.16,,164.16,,,0,
Cerrejon,CJ1,Fabales,Fabaceae,,,ING-0600,,1,,,76.769,,16.612,,76.769,,76.769,,,0,
Cerrejon,CJ1,Fabales,Fabaceae,,,ING-1420,,1,,,74.239,,14.051,,74.239,,74.239,,,0,
Cerrejon,CJ1,Fabales,Fabaceae,,,ING-1421,,1,,,76.136,,13.492,,76.136,,76.136,,,0,
Cerrejon,CJ2,Sapindales,Meliaceae,,,ING-0646,,1,,,60.647,,15.158,,60.647,,60.647,,,0,
Cerrejon,CJ2,Sapindales,Meliaceae,,,ING-0647,,1,,0.272,52.588,,12.269,,52.588,,52.588,,,0,
Cerrejon,CJ2,Sapindales,Meliaceae,,,ING-0648,,1,,,36.742,,11.179,,36.742,,36.742,,,0,
Cerrejon,CJ2,Sapindales,Meliaceae,,,ING-0649,,1,,,75.86,,16.664,,75.86,,75.86,,,0,
Cerrejon,CJ2,Sapindales,Meliaceae,,,ING-0650,,1,,0.11,22.116,,15.486,,22.116,,22.116,,,0,
Cerrejon,CJ2,Sapindales,Meliaceae,,,ING-1422,,1,,,95.975,,20.536,,95.975,,95.975,,,0,
Cerrejon,CJ2,Sapindales,Meliaceae,,,ING-1423,,1,,,17.251,,7.171,,17.251,,17.251,,,0,
Cerrejon,CJ4,Malpighiales,Violaceae or Salicaceae,,,ING-0566,,0,,,38.98,,11.682,,3.73,7.872,3.707,7.761,5.783,10,
Cerrejon,CJ4,Malpighiales,Violaceae or Salicaceae,,,ING-0578,,0,,,6.55,,7.201,,3.368,9.038,3.31,8.871,4.933,18,
Cerrejon,CJ4,Malpighiales,Violaceae or Salicaceae,,,ING-0586,,0,,,7.685,,9.933,,3.07,11.63,3.048,11.405,8.648,9,
Cerrejon,CJ4,Malpighiales,Violaceae or Salicaceae,,,ING-1415,,0,,,72.754,,18.295,,3.493,7.844,3.451,7.769,6.206,4,
Cerrejon,CJ4,Malpighiales,Violaceae or Salicaceae,,,ING-1416,,,,,26.162,,19.295,,,,,,,,
Cerrejon,CJ5,Laurales,Lauraceae,,,ING-0778,,1,,,72.193,,12.881,,72.193,,72.193,,,0,
Cerrejon,CJ5,Laurales,Lauraceae,,,ING-0779,,1,,0.275,41.871,,8.201,,41.871,,41.871,,,0,
Cerrejon,CJ5,Laurales,Lauraceae,,,ING-0780,,1,,,74.386,,27.188,,74.386,,74.386,,,0,
Cerrejon,CJ5,Laurales,Lauraceae,,,ING-0782,,1,,0.238,64.778,,26.378,,64.778,,64.778,,,0,
Cerrejon,CJ5,Laurales,Lauraceae,,,ING-0787,,1,,0.292,69.336,,12.57,,69.336,,69.336,,,0,
Cerrejon,CJ5,Laurales,Lauraceae,,,ING-1424,,1,,0.132,34.856,,9.555,,34.856,,34.856,,,0,
Cerrejon,CJ6 ,Ranunculales,Menispermaceae,Menispermites,cerrejonensis,BLANK10,,1,,,186.044,,31.942,,186.044,,186.044,,,0,
Cerrejon,CJ6 ,Ranunculales,Menispermaceae,Menispermites,cerrejonensis,ING-0125,,1,,,141.093,,16.14,,141.093,,141.093,,,0,
Cerrejon,CJ6 ,Ranunculales,Menispermaceae,Menispermites,cerrejonensis,ING-0137,,1,,,70.508,,28.612,,70.508,,70.508,,,0,
Cerrejon,CJ6 ,Ranunculales,Menispermaceae,Menispermites,cerrejonensis,ING-0142,,1,,,35.036,,9.04,,35.036,,35.036,,,0,
Cerrejon,CJ6 ,Ranunculales,Menispermaceae,Menispermites,cerrejonensis,ING-0907,,1,,,56.154,,11.599,,56.154,,56.154,,,0,
Cerrejon,CJ6 ,Ranunculales,Menispermaceae,Menispermites,cerrejonensis,ING-1425,,1,,0.476,117.462,,17.69,,117.462,,117.462,,,0,
Cerrejon,CJ6 ,Ranunculales,Menispermaceae,Menispermites,cerrejonensis,ING-1426,,1,,,52.557,,11.701,,52.557,,52.557,,,0,
Cerrejon,CJ8,"""Ericales""","""Sapotaceae""",,,ING-0687,,1,,0.302,115.77,,16.602,,115.77,,115.77,,,0,
Cerrejon,CJ8,"""Ericales""","""Sapotaceae""",,,ING-0703,,1,,0.31,155.768,,40.41,,155.768,,155.768,,,0,
Cerrejon,CJ8,"""Ericales""","""Sapotaceae""",,,ING-0708,,1,,0.479,133.151,,18.742,,133.151,,133.151,,,0,
Cerrejon,CJ8,"""Ericales""","""Sapotaceae""",,,ING-0710,,1,,,119.118,,17.292,,119.118,,119.118,,,0,
Cerrejon,CJ8,"""Ericales""","""Sapotaceae""",,,ING-1427,,1,,0.371,193.911,,20.538,,193.911,,193.911,,,0,
Cerrejon,CJ10,"""Malpighiales""","""Euphorbiaceae""",,,ING00497,,1,,0.248,48.96,,8.989,,48.96,,48.96,,,0,
Cerrejon,CJ10,"""Malpighiales""","""Euphorbiaceae""",,,ING-0494,,1,,,68.062,,12.319,,68.062,,68.062,,,0,
Cerrejon,CJ10,"""Malpighiales""","""Euphorbiaceae""",,,ING-0496,,1,,,82.738,,12.624,,82.738,,82.738,,,0,
Cerrejon,CJ10,"""Malpighiales""","""Euphorbiaceae""",,,ING-0498,,1,,,80.013,,12.743,,80.013,,80.013,,,0,
Cerrejon,CJ10,"""Malpighiales""","""Euphorbiaceae""",,,ING-1428,,1,,,48.884,,10.073,,48.884,,48.884,,,0,
Cerrejon,CJ10,"""Malpighiales""","""Euphorbiaceae""",,,ING-1429,,1,,,51.588,,10.011,,51.588,,51.588,,,0,
Cerrejon,CJ11,Malvales,Malvaceae,,,ING-0654,,1,,,27.744,,15.928,,27.744,,27.744,,,0,
Cerrejon,CJ11,Malvales,Malvaceae,,,ING-1430,,1,,,134.034,,14.743,,134.034,,134.034,,,0,
Cerrejon,CJ12,,"""Moraceae""",,,ING-1431,"taxonomy revised from that presented in Peppe et al. (2011) by Fabiany Herrera (personal communication, April 2026)",1,,,40.174,,8.031,,40.174,,40.174,,,0,
Cerrejon,CJ13,"""Gentianales""","""Apocynaceae""",,,ING-0487,,1,,0.128,63.036,,11.677,,63.036,,63.036,,,0,
Cerrejon,CJ13,"""Gentianales""","""Apocynaceae""",,,ING-0489,,1,,0.132,97.584,,23.852,,97.584,,97.584,,,0,
Cerrejon,CJ13,"""Gentianales""","""Apocynaceae""",,,ING-1432,,1,,,80.748,,12.89,,80.748,,80.748,,,0,
Cerrejon,CJ13,"""Gentianales""","""Apocynaceae""",,,ING-1433,,1,,,132.027,,15.517,,132.027,,132.027,,,0,
Cerrejon,CJ15,,,,,ING-0004,,1,,,257.693,,23.548,,257.693,,257.693,,,0,
Cerrejon,CJ15,,,,,ING-0008,,1,,0.147,117.263,,19.869,,117.263,,117.263,,,0,
Cerrejon,CJ15,,,,,ING-0027,,1,,,178.969,,21.196,,178.969,,178.969,,,0,
Cerrejon,CJ15,,,,,ING-1434,,1,,,505.46,,36.987,,505.46,,505.46,,,0,
Cerrejon,CJ16,,,,,ING-0503,,1,,0.022,47.25,,9.977,,47.25,,47.25,,,0,
Cerrejon,CJ16,,,,,ING-1435,,1,,,80.563,,12.808,,80.563,,80.563,,,0,
Cerrejon,CJ17,Malvales,"""Malvaceae""",,,ING-1436,,1,,,59.656,,11.428,,59.656,,59.656,,,0,
Cerrejon,CJ18,,,,,BLANK1,,1,,0.45,78.082,,16.871,,78.082,,78.082,,,0,
Cerrejon,CJ19,Fabales,Fabaceae,,,ING-0535,,1,,0.011,9.607,,6.604,,9.607,,9.607,,,0,
Cerrejon,CJ19,Fabales,Fabaceae,,,ING-0536,,1,,0.01,11.83,,6.418,,11.83,,11.83,,,0,
Cerrejon,CJ19,Fabales,Fabaceae,,,ING-0538,,1,,0.07,13.729,,8.545,,13.729,,13.729,,,0,
Cerrejon,CJ19,Fabales,Fabaceae,,,ING-0542,,1,,,17.146,,7.11,,17.146,,17.146,,,0,
Cerrejon,CJ19,Fabales,Fabaceae,,,ING-0543,,1,,,15.158,,16.398,,15.158,,15.158,,,0,
Cerrejon,CJ19,Fabales,Fabaceae,,,ING-1218,,1,,,52.291,,16.487,,52.291,,52.291,,,0,
Cerrejon,CJ19,Fabales,Fabaceae,,,ING-1437,,1,,,20.096,,9.055,,20.096,,20.096,,,0,
Cerrejon,CJ19,Fabales,Fabaceae,,,ING-1438,,1,,,28.243,,10.937,,28.243,,28.243,,,0,
Cerrejon,CJ20,,,,,ING-0661,,1,,,55.309,,10.977,,55.309,,55.309,,,0,
Cerrejon,CJ20,,,,,ING-1440,,1,,,94.246,,13.842,,94.246,,94.246,,,0,
Cerrejon,CJ21,,,,,ING-0664,,1,,,32.648,,8.042,,32.648,,32.648,,,0,
Cerrejon,CJ21,,,,,ING-1441,,1,,,60.015,,12.855,,60.015,,60.015,,,0,
Cerrejon,CJ22,Laurales,Lauraceae,,,ING-0279,,1,,,55.178,,25.858,,55.178,,55.178,,,0,
Cerrejon,CJ22,Laurales,Lauraceae,,,ING-0302,,1,,0.651,159.284,,21.133,,159.284,,159.284,,,0,
Cerrejon,CJ22,Laurales,Lauraceae,,,ING-1442,,1,,,97.488,,14.287,,97.488,,97.488,,,0,
Cerrejon,CJ24,Malpighiales,Euphorbiaceae,,,BLANK2,,0,,,75.978,,9.509,,20.937,45.4,20.652,45.382,26.873,16,
Cerrejon,CJ24,Malpighiales,Euphorbiaceae,,,ING-0227,,0,,,67.678,,11.293,,36.818,51.669,36.463,50.843,25.214,32,
Cerrejon,CJ24,Malpighiales,Euphorbiaceae,,,ING-0230,,0,,,71.232,,9.272,,36.603,26.445,36.386,26.153,10.203,12,
Cerrejon,CJ24,Malpighiales,Euphorbiaceae,,,ING-0231,,0,,,116.518,,15.414,,31.666,35.644,31.399,35.401,20.248,19,
Cerrejon,CJ24,Malpighiales,Euphorbiaceae,,,ING-0236,,0,,,97.138,,12.054,,83.106,79.703,82.468,78.563,40.319,50,
Cerrejon,CJ24,Malpighiales,Euphorbiaceae,,,ING-0238,,0,,,126.829,,19.291,,37.002,32.364,36.59,32.119,20.509,19,
Cerrejon,CJ25,Malvales,Malvaceae,,,BLANK3,,0,,,49.603,,9.445,,26.887,46.757,26.859,46.446,24.126,9,
Cerrejon,CJ25,Malvales,Malvaceae,,,BLANK4,,,,,133.134,,14.01,,,,,,,,
Cerrejon,CJ25,Malvales,Malvaceae,,,ING-0326,,,,,56.292,,11.403,,,,,,,,
Cerrejon,CJ25,Malvales,Malvaceae,,,ING-0362,,0,,,75.9558,,10.022,,11.684,35.218,11.673,34.928,22.992,6,
Cerrejon,CJ25,Malvales,Malvaceae,,,ING-0381,,0,,,76.575,,12.053,,34.725,46.234,34.635,46.202,25.267,6,
Cerrejon,CJ25,Malvales,Malvaceae,,,ING-0406,,0,,,72.19,,14.043,,27.214,26.627,27.208,26.61,9.489,7,
Cerrejon,CJ26,Malvales,Malvaceae,Malvaciphyllum,macondicus,ING-0616,taxonomy updated from that presented in Peppe et al. (2011) by Carvalho et al. (2011; https://doi.org/10.3732/ajb.1000539),0,,,87.32,,11.581,,55.812,76.026,55.39,74.379,53.433,84,
Cerrejon,CJ26,Malvales,Malvaceae,Malvaciphyllum,macondicus,ING-0618,taxonomy updated from that presented in Peppe et al. (2011) by Carvalho et al. (2011; https://doi.org/10.3732/ajb.1000539),0,,,,,,,26.872,41.76,26.701,41.151,36.093,40,
Cerrejon,CJ26,Malvales,Malvaceae,Malvaciphyllum,macondicus,ING-0619,taxonomy updated from that presented in Peppe et al. (2011) by Carvalho et al. (2011; https://doi.org/10.3732/ajb.1000539),0,,,31.398,,6.822,,13.267,27.556,13.053,26.182,12.867,49,
Cerrejon,CJ26,Malvales,Malvaceae,Malvaciphyllum,macondicus,ING-1410,taxonomy updated from that presented in Peppe et al. (2011) by Carvalho et al. (2011; https://doi.org/10.3732/ajb.1000539),0,,,8.74,,3.872,,7.113,14.535,6.941,12.841,4.692,52,
Cerrejon,CJ27,,,,,ING-0622,,0,,,74.779,,12.022,,38.393,45.235,38.105,44.037,27.264,62,
Cerrejon,CJ27,,,,,ING-0625,,0,,,23.045,,7.246,,9.844,27.716,9.719,27.288,12.563,60,
Cerrejon,CJ27,,,,,ING-1417,,0,,,128.001,,17.763,,84.666,85.061,83.82,83.17,42.986,103,
Cerrejon,CJ28,,,,,ING-0640,,1,,0.084,35.176,,14.496,,35.176,,35.176,,,0,
Cerrejon,CJ28,,,,,ING-0641,,1,,,103.991,,15.62,,103.991,,103.991,,,0,
Cerrejon,CJ28,,,,,ING-0642,,1,,0.376,119.49,,17.125,,119.49,,119.49,,,0,
Cerrejon,CJ28,,,,,ING-1443,,1,,,160.492,,18.947,,160.492,,160.492,,,0,
Cerrejon,CJ30,,,,,BLANK5,,1,,,209.828,,20.739,,209.828,,209.828,,,0,
Cerrejon,CJ32,Malpighiales,Violaceae or Salicaceae,,,BLANK6,,0,,,,,,,23.75,44.872,23.657,44.786,36.91,40,
Cerrejon,CJ32,Malpighiales,Violaceae or Salicaceae,,,ING-0314,,0,,,99.338,,19.279,,21.11,26.508,20.933,26.303,16.525,22,
Cerrejon,CJ32,Malpighiales,Violaceae or Salicaceae,,,ING-0340,,0,,,97.088,,16.997,,19.038,36.238,18.94,35.981,25.288,29,
Cerrejon,CJ32,Malpighiales,Violaceae or Salicaceae,,,ING-0349,,0,,,87.248,,16.546,,25.447,46.879,25.345,46.421,38.15,41,
Cerrejon,CJ32,Malpighiales,Violaceae or Salicaceae,,,ING-0354,,0,,,,,,,27.455,21.62,27.361,21.344,14.051,37,
Cerrejon,CJ32,Malpighiales,Violaceae or Salicaceae,,,ING-1418,,0,,,61.473,,14.311,,38.535,46.99,38.274,46.468,25.241,34,
Cerrejon,CJ33,,,,,ING-1444,,1,,,10.306,,5.112,,10.306,,10.306,,,0,
Cerrejon,CJ34,Sapindales,Anacardiaceae,,,BLANK7,,0,,,35.702,,9.53,,21.397,31.103,21.133,30.309,12.78,19,
Cerrejon,CJ34,Sapindales,Anacardiaceae,,,ING-0768,,0,,,,,,,4.538,9.625,4.275,9.03,5.268,6,
Cerrejon,CJ34,Sapindales,Anacardiaceae,,,ING-0769,,0,,,27.056,,8.646,,3.184,11.874,3.108,11.731,8.57,5,
Cerrejon,CJ34,Sapindales,Anacardiaceae,,,ING-0772,,0,,,8.844,,4.527,,4.283,14.188,4.133,13.796,6.609,12,
Cerrejon,CJ36,Malvales,Malvaceae,,,ING-0589,,1,,,48.638,,19.614,,48.638,,48.638,,,0,
Cerrejon,CJ36,Malvales,Malvaceae,,,ING-0631,,1,,0.108,32.216,,8.725,,32.216,,32.216,,,0,
Cerrejon,CJ36,Malvales,Malvaceae,,,ING-1445,,1,,,172.648,,18.108,,172.648,,172.648,,,0,
Cerrejon,CJ37,,,,,ING-1446,,1,,0.031,26.26,,8.156,,26.26,,26.26,,,0,
Cerrejon,CJ38,,,,,ING-0512,taxonomy updated from that presented in Peppe et al. (2011) by Herrera et al. (2019; https://doi.org/10.1071/SB19001),1,,0.193,41.501,,11.901,,41.501,,41.501,,,0,
Cerrejon,CJ38,,,,,ING-0516,taxonomy updated from that presented in Peppe et al. (2011) by Herrera et al. (2019; https://doi.org/10.1071/SB19001),1,,,38.976,,10.796,,38.976,,38.976,,,0,
Cerrejon,CJ38,,,,,ING-0527,taxonomy updated from that presented in Peppe et al. (2011) by Herrera et al. (2019; https://doi.org/10.1071/SB19001),1,,,90.428,,25.934,,90.428,,90.428,,,0,
Cerrejon,CJ38,,,,,ING-0614,taxonomy updated from that presented in Peppe et al. (2011) by Herrera et al. (2019; https://doi.org/10.1071/SB19001),1,,0.194,155.747,,17.196,,155.747,,155.747,,,0,
Cerrejon,CJ38,,,,,ING-1447,taxonomy updated from that presented in Peppe et al. (2011) by Herrera et al. (2019; https://doi.org/10.1071/SB19001),1,,0.2,101.292,,13.432,,101.292,,101.292,,,0,
Cerrejon,CJ40,,,,,ING-0735,taxonomy updated from that presented in Peppe et al. (2011) by Herrera et al. (2019; https://doi.org/10.1071/SB19001),1,,0.031,27.352,,6.898,,27.352,,27.352,,,0,
Cerrejon,CJ40,,,,,ING-0736,taxonomy updated from that presented in Peppe et al. (2011) by Herrera et al. (2019; https://doi.org/10.1071/SB19001),1,,,15.47,,9.716,,15.47,,15.47,,,0,
Cerrejon,CJ40,,,,,ING-0740,taxonomy updated from that presented in Peppe et al. (2011) by Herrera et al. (2019; https://doi.org/10.1071/SB19001),1,,0.069,23.127,,7.27,,23.127,,23.127,,,0,
Cerrejon,CJ40,,,,,ING-0743,taxonomy updated from that presented in Peppe et al. (2011) by Herrera et al. (2019; https://doi.org/10.1071/SB19001),1,,,78.882,,23.186,,78.882,,78.882,,,0,
Cerrejon,CJ41,,,,,ING-0635,,1,,,68.218,,13.723,,68.218,,68.218,,,0,
Cerrejon,CJ41,,,,,ING-0637,,1,,,68.006,,12.786,,68.006,,68.006,,,0,
Cerrejon,CJ41,,,,,ING-0638,,1,,,66.397,,11.554,,66.397,,66.397,,,0,
Cerrejon,CJ41,,,,,ING-1448,,1,,,88.976,,12.984,,88.976,,88.976,,,0,
Cerrejon,CJ43,"""Oxalidales""","""Elaeocarpaceae""",,,BLANK8,,0,,,108.851,,16.016,,54.051,69.636,53.498,69.204,37.019,20,
Cerrejon,CJ43,"""Oxalidales""","""Elaeocarpaceae""",,,exemplar,,1,,,61.632,,10.462,,61.632,,61.632,,,0,
Cerrejon,CJ43,"""Oxalidales""","""Elaeocarpaceae""",,,ING-0431,,0,,,107.455,,16.13,,51.176,65.371,50.624,64.057,40.081,30,
Cerrejon,CJ43,"""Oxalidales""","""Elaeocarpaceae""",,,ING-0454,,0,,,107.944,,15.053,,49.953,63.134,49.219,62.632,29.011,24,
Cerrejon,CJ43,"""Oxalidales""","""Elaeocarpaceae""",,,ING-0463,,0,,,59.687,,11.757,,24.148,44.217,24.001,44.083,23.055,15,
Cerrejon,CJ43,"""Oxalidales""","""Elaeocarpaceae""",,,ING-0467,,0,,,,,,,33.195,58.767,32.652,58.504,41.3,19,
Cerrejon,CJ43,"""Oxalidales""","""Elaeocarpaceae""",,,ING-0469,,0,,,,,,,38.773,27.365,38.308,26.724,15.715,17,
Cerrejon,CJ48,Malpighiales,Salicaceae,,,23,,1,,,90.402,,13.765,,90.402,,90.402,,,0,
Cerrejon,CJ48,Malpighiales,Salicaceae,,,BLANK11,,1,,,49.039,,9.204,,49.039,,49.039,,,0,
Cerrejon,CJ48,Malpighiales,Salicaceae,,,BLANK12,,1,,,9.642,,4.338,,9.642,,9.642,,,0,
Cerrejon,CJ48,Malpighiales,Salicaceae,,,ING-0672,,0,,,,,,,25.496,35.705,25.364,35.171,24.997,23,
Cerrejon,CJ48,Malpighiales,Salicaceae,,,ING-1419,,0,,,33.491,,8.642,,12.265,34.417,12.156,33.497,20.706,42,
Cerrejon,CJ50,"""Magnoliales""","""Annonaceae""",,,ING-1449,,1,,,127.288,,13.753,,127.288,,127.288,,,0,
Cerrejon,CJ50,"""Magnoliales""","""Annonaceae""",,,ING-1450,,1,,0.122,167.13,,17.261,,167.13,,167.13,,,0,
Cerrejon,CJ53,,,,,ING-0588,,1,,,49.868,,22.786,,49.868,,49.868,,,0,
Cerrejon,CJ53,,,,,ING-0599,,1,,,65.312,,29.816,,65.312,,65.312,,,0,
Cerrejon,CJ54,,,,,ING-0800,,1,,,25.548,,14.43,,25.548,,25.548,,,0,
Cerrejon,CJ55,Fabales,Fabaceae,,,ING-0547,,1,,,6.893,,3.968,,6.893,,6.893,,,0,
Cerrejon,CJ55,Fabales,Fabaceae,,,ING-0551,,1,,,15,,7.038,,15,,15,,,0,
Cerrejon,CJ55,Fabales,Fabaceae,,,ING-0552,,1,,,9.728,,6.01,,9.728,,9.728,,,0,
Cerrejon,CJ55,Fabales,Fabaceae,,,ING-1452,,1,,,3.77,,4.173,,3.77,,3.77,,,0,
Cerrejon,CJ56,"""Malpighiales""","""Salicaceae""",,,BLANK13,,1,,,149.577,,20.11,,149.577,,149.577,,,0,
Cerrejon,CJ56,"""Malpighiales""","""Salicaceae""",,,BLANK89,,0,,,,,,,36.89,27.801,35.75,25.669,17.876,7,
Cerrejon,CJ76,Fabales,Fabaceae,,,ING-0909,,1,,,0.018,,0.23,,0.018,,0.018,,,0,
Cerrejon,CJ76,Fabales,Fabaceae,,,ING-0909,,1,,,0.02,,0.243,,0.02,,0.02,,,0,
Cerrejon,CJ76,Fabales,Fabaceae,,,ING-0909,,1,,,0.037,,0.37,,0.037,,0.037,,,0,
Cerrejon,CJ76,Fabales,Fabaceae,,,ING-0909,,1,,,0.014,,0.192,,0.014,,0.014,,,0,
Cerrejon,CJ76,Fabales,Fabaceae,,,ING-0909,,1,,,0.024,,0.3,,0.024,,0.024,,,0,
Cerrejon,CJ76,Fabales,Fabaceae,,,ING-0909,,1,,,0.04,,0.375,,0.04,,0.04,,,0,
Cerrejon,CJ76,Fabales,Fabaceae,,,ING-0909,,1,,,0.062,,0.489,,0.062,,0.062,,,0,
Cerrejon,CJ76,Fabales,Fabaceae,,,ING-0909,,1,,,0.035,,0.339,,0.035,,0.035,,,0,
Cerrejon,CJ76,Fabales,Fabaceae,,,ING-0909,,1,,,0.069,,0.496,,0.069,,0.069,,,0,
Cerrejon,CJ76,Fabales,Fabaceae,,,ING-0909,,1,,,0.04,,0.387,,0.04,,0.04,,,0,
Cerrejon,CJ76,Fabales,Fabaceae,,,ING-1033,,1,,0.0003142,0.089,,0.589,,0.089,,0.089,,,0,
Cerrejon,CJ82,Ranunculales,Menispermaceae,Menispermites,guajiraensis,ING-0934,,1,,0.064,144.014,,32.434,,144.014,,144.014,,,0,
Cerrejon,CJ82,Ranunculales,Menispermaceae,Menispermites,guajiraensis,ING-0939,,1,,,150.244,,33.508,,150.244,,150.244,,,0,
Cerrejon,CJ82,Ranunculales,Menispermaceae,Menispermites,guajiraensis,ING-0982,,1,,1.447,234.891,,21.871,,234.891,,234.891,,,0,
Cerrejon,CJ83,,,,,ING-1248,,1,,,362.364,,35.344,,362.364,,362.364,,,0,
Cerrejon,CJ84,,,,,ING-1247,,1,,0.164,67.914,,11.913,,67.914,,67.914,,,0,
Cerrejon,CJ109,Ranunculales,Menispermaceae,Menispermites,horizontalis,ING-0166,,1,,,385.474,,25.616,,385.474,,385.474,,,0,
Cerrejon,CJ110,Ranunculales,Menispermaceae,Menispermites,cordatus,ING-0128,,1,,,189.7,,17.79,,189.7,,189.7,,,0,
Hubble Bubble,Apocyn,,,,,0503-260,,1,0.127,,13.896,,11.04,,13.896,,13.896,,,0,
Hubble Bubble,Apocyn,,,,,0601-173,,1,0.086,,9.012,,8.59,,9.012,,9.012,,,0,
Hubble Bubble,WW001 (LNL),Fabales,Fabaceae,"""Parvileguminophyllum""",coloradensis,0503-187,,1,0.044,,0.706,,2.14,,0.706,,0.706,,,0,
Hubble Bubble,WW001 (LNL),Fabales,Fabaceae,"""Parvileguminophyllum""",coloradensis,0503F,,1,0.0425,,0.514,,1.45,,0.514,,0.514,,,0,
Hubble Bubble,WW001 (LNL),Fabales,Fabaceae,"""Parvileguminophyllum""",coloradensis,0503-LNL-Z,,1,0.037,,0.479,,1.38,,0.479,,0.479,,,0,
Hubble Bubble,WW001 (LNL),Fabales,Fabaceae,"""Parvileguminophyllum""",coloradensis,0601-120,,1,0.047,,1.645,,3.4,,1.645,,1.645,,,0,
Hubble Bubble,WW001 (LNL),Fabales,Fabaceae,"""Parvileguminophyllum""",coloradensis,0601-171_LNLa,,1,0.0445,,0.287,,1.04,,0.287,,0.287,,,0,
Hubble Bubble,WW001 (LNL),Fabales,Fabaceae,"""Parvileguminophyllum""",coloradensis,0601-206,,1,0.071,,0.821,,1.92,,0.821,,0.821,,,0,
Hubble Bubble,WW001 (LNL),Fabales,Fabaceae,"""Parvileguminophyllum""",coloradensis,HB312,,1,0.052,,0.661,,1.65,,0.661,,0.661,,,0,
Hubble Bubble,WW001 (LNL),Fabales,Fabaceae,"""Parvileguminophyllum""",coloradensis,HB313,,1,0.053,,0.561,,1.51,,0.561,,0.561,,,0,
Hubble Bubble,WW001 (LNL),Fabales,Fabaceae,"""Parvileguminophyllum""",coloradensis,WW001_402_01,,1,,,0.353,,1.5,,0.353,,0.353,,,0,
Hubble Bubble,WW002 (NML),Fabales,Fabaceae,,,0503-290,,1,0.063,,2.411,,4.26,,2.411,,2.411,,,0,
Hubble Bubble,WW002 (NML),Fabales,Fabaceae,,,0601-1193,,1,0.059,,3.271,,4.57,,3.271,,3.271,,,0,
Hubble Bubble,WW002 (NML),Fabales,Fabaceae,,,0601-134,,1,0.071,,2.425,,3.91,,2.425,,2.425,,,0,
Hubble Bubble,WW002 (NML),Fabales,Fabaceae,,,0601-258,,1,0.075,,2.595,,4.16,,2.595,,2.595,,,0,
Hubble Bubble,WW002 (NML),Fabales,Fabaceae,,,WW002_136_01,,1,,,3.266,,4.64,,3.266,,3.266,,,0,
Hubble Bubble,WW002 (NML),Fabales,Fabaceae,,,WW002_158_01,,1,,,6.276,,6.3,,6.276,,6.276,,,0,
Hubble Bubble,WW002 (NML),Fabales,Fabaceae,,,WW002_166_01,,1,,,7.01,,6.09,,7.01,,7.01,,,0,
Hubble Bubble,WW002 (NML),Fabales,Fabaceae,,,WW002_194_01,,1,,,7.24,,5.78,,7.24,,7.24,,,0,
Hubble Bubble,WW002 (NML),Fabales,Fabaceae,,,WW002_219_01,,1,,,2.566,,4.5,,2.566,,2.566,,,0,
Hubble Bubble,WW002 (NML),Fabales,Fabaceae,,,WW002_257_01,,1,,,1.297,,2.49,,1.297,,1.297,,,0,
Hubble Bubble,WW002 (NML),Fabales,Fabaceae,,,WW002_48_01,,1,,,1.669,,3.44,,1.669,,1.669,,,0,
Hubble Bubble,WW003 (Triprime),Laurales,,,,0503-220,"taxonomy revised from that presented in Peppe et al. (2011) by Scott Wing (personal communication, April 2026)",1,0.2335,,38.398,,11.34,,38.398,,38.398,,,0,
Hubble Bubble,WW003 (Triprime),Laurales,,,,WW003_45_01,"taxonomy revised from that presented in Peppe et al. (2011) by Scott Wing (personal communication, April 2026)",1,,,57.054,,11.19,,57.054,,57.054,,,0,
Hubble Bubble,WW004 (Slim),Sapindales,,,,0503-200,"taxonomy revised from that presented in Peppe et al. (2011) by Scott Wing (personal communication, April 2026)",1,0.085,,22.71,,9.608,,22.71,,22.71,,,0,
Hubble Bubble,WW004 (Slim),Sapindales,,,,0601-197,"taxonomy revised from that presented in Peppe et al. (2011) by Scott Wing (personal communication, April 2026)",1,0.112,,45.514,,15.02,,45.514,,45.514,,,0,
Hubble Bubble,WW004 (Slim),Sapindales,,,,WW004_236_01,"taxonomy revised from that presented in Peppe et al. (2011) by Scott Wing (personal communication, April 2026)",1,,,2.328,,3.59,,2.328,,2.328,,,0,
Hubble Bubble,WW005 (Leaf mat),Sapindales,,,,0503-562,"taxonomy revised from that presented in Peppe et al. (2011) by Scott Wing (personal communication, April 2026)",1,0.249,,93.578,,15.18,,93.578,,93.578,,,0,
Hubble Bubble,WW005 (Leaf mat),Sapindales,,,,0601-23,"taxonomy revised from that presented in Peppe et al. (2011) by Scott Wing (personal communication, April 2026)",1,0.312,,115.01,,21.57,,115.01,,115.01,,,0,
Hubble Bubble,WW005 (Leaf mat),Sapindales,,,,WW005_102_01,"taxonomy revised from that presented in Peppe et al. (2011) by Scott Wing (personal communication, April 2026)",0,,,99.831,,18.9,,37.878,44.662,37.434,44.395,29.92,6,
Hubble Bubble,WW005 (Leaf mat),Sapindales,,,,WW005_1196_01,"taxonomy revised from that presented in Peppe et al. (2011) by Scott Wing (personal communication, April 2026)",0,,,,,,,23.013,27.891,22.862,27.604,17.24,3,
Hubble Bubble,WW005 (Leaf mat),Sapindales,,,,WW005_244_01,"taxonomy revised from that presented in Peppe et al. (2011) by Scott Wing (personal communication, April 2026)",0,,,92.924,,17.75,,1.971,7.525,1.921,7.456,5.48,4,
Hubble Bubble,WW005 (Leaf mat),Sapindales,,,,WW005_25_01 ,"taxonomy revised from that presented in Peppe et al. (2011) by Scott Wing (personal communication, April 2026)",0,,,136.9,,26.77,,10.353,22.696,10.15,22.609,14.75,2,
Hubble Bubble,WW005 (Leaf mat),Sapindales,,,,WW005_254_01,"taxonomy revised from that presented in Peppe et al. (2011) by Scott Wing (personal communication, April 2026)",0,,,,,,,10.955,13.816,10.802,13.728,10.57,3,
Hubble Bubble,WW005 (Leaf mat),Sapindales,,,,WW005_41_01,"taxonomy revised from that presented in Peppe et al. (2011) by Scott Wing (personal communication, April 2026)",0,,,120.796,,19.76,,33.702,47.609,33.464,47.166,31.17,5,
Hubble Bubble,WW005 (Leaf mat),Sapindales,,,,WW005_43_01,"taxonomy revised from that presented in Peppe et al. (2011) by Scott Wing (personal communication, April 2026)",0,,,142.072,,21.85,,11.27,15.11,11.085,14.925,11.75,3,
Hubble Bubble,WW005 (Leaf mat),Sapindales,,,,WW005_562_01,"taxonomy revised from that presented in Peppe et al. (2011) by Scott Wing (personal communication, April 2026)",0,,,109.712,,18.36,,20.868,42.624,20.565,42.212,29.784,2,
Hubble Bubble,WW005 (Leaf mat),Sapindales,,,,WW005_79_02,"taxonomy revised from that presented in Peppe et al. (2011) by Scott Wing (personal communication, April 2026)",0,,,78.97,,16.94,,10.222,21.765,10.054,21.525,14.78,3,
Hubble Bubble,WW006 (Hartley),,,,,0503-279,"taxonomy revised from that presented in Peppe et al. (2011) by Scott Wing (personal communication, April 2026)",1,0.04,,37.718,,4.03,,37.718,,37.718,,,0,
Hubble Bubble,WW006 (Hartley),,,,,0503-505,"taxonomy revised from that presented in Peppe et al. (2011) by Scott Wing (personal communication, April 2026)",1,0.112,,12.305,,6.51,,12.305,,12.305,,,0,
Hubble Bubble,WW006 (Hartley),,,,,0601-24,"taxonomy revised from that presented in Peppe et al. (2011) by Scott Wing (personal communication, April 2026)",1,0.102,,71.5315,,11.35,,71.5315,,71.5315,,,0,
Hubble Bubble,WW006 (Hartley),,,,,0601-246,"taxonomy revised from that presented in Peppe et al. (2011) by Scott Wing (personal communication, April 2026)",1,0.1325,,57.944,,9.47,,57.944,,57.944,,,0,
Hubble Bubble,WW006 (Hartley),,,,,0601-89,"taxonomy revised from that presented in Peppe et al. (2011) by Scott Wing (personal communication, April 2026)",1,0.125,,24.924,,6.36,,24.924,,24.924,,,0,
Hubble Bubble,WW006 (Hartley),,,,,HB0503-102,"taxonomy revised from that presented in Peppe et al. (2011) by Scott Wing (personal communication, April 2026)",1,0.111,,26.08,,7.54,,26.08,,26.08,,,0,
Hubble Bubble,WW006 (Hartley),,,,,WW006_102-01,"taxonomy revised from that presented in Peppe et al. (2011) by Scott Wing (personal communication, April 2026)",1,,,26.121,,7.7,,26.121,,26.121,,,0,
Hubble Bubble,WW006 (Hartley),,,,,WW006_109_01,"taxonomy revised from that presented in Peppe et al. (2011) by Scott Wing (personal communication, April 2026)",1,,,31.753,,8.91,,31.753,,31.753,,,0,
Hubble Bubble,WW006 (Hartley),,,,,WW006_239_01,"taxonomy revised from that presented in Peppe et al. (2011) by Scott Wing (personal communication, April 2026)",1,,,9.135,,4.08,,9.135,,9.135,,,0,
Hubble Bubble,WW006 (Hartley),,,,,WW006_90_01,"taxonomy revised from that presented in Peppe et al. (2011) by Scott Wing (personal communication, April 2026)",1,,,48.563,,9.52,,48.563,,48.563,,,0,
Hubble Bubble,WW006 (Hartley),,,,,WW006_SW0601_104_01,"taxonomy revised from that presented in Peppe et al. (2011) by Scott Wing (personal communication, April 2026)",1,,,44.14,,9.07,,44.14,,44.14,,,0,
Hubble Bubble,WW007 (Copaifera),Fabales,Fabaceae,Copaifera,,0503-182,"taxonomy revised from that presented in Peppe et al. (2011) by Scott Wing (personal communication, April 2026)",1,0.074,,5.118,,4.47,,5.118,,5.118,,,0,
Hubble Bubble,WW007 (Copaifera),Fabales,Fabaceae,Copaifera,,0503-238,"taxonomy revised from that presented in Peppe et al. (2011) by Scott Wing (personal communication, April 2026)",1,0.0355,,2.034,,2.22,,2.034,,2.034,,,0,
Hubble Bubble,WW007 (Copaifera),Fabales,Fabaceae,Copaifera,,0503-544,"taxonomy revised from that presented in Peppe et al. (2011) by Scott Wing (personal communication, April 2026)",1,0.057,,4.752,,4.09,,4.752,,4.752,,,0,
Hubble Bubble,WW007 (Copaifera),Fabales,Fabaceae,Copaifera,,0601-1185,"taxonomy revised from that presented in Peppe et al. (2011) by Scott Wing (personal communication, April 2026)",1,,,9.368,,5.94,,9.368,,9.368,,,0,
Hubble Bubble,WW007 (Copaifera),Fabales,Fabaceae,Copaifera,,0601-27,"taxonomy revised from that presented in Peppe et al. (2011) by Scott Wing (personal communication, April 2026)",1,0.085,,3.383,,2.89,,3.383,,3.383,,,0,
Hubble Bubble,WW007 (Copaifera),Fabales,Fabaceae,Copaifera,,0601-50,"taxonomy revised from that presented in Peppe et al. (2011) by Scott Wing (personal communication, April 2026)",1,0.044,,2.242,,2.79,,2.242,,2.242,,,0,
Hubble Bubble,WW007 (Copaifera),Fabales,Fabaceae,Copaifera,,HB0503-79,"taxonomy revised from that presented in Peppe et al. (2011) by Scott Wing (personal communication, April 2026)",1,0.053,,3.979,,3.74,,3.979,,3.979,,,0,
Hubble Bubble,WW007 (Copaifera),Fabales,Fabaceae,Copaifera,,HB0503-80,"taxonomy revised from that presented in Peppe et al. (2011) by Scott Wing (personal communication, April 2026)",1,0.06,,6.816,,5.05,,6.816,,6.816,,,0,
Hubble Bubble,WW007 (Copaifera),Fabales,Fabaceae,Copaifera,,WW007_1185_01,"taxonomy revised from that presented in Peppe et al. (2011) by Scott Wing (personal communication, April 2026)",1,0.12,,9.352,,5.91,,9.352,,9.352,,,0,
Hubble Bubble,WW007 (Copaifera),Fabales,Fabaceae,Copaifera,,WW007_218_01,"taxonomy revised from that presented in Peppe et al. (2011) by Scott Wing (personal communication, April 2026)",1,,,8.932,,5.7,,8.932,,8.932,,,0,
Hubble Bubble,WW007 (Copaifera),Fabales,Fabaceae,Copaifera,,WW007_4_01,"taxonomy revised from that presented in Peppe et al. (2011) by Scott Wing (personal communication, April 2026)",1,,,5.257,,5.01,,5.257,,5.257,,,0,
Hubble Bubble,WW008 (Populus wyomingiana),Malpighiales,Salicaceae,Populus,wyomingiana, WW008_256_01,"taxonomy revised from that presented in Peppe et al. (2011) by Scott Wing (personal communication, April 2026)",0,,,71.67,,15.16,,6.838,13.563,6.7067,13.302,9.13,8,
Hubble Bubble,WW008 (Populus wyomingiana),Malpighiales,Salicaceae,Populus,wyomingiana,0503-176,"taxonomy revised from that presented in Peppe et al. (2011) by Scott Wing (personal communication, April 2026)",0,0.232,,21.768,,7.34,,9.552,23.424,9.366,22.671,14.77,10,
Hubble Bubble,WW008 (Populus wyomingiana),Malpighiales,Salicaceae,Populus,wyomingiana,WW008_154_01,"taxonomy revised from that presented in Peppe et al. (2011) by Scott Wing (personal communication, April 2026)",0,,,168.394,,19.06,,59.334,103.181,58.791,102.597,84.9,8,
Hubble Bubble,WW008 (Populus wyomingiana),Malpighiales,Salicaceae,Populus,wyomingiana,WW008_190_01,"taxonomy revised from that presented in Peppe et al. (2011) by Scott Wing (personal communication, April 2026)",0,,,132.734,,15.73,,34.693,71.449,34.588,71.241,61.42,9,
Hubble Bubble,WW008 (Populus wyomingiana),Malpighiales,Salicaceae,Populus,wyomingiana,WW008_199_01,"taxonomy revised from that presented in Peppe et al. (2011) by Scott Wing (personal communication, April 2026)",0,,,20.664,,7.75,,7.359,16.754,7.287,16.564,8.57,7,
Hubble Bubble,WW008 (Populus wyomingiana),Malpighiales,Salicaceae,Populus,wyomingiana,WW008_2_01,"taxonomy revised from that presented in Peppe et al. (2011) by Scott Wing (personal communication, April 2026)",0,,,87.22,,13.4,,26.661,55.178,26.134,53.223,38.19,37,
Hubble Bubble,WW008 (Populus wyomingiana),Malpighiales,Salicaceae,Populus,wyomingiana,WW008_257_01,"taxonomy revised from that presented in Peppe et al. (2011) by Scott Wing (personal communication, April 2026)",0,,,8.434,,5.01,,2.914,12.662,2.82,12.018,8.76,13,
Hubble Bubble,WW008 (Populus wyomingiana),Malpighiales,Salicaceae,Populus,wyomingiana,WW008_528_03,"taxonomy revised from that presented in Peppe et al. (2011) by Scott Wing (personal communication, April 2026)",0,,,36.829,,11.82,,12.662,30.258,12.475,29.853,23.82,12,
Hubble Bubble,WW010 (Salix?),Malpighiales,Salicaceae,,,WW010_189_01,,0,,,8.09,,6.51,,3.421,18.986,3.2856,17.841,11.3,28,
Hubble Bubble,WW010 (Salix?),Malpighiales,Salicaceae,,,WW010_194_01,,0,,,100.814,,17.13,,11.306,22.672,10.993,22.313,18.66,6,
Hubble Bubble,WW010 (Salix?),Malpighiales,Salicaceae,,,WW010_195_01,,0,,,52.781,,11.79,,19.166,48.278,18.642,46.622,37.4,29,
Hubble Bubble,WW010 (Salix?),Malpighiales,Salicaceae,,,WW010_341_01,,0,,,27.492,,9.63,,1.529,9.809,1.504,9.69,7.08,2,
Hubble Bubble,WW011 (plain phat),Fabales,Fabaceae,Swartzia,,0601-198,,1,0.182,,39.852,,10.7,,39.852,,39.852,,,0,
Hubble Bubble,WW014 (Rhus?),Sapindales,,"""Rhus""",nigricans,0503-511,"taxonomy revised from that presented in Peppe et al. (2011) by Scott Wing (personal communication, April 2026)",0,0.075,,3.148,,4.01,,0.932,7.957,0.425,7.336,4.21,6,
Hubble Bubble,WW014 (Rhus?),Sapindales,,"""Rhus""",nigricans,0601-217,"taxonomy revised from that presented in Peppe et al. (2011) by Scott Wing (personal communication, April 2026)",0,0.073,,5.102,,6.21,,4.602,32.332,1.936,14.112,4.03,23,
Hubble Bubble,WW014 (Rhus?),Sapindales,,"""Rhus""",nigricans,WW028_122_01,"taxonomy revised from that presented in Peppe et al. (2011) by Scott Wing (personal communication, April 2026)",0,,,15.51,,7.93,,9.522,18.198,8.544,15.982,7.26,12,
Hubble Bubble,WW019 (Bristle Tip),,,,,WW019_47_01,,0,,,8.755,,6.65,,2.695,11.916,2.676,10.799,6.28,11,
Hubble Bubble,WW019 (Bristle Tip),,,,,WW019_553_01,,0,,,,,,,1.653,15.506,1.537,15.033,9.04,10,
Hubble Bubble,WW021 (NOT cercidiphyllum),,,,,WW021_224_03,,0,,,60.982,,8.89,,10.135,31.462,9.853,30.451,24.36,5,
Hubble Bubble,WW021 (Tiny Tooth),,,,,WW022_96_01,,0,,,11.59,,3.68,,2.662,16.133,2.629,15.751,11.62,7,
Hubble Bubble,WW024 (string vein),,,,,0503-264,,1,0.103,,8.062,,7.16,,8.062,,8.062,,,0,
Laguna del Hunco,TY017,Fabales,,,,LH02-0117 1,"taxonomy revised from that presented in Peppe et al. (2011) by Peter Wilf (personal communication, April 2026)",1,0.116736591,,5.27,,4.766,,5.27,,5.27,,,0,
Laguna del Hunco,TY017,Fabales,,,,LH02-0217 1,"taxonomy revised from that presented in Peppe et al. (2011) by Peter Wilf (personal communication, April 2026)",1,0.094885249,,4.501,,5.309,,4.501,,4.501,,,0,
Laguna del Hunco,TY017,Fabales,,,,LH02-1246,"taxonomy revised from that presented in Peppe et al. (2011) by Peter Wilf (personal communication, April 2026)",1,0.109198108,,7.859,,6.913,,7.859,,7.859,,,0,
Laguna del Hunco,TY018,Sapindales,Sapindaceae,“Schmidelia”,proedulis,LH13-1029,,0,,,2.546,,3.335,,1.881638101,9.920851115,1.663900902,8.220192952,2.646079532,12,
Laguna del Hunco,TY018,Sapindales,Sapindaceae,“Schmidelia”,proedulis,LH04-32,,0,,,23.888,,13.362,,21.764,31.501,20.181,26.815,1.41,24,
Laguna del Hunco,TY018,Sapindales,Sapindaceae,“Schmidelia”,proedulis,LH04-0163,,0,,,,,,,23.222,29.149,21.61,26.163,15.31,7,
Laguna del Hunco,TY018,Sapindales,Sapindaceae,“Schmidelia”,proedulis,BLANK14,,0,,,,,,,7.027,15.798,6.381,12.627,2.729,15,
Laguna del Hunco,TY018,Sapindales,Sapindaceae,“Schmidelia”,proedulis,BLANK15,,0,,,,,,,1.893,10.471,1.644,8.26,4.147,13,
Laguna del Hunco,TY018,Sapindales,Sapindaceae,“Schmidelia”,proedulis,LH06-0142,,0,,,18.407,,11.673,,3.184110657,12.51458429,2.848084649,11.59966653,7.45,5,
Laguna del Hunco,TY018,Sapindales,Sapindaceae,“Schmidelia”,proedulis,LH04-0092,,0,0.059972472,,,,,,5.346,12.224,4.857,10.46,1.377,9,
Laguna del Hunco,TY018,Sapindales,Sapindaceae,“Schmidelia”,proedulis,LH23-0037,,0,0.115342258,,,,,,2.103139316,11.05344093,1.837920143,8.829238698,4.523687998,14,
Laguna del Hunco,TY019,Fagales,Fagaceae,Castaneophyllum,patagonica,LH13-1109,taxonomy revised from that presented in Peppe et al. (2011) by Wilf et al. (2019; https://doi.org/10.1126/science.aaw5139),0,0.296496517,,88.667,,19.371,,47.71718671,47.2705159,46.14088042,40.93835871,18.6399003,15,
Laguna del Hunco,TY019,Fagales,Fagaceae,Castaneophyllum,patagonica,LH15-1000,taxonomy revised from that presented in Peppe et al. (2011) by Wilf et al. (2019; https://doi.org/10.1126/science.aaw5139),0,0.212,,74.612,,15.964,,75.25550808,56.48994184,70.84076606,40.32176069,0,28,
Laguna del Hunco,TY019,Fagales,Fagaceae,Castaneophyllum,patagonica,LH04-0089,taxonomy revised from that presented in Peppe et al. (2011) by Wilf et al. (2019; https://doi.org/10.1126/science.aaw5139),0,,,,,,,36.84486141,34.3554171,35.50574563,33.07630043,7.71,18,
Laguna del Hunco,TY019,Fagales,Fagaceae,Castaneophyllum,patagonica,LH23-0038,taxonomy revised from that presented in Peppe et al. (2011) by Wilf et al. (2019; https://doi.org/10.1126/science.aaw5139),0,,,21.339,,10.254,,10.00438186,18.26342565,9.639740894,17.96781357,8.715404167,11,
Laguna del Hunco,TY019,Fagales,Fagaceae,Castaneophyllum,patagonica,LH16-0001 ,taxonomy revised from that presented in Peppe et al. (2011) by Wilf et al. (2019; https://doi.org/10.1126/science.aaw5139),0,,,22.746,,10.066,,18.96853574,23.36485524,18.51253875,21.68991378,5.82,18,
Laguna del Hunco,TY019,Fagales,Fagaceae,Castaneophyllum,patagonica,LH04-47-2,taxonomy revised from that presented in Peppe et al. (2011) by Wilf et al. (2019; https://doi.org/10.1126/science.aaw5139),0,,,4.694,,4.262,,4.331,9.892,4.136,9.209,1.042,23,
Laguna del Hunco,TY019,Fagales,Fagaceae,Castaneophyllum,patagonica,LH04-1200,taxonomy revised from that presented in Peppe et al. (2011) by Wilf et al. (2019; https://doi.org/10.1126/science.aaw5139),,0.230813169,,29.01,,9.557,,,,,,,,
Laguna del Hunco,TY020,Sapindales,Anacardiaceae,Dobineaites,ameghenoi,LH04-1319,taxonomy revised from that presented in Peppe et al. (2011) by Wilf et al. (2024; https://doi.org/10.5710/AMGH.21.02.2024.3586),0,,,73.22,,13.899,,58.58521455,64.83218148,55.66634519,45.98573429,17.906327,60,4
Laguna del Hunco,TY020,Sapindales,Anacardiaceae,Dobineaites,ameghenoi,LH04-1038,taxonomy revised from that presented in Peppe et al. (2011) by Wilf et al. (2024; https://doi.org/10.5710/AMGH.21.02.2024.3586),0,,,21.871,,7.969,,11.85439315,32.44041318,11.26526778,28.60648051,18.59,32,
Laguna del Hunco,TY020,Sapindales,Anacardiaceae,Dobineaites,ameghenoi,LH04-1155,taxonomy revised from that presented in Peppe et al. (2011) by Wilf et al. (2024; https://doi.org/10.5710/AMGH.21.02.2024.3586),0,0.127,,8.645,,6.312,,5.811128594,19.50361902,5.518164725,17.70885139,8.42,28,1
Laguna del Hunco,TY020,Sapindales,Anacardiaceae,Dobineaites,ameghenoi,LH13-0050,taxonomy revised from that presented in Peppe et al. (2011) by Wilf et al. (2024; https://doi.org/10.5710/AMGH.21.02.2024.3586),0,0.064484542,,8.296,,3.805,,3.702116152,9.239999333,3.531279868,7.77879519,4.537660971,15,
Laguna del Hunco,TY020,Sapindales,Anacardiaceae,Dobineaites,ameghenoi,LH17-0002,taxonomy revised from that presented in Peppe et al. (2011) by Wilf et al. (2024; https://doi.org/10.5710/AMGH.21.02.2024.3586),0,,,9.541,,5.915,,4.188418414,13.09021422,3.954694419,12.18189384,7.4,6,
Laguna del Hunco,TY020,Sapindales,Anacardiaceae,Dobineaites,ameghenoi,LH17-1004,taxonomy revised from that presented in Peppe et al. (2011) by Wilf et al. (2024; https://doi.org/10.5710/AMGH.21.02.2024.3586),0,0.092850923,,20.272,,6.946,,9.974570781,21.80381364,9.530392429,20.05526548,12.14,15,
Laguna del Hunco,TY020,Sapindales,Anacardiaceae,Dobineaites,ameghenoi,LH02-1083,taxonomy revised from that presented in Peppe et al. (2011) by Wilf et al. (2024; https://doi.org/10.5710/AMGH.21.02.2024.3586),0,0.051559623,,11.951,,7.588,,11.05409339,20.16236216,10.46125769,15.65753038,1.909688196,30,2
Laguna del Hunco,TY020,Sapindales,Anacardiaceae,Dobineaites,ameghenoi,LH03-0016,taxonomy revised from that presented in Peppe et al. (2011) by Wilf et al. (2024; https://doi.org/10.5710/AMGH.21.02.2024.3586),0,,,12.837,,6.47,,8.374727833,18.79329033,8.031121356,17.13773088,10.47,13,1
Laguna del Hunco,TY020,Sapindales,Anacardiaceae,Dobineaites,ameghenoi,LH20-0046,taxonomy revised from that presented in Peppe et al. (2011) by Wilf et al. (2024; https://doi.org/10.5710/AMGH.21.02.2024.3586),0,,,84.417,,17.944,,35.98424659,51.68831048,34.54901397,47.61130792,33.93,23,
Laguna del Hunco,TY020,Sapindales,Anacardiaceae,Dobineaites,ameghenoi,LH04-0123,taxonomy revised from that presented in Peppe et al. (2011) by Wilf et al. (2024; https://doi.org/10.5710/AMGH.21.02.2024.3586),0,,,23.742,,9.864,,10.20109319,20.38138444,9.958955793,19.17527238,11.96,20,
Laguna del Hunco,TY020,Sapindales,Anacardiaceae,Dobineaites,ameghenoi,LH17-0049,taxonomy revised from that presented in Peppe et al. (2011) by Wilf et al. (2024; https://doi.org/10.5710/AMGH.21.02.2024.3586),0,,,20.258,,8.063,,5.700521752,12.7131636,5.486787385,12.02011814,6.78,12,2
Laguna del Hunco,TY021,Myrtales,Myrtaceae,Eucalyptus,freguelliana,LH13-1468,taxonomy revised from that presented in Peppe et al. (2011) by Hermsen et al. (2012; https://doi.org/10.3732/ajb.1200025),1,,,9.049,,9.004,,9.049,,9.049,,,0,
Laguna del Hunco,TY021,Myrtales,Myrtaceae,Eucalyptus,freguelliana,"LH13-1259, LH13-1260",taxonomy revised from that presented in Peppe et al. (2011) by Hermsen et al. (2012; https://doi.org/10.3732/ajb.1200025),1,,,17.481,,8.754,,17.481,,17.481,,,0,
Laguna del Hunco,TY021,Myrtales,Myrtaceae,Eucalyptus,freguelliana,LH13-0019,taxonomy revised from that presented in Peppe et al. (2011) by Hermsen et al. (2012; https://doi.org/10.3732/ajb.1200025),1,0.140483464,,8.278,,9.267,,8.278,,8.278,,,0,
Laguna del Hunco,TY022,Myrtales,Myrtaceae,,,LH02-1034,"taxonomy revised from that presented in Peppe et al. (2011) by Peter Wilf (personal communication, April 2026)",1,,,10.016,,9.027,,10.016,,10.016,,,0,
Laguna del Hunco,TY022,Myrtales,Myrtaceae,,,LH04-0087,"taxonomy revised from that presented in Peppe et al. (2011) by Peter Wilf (personal communication, April 2026)",1,,,30.569,,13.296,,30.569,,30.569,,,0,
Laguna del Hunco,TY022,Myrtales,Myrtaceae,,,BLANK16,"taxonomy revised from that presented in Peppe et al. (2011) by Peter Wilf (personal communication, April 2026)",1,,,8.682,,7.283,,8.682,,8.682,,,0,
Laguna del Hunco,TY023,Malvales,Malvaceae,,,LH11-0001,,1,,,52.418,,11.693,,52.418,,52.418,,,0,
Laguna del Hunco,TY023,Malvales,Malvaceae,,,LH04-0091,,1,0.073089802,,19.232,,6.753,,19.232,,19.232,,,0,
Laguna del Hunco,TY023,Malvales,Malvaceae,,,LH06-0167,,0,,,26.635,,8.351,,26.635,28.593,26.368,27.867,0,1,
Laguna del Hunco,TY023,Malvales,Malvaceae,,,LH15-0017,,1,0.169214582,,36.875,,14.192,,36.875,,36.875,,,0,
Laguna del Hunco,TY023,Malvales,Malvaceae,,,LHF-0016,,1,,,11.213,,5.87,,11.213,,11.213,,,0,
Laguna del Hunco,TY023,Malvales,Malvaceae,,,LH04-0106,,1,0.12185303,,11.057,,7.194,,11.057,,11.057,,,0,
Laguna del Hunco,TY024,Sapindales,,,,LH17-0001,,0,,,40.573,,12.596,,7.910505768,15.11530003,7.739062691,14.40810616,6.75,4,
Laguna del Hunco,TY024,Sapindales,,,,LH17-0033,,0,,,,,,,4.048794633,12.8152621,3.410613619,10.46444672,5.834966748,4,
Laguna del Hunco,TY025,Rosales,Rhamnaceae,“Rhamnidium”,,LH04-1129,,0,,,5.181,,4.693,,3.348726886,10.85029422,3.319040575,10.18409778,4.73,28,
Laguna del Hunco,TY025,Rosales,Rhamnaceae,“Rhamnidium”,,LH04-0042,,0,,,,,,,5.236068798,13.38363615,5.21243601,12.94744745,5.78,10,
Laguna del Hunco,TY025,Rosales,Rhamnaceae,“Rhamnidium”,,LH04-0153,,0,,,5.885,,5.904,,1.833147161,8.617402501,1.819032191,8.386891597,5.35,8,
Laguna del Hunco,TY025,Rosales,Rhamnaceae,“Rhamnidium”,,LH04-1156,,0,,,15.683,,8.837,,15.38609533,19.11544794,15.38202761,19.04374016,1.033070029,8,
Laguna del Hunco,TY025,Rosales,Rhamnaceae,“Rhamnidium”,,LH04-1174,,0,,,7.663,,5.742,,4.738465947,11.33648187,4.716232819,11.05892094,4.44,13,
Laguna del Hunco,TY025,Rosales,Rhamnaceae,“Rhamnidium”,,LH04-1175 ,,0,,,9.925,,5.749,,7.405558542,13.67770923,7.350167312,13.10505871,4.05,21,
Laguna del Hunco,TY025,Rosales,Rhamnaceae,“Rhamnidium”,,LH06-0001,,0,,,25.12,,8.627,,2.969463522,7.214305566,2.964635139,7.142435488,2.287674814,6,
Laguna del Hunco,TY025,Rosales,Rhamnaceae,“Rhamnidium”,,LH04-0212,,,0.062830534,,4.616,,5.297,,,,,,,,
Laguna del Hunco,TY025,Rosales,Rhamnaceae,“Rhamnidium”,,LH04-03a,,0,0.149684299,,21.491,,8.722,,18.645,23.234,18.358,21.485,5.935,47,
Laguna del Hunco,TY025,Rosales,Rhamnaceae,“Rhamnidium”,,LH04-19,,0,,,12.577,,7.408,,4.659,10.671,4.613,10.417,5.673,14,
Laguna del Hunco,TY025,Rosales,Rhamnaceae,“Rhamnidium”,,LH04-1156,,,0.121249206,,18.82,,9.832,,,,,,,,
Laguna del Hunco,TY026,Proteales,Proteaceae,"""Lomatia""",preferruginea,LH15-0024,,0,,,11.829,,9.855,,9.161,28.556,8.93,26.343,5.218,12,
Laguna del Hunco,TY026,Proteales,Proteaceae,"""Lomatia""",preferruginea,LH15-0087,,0,,,11.829,,,,3.077,13.199,2.883,11.788,2.742,7,
Laguna del Hunco,TY026,Proteales,Proteaceae,"""Lomatia""",preferruginea,LH15-0087,,0,,,11.829,,,,2.559,12.112,2.351,10.439,3.093,8,
Laguna del Hunco,TY026,Proteales,Proteaceae,"""Lomatia""",preferruginea,LH15-0091,,0,,,6.164,,9.072,,4.663,20.637,4.296,16.578,2.338,16,
Laguna del Hunco,TY027,,,,,LH02-0001,,0,0.113902515,,7.525,,6.677,,6.093364944,18.95363402,5.930030883,16.43346743,4.8728725,61,
Laguna del Hunco,TY028,Laurales,Monimiaceae,Monimiophyllum,callidentatum,LH02-0196,taxonomy revised from that presented in Peppe et al. (2011) by Knight and Wilf (2013; https://doi.org/10.26879/386),1,0.097829927,,15.466,,7.038,,15.466,,15.466,,,0,
Laguna del Hunco,TY029,Laurales,Atherospermataceae,Atherospermophyllum,guinazui,LH22-0021,taxonomy revised from that presented in Peppe et al. (2011) by Knight and Wilf (2013; https://doi.org/10.26879/386),0,0.378402999,,50.156,,12.943,,21.96318692,36.43363948,21.39791719,30.62729982,18.7,20,
Laguna del Hunco,TY029,Laurales,Atherospermataceae,Atherospermophyllum,guinazui,LH23-0045,taxonomy revised from that presented in Peppe et al. (2011) by Knight and Wilf (2013; https://doi.org/10.26879/386),0,,,23.064,,8.004,,18.28781089,27.40967462,17.81574107,22.61914289,10.93,39,
Laguna del Hunco,TY029,Laurales,Atherospermataceae,Atherospermophyllum,guinazui,LH13-1130,taxonomy revised from that presented in Peppe et al. (2011) by Knight and Wilf (2013; https://doi.org/10.26879/386),0,0.289564661,,46.632,,12.162,,17.62539311,41.71764758,16.99692527,36.92969049,25.98,25,3
Laguna del Hunco,TY029,Laurales,Atherospermataceae,Atherospermophyllum,guinazui,LH13-1323,taxonomy revised from that presented in Peppe et al. (2011) by Knight and Wilf (2013; https://doi.org/10.26879/386),0,0.211986661,,18.004,,9.199,,14.00748305,28.6706837,13.70273766,24.3155416,9.42,61,
Laguna del Hunco,TY029,Laurales,Atherospermataceae,Atherospermophyllum,guinazui,LH13-1092,taxonomy revised from that presented in Peppe et al. (2011) by Knight and Wilf (2013; https://doi.org/10.26879/386),0,,,13.801,,7.856,,4.24184043,12.46677367,4.195242852,11.78860164,8.05,9,
Laguna del Hunco,TY030,,,,,LH04-1162,,1,0.234521355,,28.28,,8.696,,28.28,,28.28,,,0,
Laguna del Hunco,TY030,,,,,LH13-1424,,1,,,34.786,,11.409,,34.786,,34.786,,,0,
Laguna del Hunco,TY032,,,,,LH13-0001,,0,0.184100551,,79.912,,13.834,,24.33444067,31.2296135,23.84210135,26.52654057,19.27,34,8
Laguna del Hunco,TY032,,,,,LH13-1171,,0,,,64.47,,13.9927,,10.05777099,13.96920764,9.948670861,13.37018671,10.74587728,11,
Laguna del Hunco,TY032,,,,,LH13-0212,,0,,,33.581,,8.678,,7.505568177,24.51809427,7.382551016,23.20226123,19.05,21,
Laguna del Hunco,TY035,,,“Banara”,prehernandiensis,LH06-1107,,0,0.100685904,,,,,,4.888143272,22.19604314,4.660292357,19.43779931,11.73,42,
Laguna del Hunco,TY035,,,“Banara”,prehernandiensis,LH02-0259,,0,,,21.032,,9.99,,9.778355879,25.70172112,9.624365895,24.67878409,15.12,26,
Laguna del Hunco,TY035,,,“Banara”,prehernandiensis,LH02-0002,,0,,,13.612,,5.981,,7.223394151,16.55559383,7.134954566,15.90366912,12.06,18,
Laguna del Hunco,TY035,,,“Banara”,prehernandiensis,LH06-1185,,0,0.133106031,,15.364,,6.847,,5.2234203,16.20748033,5.118701594,14.84163394,10.8,20,
Laguna del Hunco,TY036,,,,,LH02-0096,,1,,,15.723,,4.875,,15.723,,15.723,,,0,
Laguna del Hunco,TY038,,,,,LH02-0152,,0,,,6.453,,7.335,,4.789719166,18.53090246,4.483494827,15.45874182,5.3131778,26,
Laguna del Hunco,TY038,,,,,LH02-0219,,0,,,,,,,29.485,26.668,28.475,24.061,12.495,14,
Laguna del Hunco,TY038,,,,,LH13-0118,,0,,,,,,,5.938,11.243,5.81,10.557,6.797,9,
Laguna del Hunco,TY038,,,,,LH13-1054,,0,,,,,,,2.409,8.465,2.207,7.424,4.357,8,
Laguna del Hunco,TY038,,,,,LH13-0271 ,,,0.223736434,,12.488,,8.826,,,,,,,,
Laguna del Hunco,TY038,,,,,LH13-0271,,0,0.115253032,,12.719,,8.935,,11.25979085,24.0477407,10.72819547,20.5203566,3.3811209,45,
Laguna del Hunco,TY041,Myrtales,Myrtaceae,"""Myrica""",deltoidea,LH02-1208,"taxonomy revised from that presented in Peppe et al. (2011) by Peter Wilf (personal communication, April 2026)",1,,,4.257,,4.028,,4.257,,4.257,,,0,
Laguna del Hunco,TY041,Myrtales,Myrtaceae,"""Myrica""",deltoidea,LH02-1267,"taxonomy revised from that presented in Peppe et al. (2011) by Peter Wilf (personal communication, April 2026)",1,0.222865412,,9.262,,6.88,,9.262,,9.262,,,0,
Laguna del Hunco,TY041,Myrtales,Myrtaceae,"""Myrica""",deltoidea,LH22-0028,"taxonomy revised from that presented in Peppe et al. (2011) by Peter Wilf (personal communication, April 2026)",1,,,9.059,,5.583,,9.059,,9.059,,,0,
Laguna del Hunco,TY042,,,“Banara”,prehernandiensis,LH04-0194,,0,,,9.905,,6.114,,6.95177684,19.43879754,6.808082185,17.69887593,7.25,42,
Laguna del Hunco,TY042,,,“Banara”,prehernandiensis,LH06-0160,,0,0.185887384,,26.596,,10.237,,11.96250172,26.97040732,11.74341834,25.01471121,13.39,29,
Laguna del Hunco,TY042,,,“Banara”,prehernandiensis,LH04-1096,,0,0.12131041,,9.728,,6.405,,7.305573713,13.532209,7.19416306,11.96398696,4.293676028,26,
Laguna del Hunco,TY042,,,“Banara”,prehernandiensis,LH04-1256,,0,,,10.816,,6.087,,7.918129541,24.89270029,7.695905045,19.78184029,11,57,
Laguna del Hunco,TY042,,,“Banara”,prehernandiensis,LH04-0093,,0,0.100957052,,9.618,,7.179,,7.710930525,19.31217727,7.575206964,18.01451825,8.26,32,
Laguna del Hunco,TY042,,,“Banara”,prehernandiensis,LH04-0128,,0,0.155662932,,16.427,,7.892,,9.661926242,21.02179755,9.519988981,19.18446448,9.85,25,
Laguna del Hunco,TY042,,,“Banara”,prehernandiensis,LH17-0021,,,0.083892232,,16.318,,8.368,,,,,,,,
Laguna del Hunco,TY042,,,“Banara”,prehernandiensis,LH04-0018,,0,,,16.453,,9.461,,6.670459224,18.30900584,6.493808468,16.92710696,8.28,23,
Laguna del Hunco,TY042,,,“Banara”,prehernandiensis,LH04-0222,,0,0.161236706,,9.459,,5.501,,5.987037819,14.04845561,5.902049655,12.76553569,6.025896899,20,
Laguna del Hunco,TY043,Apiales,Escalloniaceae,Escallonia,,LH02-0075,,0,,,8.452,,6.979,,3.397850947,13.88943838,3.31015969,10.93563177,6.62,48,9
Laguna del Hunco,TY043,Apiales,Escalloniaceae,Escallonia,,LH02-0006,,0,,,15.292,,8.54,,7.290574292,20.32683398,7.169847203,17.36869733,7.49,49,3
Laguna del Hunco,TY043,Apiales,Escalloniaceae,Escallonia,,LH02-0031,,0,0.073603382,,17.827,,7.447,,2.790001087,11.78286327,2.712033226,10.47006615,8.57,13,
Laguna del Hunco,TY043,Apiales,Escalloniaceae,Escallonia,,LH02-0075,,,,,1.253,,2.616,,,,,,,,
Laguna del Hunco,TY043,Apiales,Escalloniaceae,Escallonia,,LH02-0153,,0,0.089732296,,16.137,,8.792,,6.545529381,20.34408466,6.445603845,17.91949937,10.48,43,
Laguna del Hunco,TY043,Apiales,Escalloniaceae,Escallonia,,LH02-1088,,,,,4.606,,4.338,,,,,,,,
Laguna del Hunco,TY043,Apiales,Escalloniaceae,Escallonia,,LH18-0020,,,,,8.196,,6.203,,,,,,,,
Laguna del Hunco,TY043,Apiales,Escalloniaceae,Escallonia,,LH02-0031,,,,,21.23,,7.859,,,,,,,,
Laguna del Hunco,TY043,Apiales,Escalloniaceae,Escallonia,,LH02-0153,,,0.084198246,,18.376,,9.336,,,,,,,,
Laguna del Hunco,TY044,Proteales,Proteaceae,"""Lomatia""",occidentalis,BLANK17,,,,,12.671,,10.74,,,,,,,,
Laguna del Hunco,TY044,Proteales,Proteaceae,"""Lomatia""",occidentalis,LH04-1047,,,,,15.276,,11.416,,,,,,,,
Laguna del Hunco,TY044,Proteales,Proteaceae,"""Lomatia""",occidentalis,LH04-1047,,,,,29.999,,13.204,,,,,,,,
Laguna del Hunco,TY044,Proteales,Proteaceae,"""Lomatia""",occidentalis,LH04-10,,0,,,37.305,,12.902,,36.178,70.381,34.485,65.269,7.25,43,
Laguna del Hunco,TY044,Proteales,Proteaceae,"""Lomatia""",occidentalis,LH04-1163,,,,,13.942,,8.573,,,,,,,,
Laguna del Hunco,TY044,Proteales,Proteaceae,"""Lomatia""",occidentalis,LH04-1106,,,,,7.367,,8.787,,,,,,,,
Laguna del Hunco,TY044,Proteales,Proteaceae,"""Lomatia""",occidentalis,LH02-1037,,,,,4.939,,6.635,,,,,,,,
Laguna del Hunco,TY044,Proteales,Proteaceae,"""Lomatia""",occidentalis,LH13-1374,,,0.108,,3.494,,5.015,,,,,,,,
Laguna del Hunco,TY044,Proteales,Proteaceae,"""Lomatia""",occidentalis,LH02-0040,,,0.123858719,,4.46,,4.969,,,,,,,,
Laguna del Hunco,TY044,Proteales,Proteaceae,"""Lomatia""",occidentalis,LH04-0112,,,,,7.804,,6.972,,,,,,,,
Laguna del Hunco,TY044,Proteales,Proteaceae,"""Lomatia""",occidentalis,LH04-1251,,0,,,13.894,,9.519,,11.07692258,47.50512277,10.47037142,40.27874518,9.5530872,43,1
Laguna del Hunco,TY044,Proteales,Proteaceae,"""Lomatia""",occidentalis,LH02-0325,,,,,11.532,,6.372,,,,,,,,
Laguna del Hunco,TY044,Proteales,Proteaceae,"""Lomatia""",occidentalis,LH02-0327,,0,0.088583959,,11.87,,9.957,,5.394245097,16.43220049,5.059546805,15.67000329,4.97,10,
Laguna del Hunco,TY044,Proteales,Proteaceae,"""Lomatia""",occidentalis,LHF-0040,,0,,,6.5551,,6.579,,3.913942724,29.52438674,3.835779485,27.91843393,4.62,37,
Laguna del Hunco,TY044,Proteales,Proteaceae,"""Lomatia""",occidentalis,LH02-1036,,0,,,11.347,,8.971,,9.957500107,37.77325416,9.653810969,34.48801213,5.66,39,
Laguna del Hunco,TY044,Proteales,Proteaceae,"""Lomatia""",occidentalis,LH04-1044,,0,,,7.214,,6.085,,4.21776468,20.89481143,4.126837167,19.36280377,10.53,20,
Laguna del Hunco,TY044,Proteales,Proteaceae,"""Lomatia""",occidentalis,LH04-1254,,0,,,8.866,,6.713,,5.510143026,13.05945903,5.114268082,11.55983294,4.58,9,
Laguna del Hunco,TY044,Proteales,Proteaceae,"""Lomatia""",occidentalis,LH15-1008,,0,,,14.13,,10.783,,12.02299072,43.38493131,11.63032591,40.22867908,4.52,34,
Laguna del Hunco,TY044,Proteales,Proteaceae,"""Lomatia""",occidentalis,LH02-0014,,0,,,43.176,,12.749,,21.14844563,48.38474546,20.40719303,44.92696722,13.51,17,1
Laguna del Hunco,TY045,,,,,LH04-1222,,0,,,,,,,7.357738447,11.22015067,7.118778341,10.71234525,7.8,1,
Laguna del Hunco,TY045,,,,,LH02-0010,,0,,,,,,,17.94322474,18.79829635,16.2621048,16.2479646,7.499366184,2,
Laguna del Hunco,TY046,Malphigales,Euphorbiaceae,Macaranga,kirkjohnsonii,LH04-1035,taxonomy revised from that presented in Peppe et al. (2011) by Wilf et al. (2023; https://doi.org/10.1002/ajb2.16169),1,0.268669055,,42.022,,9.007,,42.022,,42.022,,,0,
Laguna del Hunco,TY048,,,,,LH12-0001,,0,,,21.627,,9.799,,5.143470293,10.98233651,4.724978044,9.477820365,6.27,4,
Laguna del Hunco,TY053,,,,,LH23-0045,,1,,,22.398,,7.064,,22.398,,22.398,,,0,
Laguna del Hunco,TY054,,,,,LH02-0110 ,,1,,,4.898,,5.103,,4.898,,4.898,,,0,
Laguna del Hunco,TY054,,,,,LH02-1080 ,,1,,,6.652,,6.414,,6.652,,6.652,,,0,
Laguna del Hunco,TY054,,,,,LH06-0027,,1,,,8.371,,8.763,,8.371,,8.371,,,0,
Laguna del Hunco,TY056,,,,,LH06-0292,,1,,,21.624,,9.537,,21.624,,21.624,,,0,
Laguna del Hunco,TY056,,,,,LH04-0178,,1,0.089770205,,12.35,,9.945,,12.35,,12.35,,,0,
Laguna del Hunco,TY056,,,,,LH13-1072,,1,0.190723757,,28.995,,11.418,,28.995,,28.995,,,0,
Laguna del Hunco,TY056,,,,,LH06-1304,,1,,,11.545,,6.007,,11.545,,11.545,,,0,
Laguna del Hunco,TY056,,,,,LH04-1146,,1,,,19.59,,10.302,,19.59,,19.59,,,0,
Laguna del Hunco,TY057,,,,,LH19-0001,,0,0.265556796,,46.719,,9.753,,5.497969807,15.89466203,5.270536179,14.87934655,7.34,12,
Laguna del Hunco,TY057,,,,,LH13-1061,,0,0.139844367,,29.893,,9.445,,10.11496968,15.77456949,9.95751676,15.13198023,6.08779182,9,
Laguna del Hunco,TY057,,,,,LH13-1145,,0,0.161202982,,,,,,7.643671875,20.05753471,7.489492188,19.08238229,13.37,12,
Laguna del Hunco,TY058,,,,,LH15-0036,,0,0.115845127,,4.416,,5.395,,0.332535652,3.312770141,0.328534391,3.160788675,1.73,4,
Laguna del Hunco,TY059,,,,,LH04-0161,,1,,,12.547,,6.198,,12.547,,12.547,,,0,
Laguna del Hunco,TY060,,,,,LH25-0015,,1,0.148003717,,10.596,,6.754,,10.596,,10.596,,,0,
Laguna del Hunco,TY061,,Atherospermataceae,“Myrica”,mira,LH06-1002,"taxonomy revised from that presented in Peppe et al. (2011) by Peter Wilf (personal communication, April 2026)",0,0.099004332,,9.448,,8.616,,8.108510439,24.26920785,7.739095637,21.78711033,4.8309886,34,
Laguna del Hunco,TY061,,Atherospermataceae,“Myrica”,mira,LH06-0170,"taxonomy revised from that presented in Peppe et al. (2011) by Peter Wilf (personal communication, April 2026)",0,,,14.002,,10.309,,9.167908341,20.43080778,9.018355651,18.93348124,10.32,16,
Laguna del Hunco,TY061,,Atherospermataceae,“Myrica”,mira,LH06-1001,"taxonomy revised from that presented in Peppe et al. (2011) by Peter Wilf (personal communication, April 2026)",,,,17.191,,12.11,,,,,,,,
Laguna del Hunco,TY061,,Atherospermataceae,“Myrica”,mira,LH06-1065,"taxonomy revised from that presented in Peppe et al. (2011) by Peter Wilf (personal communication, April 2026)",0,0.14304257,,19.863,,11.119,,6.096893113,20.13225335,5.887154562,18.77762827,12.74,19,
Laguna del Hunco,TY061,,Atherospermataceae,“Myrica”,mira,LH06-1077,"taxonomy revised from that presented in Peppe et al. (2011) by Peter Wilf (personal communication, April 2026)",0,,,18.649,,10.918,,6.005234269,16.76677374,5.85833522,15.59532406,10,10,
Laguna del Hunco,TY061,,Atherospermataceae,“Myrica”,mira,LH06-0031,"taxonomy revised from that presented in Peppe et al. (2011) by Peter Wilf (personal communication, April 2026)",0,0.141179375,,9.129,,6.773,,3.197432984,9.908594385,3.153034597,9.493211298,5.061562424,14,
Laguna del Hunco,TY061,,Atherospermataceae,“Myrica”,mira,LH13-0116,"taxonomy revised from that presented in Peppe et al. (2011) by Peter Wilf (personal communication, April 2026)",0,,,5.592,,5.129,,2.082740802,9.229045914,2.027625241,8.349349415,4.68,10,
Laguna del Hunco,TY061,,Atherospermataceae,“Myrica”,mira,LH13-0210,"taxonomy revised from that presented in Peppe et al. (2011) by Peter Wilf (personal communication, April 2026)",0,,,3.491,,4.414,,0.953228442,6.614204925,0.891762001,5.103023419,1.055622578,10,
Laguna del Hunco,TY061,,Atherospermataceae,“Myrica”,mira,LH13-0267,"taxonomy revised from that presented in Peppe et al. (2011) by Peter Wilf (personal communication, April 2026)",0,,,10.784,,8.809,,4.04473097,15.78158589,3.942598562,14.67003463,4.49,13,
Laguna del Hunco,TY061,,Atherospermataceae,“Myrica”,mira,LH20-0035,"taxonomy revised from that presented in Peppe et al. (2011) by Peter Wilf (personal communication, April 2026)",0,,,7.259,,8.834,,3.683427222,11.6479798,3.597206949,10.88328067,7.14,9,
Laguna del Hunco,TY061,,Atherospermataceae,“Myrica”,mira,LH06-1079,"taxonomy revised from that presented in Peppe et al. (2011) by Peter Wilf (personal communication, April 2026)",0,,,9.109,,7.403,,1.668455368,6.487458032,1.625733633,5.900016562,3.659985462,7,
Laguna del Hunco,TY061,,Atherospermataceae,“Myrica”,mira,LH25-0028,"taxonomy revised from that presented in Peppe et al. (2011) by Peter Wilf (personal communication, April 2026)",0,0.14612764,,25.453,,13.761,,12.65791581,33.29784987,12.40259855,31.4963349,18.96,20,
Laguna del Hunco,TY062,,,,,LH15-0025,,0,0.204834586,,41.563,,9.012,,27.91751793,40.56914176,26.78214602,31.25111976,20.5033206,34,8
Laguna del Hunco,TY064,,,,,LH15-0038,,0,,,4.114,,3.753,,3.755325921,11.29059927,3.399627039,8.168968178,0.991442373,25,
Laguna del Hunco,TY064,,,,,LH15-0038,,,0.073443676,,3.94,,3.042,,,,,,,,
Laguna del Hunco,TY068,,,,,LH25-0010,,1,0.156681003,,15.918,,8.697,,15.918,,15.918,,,0,
Laguna del Hunco,TY069,,,,,LH06-0073,,1,0.083446712,,13.339,,9.434,,13.339,,13.339,,,0,
Laguna del Hunco,TY070,,,,,LH18-0007,,,,,58.685,,17.786,,,,,,,,
Laguna del Hunco,TY070,,,,,LH02-1070,,0,,,,,,,13.677,22.094,13.115,21.619,11.577,8,
Laguna del Hunco,TY070,,,,,LH18-0007,,0,,,23.584,,10.271,,6.621431043,14.11258897,6.618232659,14.02325196,7.4,1,
Laguna del Hunco,TY070,,,,,LH02-0149,,0,,,20.044,,9.995,,5.621268213,14.19842106,5.528241267,13.76999791,8.86,3,
Laguna del Hunco,TY073,,,,,LH13-0094,,0,,,22.032,,8.754,,20.63728363,19.37129209,19.73650629,18.3060708,3.52,8,
Laguna del Hunco,TY075,Myrtales,"""Myrtaceae""",,,LH02-1140 ,,1,,,17.769,,12.061,,17.769,,17.769,,,0,
Laguna del Hunco,TY076,,,,,LH13-1331,,1,0.182142672,,16.37,,9.217,,16.37,,16.37,,,0,
Laguna del Hunco,TY076,,,,,LH13-1447,,1,,,16.92,,6.467,,16.92,,16.92,,,0,
Laguna del Hunco,TY077,,,,,LH02-0091,,1,,,7.218,,4.217,,7.218,,7.218,,,0,
Laguna del Hunco,TY079,,,,,LH06-0146,,1,0.107839735,,11.004,,4.773,,11.004,,11.004,,,0,
Laguna del Hunco,TY080,,,,,LH17-0028,,,0.078931333,,4.534,,4.809,,,,,,,,
Laguna del Hunco,TY080,,,,,LH17-0028,,0,0.078569023,,5.364,,6.155,,3.433914657,9.014377351,3.366186541,8.63303105,1.29,7,
Laguna del Hunco,TY081,,,,,LH21-0006,,1,,,25.117,,7.019,,25.117,,25.117,,,0,
Laguna del Hunco,TY082,,,,,LH15-0052,,0,,,9.372,,5.716,,1.143254713,6.031529757,0.963495101,5.190349439,3.49,3,
Laguna del Hunco,TY084,Laurales,Lauraceae,,,LH13-0056,,1,0.225537042,,19.196,,10.5,,19.196,,19.196,,,0,
Laguna del Hunco,TY084,Laurales,Lauraceae,,,LH01-0011,,1,0.152285927,,12.172,,7.25,,12.172,,12.172,,,0,
Laguna del Hunco,TY084,Laurales,Lauraceae,,,LH02-0271,,1,,,2.44,,3.892,,2.44,,2.44,,,0,
Laguna del Hunco,TY084,Laurales,Lauraceae,,,LH02-1001,,1,0.164031935,,12.059,,6.581,,12.059,,12.059,,,0,
Laguna del Hunco,TY084,Laurales,Lauraceae,,,LH13-0056,,1,0.087256409,,18.923,,10.334,,18.923,,18.923,,,0,
Laguna del Hunco,TY084,Laurales,Lauraceae,,,LH22-0025,,1,0.141651001,,26.149,,10.225,,26.149,,26.149,,,0,
Laguna del Hunco,TY084,Laurales,Lauraceae,,,LH25-0007,,1,0.155099939,,15.062,,6.375,,15.062,,15.062,,,0,
Laguna del Hunco,TY084,Laurales,Lauraceae,,,LH13-1422,,1,,,11.57,,7.914,,11.57,,11.57,,,0,
Laguna del Hunco,TY084,Laurales,Lauraceae,,,LH13-1053,,1,,,15.626,,10.17,,15.626,,15.626,,,0,
Laguna del Hunco,TY084,Laurales,Lauraceae,,,LH04-1227,,1,,,12.39,,7.908,,12.39,,12.39,,,0,
Laguna del Hunco,TY084,Laurales,Lauraceae,,,LH02-1048,,1,0.095233415,,9.378,,6.35,,9.378,,9.378,,,0,
Laguna del Hunco,TY084,Laurales,Lauraceae,,,LH13-1034 ,,1,0.174837082,,19.779,,9.05,,19.779,,19.779,,,0,
Laguna del Hunco,TY101,Brassicales,Akaniaceae,Akania,patagonica,LH06-0238,,0,,,5.084,,3.704,,2.622979778,12.2467171,2.504447708,9.909473873,4.66,10,
Laguna del Hunco,TY101,Brassicales,Akaniaceae,Akania,patagonica,LH24-0004,,0,0.095614288,,11.097,,5.922,,2.198924921,7.391090039,2.10579623,6.421615433,3.522519976,4,
Laguna del Hunco,TY101,Brassicales,Akaniaceae,Akania,patagonica,LH04-1037,,0,0.154,,41.637,,14.126,,10.21243461,15.43205684,10.18467039,14.78629207,9.036821563,5,
Laguna del Hunco,TY101,Brassicales,Akaniaceae,Akania,patagonica,LH13-1435,,0,,,15.238,,7.813,,5.747417259,13.52271411,5.703900144,13.04425728,8.3,4,
Laguna del Hunco,TY101 ,Brassicales,Akaniaceae,Akania,patagonica,LH04-1067,,,0.132541342,,39.478,,11.44,,,,,,,,
Laguna del Hunco,TY102,Laurales,Monimiaceae,,,LH02-0083,taxonomy revised from that presented in Peppe et al. (2011) by Knight (2012; MS Thesis; https://etda.libraries.psu.edu/catalog/15222),0,0.052574361,,6.291,,5.328,,2.155411428,12.37812157,2.121822132,11.54717928,7.07,19,
Laguna del Hunco,TY103,,,,,LH02-0313,,0,0.046914514,,4.904,,4.368,,4.234947271,14.29337011,4.183138712,13.49726261,5.31,45,
Laguna del Hunco,TY103,,,,,LH24-15,,0,,,,,,,1.08,4.825,1.062,4.437,2.319,24,
Laguna del Hunco,TY104,,,,,LH13-0006,,0,,,8.659,,8.259,,6.200534976,22.91183587,5.868633649,20.39837409,6.5606205,25,
Laguna del Hunco,TY104,,,,,LH13-1548 ,,0,,,3.815,,5.091,,1.577041688,9.140895667,1.545315635,8.782865793,5.55,9,
Laguna del Hunco,TY105,Sapindales,Sapindaceae,"""Cupania""",grosse-serrata,LH13-1565,"taxonomy revised from that presented in Peppe et al. (2011) by Peter Wilf (personal communication, April 2026)",,0.203800246,,29.888,,11.488,,,,,,,,
Laguna del Hunco,TY105,Sapindales,Sapindaceae,"""Cupania""",grosse-serrata,LH15-0021,"taxonomy revised from that presented in Peppe et al. (2011) by Peter Wilf (personal communication, April 2026)",0,,,28.341,,11.346,,19.00709502,35.91287794,17.7079095,29.05554102,9.5473373,23,
Laguna del Hunco,TY105,Sapindales,Sapindaceae,"""Cupania""",grosse-serrata,LH06-1154,"taxonomy revised from that presented in Peppe et al. (2011) by Peter Wilf (personal communication, April 2026)",0,,,,,,,6.674541012,18.99320915,6.370251764,16.48366642,8.75,27,
Laguna del Hunco,TY105,Sapindales,Sapindaceae,"""Cupania""",grosse-serrata,LH13-1165,"taxonomy revised from that presented in Peppe et al. (2011) by Peter Wilf (personal communication, April 2026)",0,,,,,,,5.883279988,16.73592164,5.532620028,14.68117916,8,19,
Laguna del Hunco,TY105,Sapindales,Sapindaceae,"""Cupania""",grosse-serrata,LH13-1541,"taxonomy revised from that presented in Peppe et al. (2011) by Peter Wilf (personal communication, April 2026)",0,,,,,,,4.548004221,14.02300812,4.23420906,12.64847323,7.89,11,
Laguna del Hunco,TY105,Sapindales,Sapindaceae,"""Cupania""",grosse-serrata,LH06-0206 ,"taxonomy revised from that presented in Peppe et al. (2011) by Peter Wilf (personal communication, April 2026)",,0.137723369,,24.33,,10.473,,,,,,,,
Laguna del Hunco,TY105,Sapindales,Sapindaceae,"""Cupania""",grosse-serrata,LH02-1244,"taxonomy revised from that presented in Peppe et al. (2011) by Peter Wilf (personal communication, April 2026)",0,,,3.777,,4.273,,3.420908383,15.18479867,3.168320217,10.94274047,3.076913,36,1
Laguna del Hunco,TY105,Sapindales,Sapindaceae,"""Cupania""",grosse-serrata,LH17-0004,"taxonomy revised from that presented in Peppe et al. (2011) by Peter Wilf (personal communication, April 2026)",,0.204938272,,28.171,,11.003,,,,,,,,
Laguna del Hunco,TY106,Apiales,Araliaceae,Caffapanax,canessae,LH13-0204,taxonomy revised from that presented in Peppe et al. (2011) by Wilf (2025; https://doi.org/10.1002/ajb2.70045),,,,31.945,,7,,,,,,,,
Laguna del Hunco,TY106,Apiales,Araliaceae,Caffapanax,canessae,LH23-0024,taxonomy revised from that presented in Peppe et al. (2011) by Wilf (2025; https://doi.org/10.1002/ajb2.70045),,,,17.905,,7.507,,,,,,,,
Laguna del Hunco,TY106,Apiales,Araliaceae,Caffapanax,canessae,LH13-1227,taxonomy revised from that presented in Peppe et al. (2011) by Wilf (2025; https://doi.org/10.1002/ajb2.70045),0,0.367877434,,,,,,3.946420876,12.5728714,3.824145731,11.10523777,4.73,25,
Laguna del Hunco,TY106,Apiales,Araliaceae,Caffapanax,canessae,LH13-1254,taxonomy revised from that presented in Peppe et al. (2011) by Wilf (2025; https://doi.org/10.1002/ajb2.70045),0,,,,,,,16.77516213,23.99458457,16.526932,22.98627938,16.89,12,
Laguna del Hunco,TY106,Apiales,Araliaceae,Caffapanax,canessae,LH13-1143,taxonomy revised from that presented in Peppe et al. (2011) by Wilf (2025; https://doi.org/10.1002/ajb2.70045),0,,,70.892,,12.126,,19.81384288,21.75516306,19.41715717,20.14016602,8.88,12,
Laguna del Hunco,TY106,Apiales,Araliaceae,Caffapanax,canessae,LH04-0101 ,taxonomy revised from that presented in Peppe et al. (2011) by Wilf (2025; https://doi.org/10.1002/ajb2.70045),0,,,13.923,,5.018,,3.565575513,11.41316218,3.503812839,11.07060628,7.06,7,
Laguna del Hunco,TY107,,,“Coprosma”,incerta,LH04-0070,,1,,,3.427,,5.558,,3.427,,3.427,,,0,
Laguna del Hunco,TY107,,,“Coprosma”,incerta,LH02-0245,,1,0.114969325,,8.37,,9.205,,8.37,,8.37,,,0,
Laguna del Hunco,TY107,,,“Coprosma”,incerta,LH16-0045,,1,,,7.458,,6.405,,7.458,,7.458,,,0,
Laguna del Hunco,TY108,,,,,LH02-0135,,0,,,8.63,,5.004,,3.002335033,8.105515344,2.907567436,7.655964535,4.8,5,
Laguna del Hunco,TY108,,,,,LH02-0135,,,0.098160125,,8.859,,5.308,,,,,,,,
Laguna del Hunco,TY109,,,,,LH15-0031,,0,,,21.442,,8.48,,14.88834966,24.45786099,14.37595329,21.85075717,11.01,18,
Laguna del Hunco,TY109,,,,,LH13-1506,,0,,,18.598,,9.288,,8.47451422,14.06837798,8.124228074,12.93209091,4.87,15,
Laguna del Hunco,TY111,,,,,LH02-0082,,1,0.18381133,,24.38,,10.411,,24.38,,24.38,,,0,
Laguna del Hunco,TY112,,,,,LH06-1019,,0,0.105233039,,23.851,,12.43,,21.69219683,26.59360201,21.18547275,23.9713441,1.997970143,27,
Laguna del Hunco,TY112,,,,,LH06-0140,,0,0.100771993,,27.478,,15.292,,23.83740593,38.38726646,23.24710287,34.2509467,6.86,48,
Laguna del Hunco,TY112,,,,,LH06-0022,,0,,,7.175,,7.583,,7.058387435,16.36682975,6.98307171,15.04810362,1.705589162,18,
Laguna del Hunco,TY112,,,,,LH13-1404,,0,,,27.093,,12.969,,12.95285839,24.15274112,12.72222825,22.54689438,11.97,18,
Laguna del Hunco,TY113,,,,,LH02-0063,,1,0.205888989,,12.282,,6.455,,12.282,,12.282,,,0,
Laguna del Hunco,TY113,,,,,LH02-0167,,1,,,11.094,,6.673,,11.094,,11.094,,,0,
Laguna del Hunco,TY113,,,,,LH02-1049 ,,1,0.123480884,,9.039,,6.19,,9.039,,9.039,,,0,
Laguna del Hunco,TY113,,,,,LH06-0040 ,,1,,,23.317,,8.575,,23.317,,23.317,,,0,
Laguna del Hunco,TY113,,,,,LH06-1157,,1,0.110721443,,7.076,,7.071,,7.076,,7.076,,,0,
Laguna del Hunco,TY113,,,,,LH06-06 ,,1,0.08368625,,11.978,,6.868,,11.978,,11.978,,,0,
Laguna del Hunco,TY114,,,,,LH23-0032,,1,0.18244322,,4.957,,3.427,,4.957,,4.957,,,0,
Laguna del Hunco,TY116,Oxalidales,Cunoniaceae,“Cupania”,latifolioides,LH13-1370,,0,0.146793865,,33.479,,12.812,,30.33515398,37.41684712,29.34933967,31.50164132,6.6822616,44,
Laguna del Hunco,TY116,Oxalidales,Cunoniaceae,“Cupania”,latifolioides,LH02-1018,,,,,32.843,,13.912,,,,,,,,
Laguna del Hunco,TY116,Oxalidales,Cunoniaceae,“Cupania”,latifolioides,LH02-1018,,0,,,31.149,,13.966,,10.85151976,27.56462451,10.59782953,26.11119028,16.37,23,
Laguna del Hunco,TY116,Oxalidales,Cunoniaceae,“Cupania”,latifolioides,LH02-1086,,0,,,4.729,,5.641,,4.26437652,15.18642158,4.093401236,13.63295194,3.93,29,3
Laguna del Hunco,TY116,Oxalidales,Cunoniaceae,“Cupania”,latifolioides,LH02-1183,,,0.073,,15.546,,8.626,,,,,,,,
Laguna del Hunco,TY116,Oxalidales,Cunoniaceae,“Cupania”,latifolioides,LH17-1003,,,,,9.959,,7.999,,,,,,,,
Laguna del Hunco,TY116,Oxalidales,Cunoniaceae,“Cupania”,latifolioides,LH13-1423,,0,0.102974654,,7.437,,6.92,,3.57829879,22.912,3.467058557,18.202,10.16,18,
Laguna del Hunco,TY116,Oxalidales,Cunoniaceae,“Cupania”,latifolioides,LH06-0190,,0,,,7.013,,4.668,,1.957253973,6.276757627,1.916248746,5.866729731,3.800875726,9,
Laguna del Hunco,TY116,Oxalidales,Cunoniaceae,“Cupania”,latifolioides,LH13-0304,,,,,7.851,,7.322,,,,,,,,
Laguna del Hunco,TY116,Oxalidales,Cunoniaceae,“Cupania”,latifolioides,LH15-0005,,,,,9.607,,7.123,,,,,,,,
Laguna del Hunco,TY116,Oxalidales,Cunoniaceae,“Cupania”,latifolioides,LH15-0056,,0,,,16.374,,8.094,,14.20530442,19.15562,14.00880575,17.02628114,2.3,23,
Laguna del Hunco,TY116,Oxalidales,Cunoniaceae,“Cupania”,latifolioides,LH24-0010,,0,,,4.183,,5.408,,2.101233422,12.8285846,1.998812998,11.33297174,6.1782309,15,
Laguna del Hunco,TY116,Oxalidales,Cunoniaceae,“Cupania”,latifolioides,LH24-0010,,0,0.084974093,,4.183,,5.408,,2.101233422,12.8285846,1.998812998,11.33297174,6.1782309,15,
Laguna del Hunco,TY116,Oxalidales,Cunoniaceae,“Cupania”,latifolioides,LH04-1320,,,0.095445545,,9.66,,7.171,,,,,,,,
Laguna del Hunco,TY116,Oxalidales,Cunoniaceae,“Cupania”,latifolioides,LH02-1062,,,,,8.622,,8.117,,,,,,,,
Laguna del Hunco,TY117,Fabales,Fabaceae,“Cassia”,argentinensis,LH02-0151,,1,0.073486204,,15.854,,7.01,,15.854,,15.854,,,0,
Laguna del Hunco,TY117,Fabales,Fabaceae,“Cassia”,argentinensis,LH18-0001,,1,,,9.004,,7.056,,9.004,,9.004,,,0,
Laguna del Hunco,TY117,Fabales,Fabaceae,“Cassia”,argentinensis,LH13-0062,,1,0.136897048,,8.985,,6.979,,8.985,,8.985,,,0,
Laguna del Hunco,TY117,Fabales,Fabaceae,“Cassia”,argentinensis,LH13-1213,,1,,,6.421,,6.13,,6.421,,6.421,,,0,
Laguna del Hunco,TY117,Fabales,Fabaceae,“Cassia”,argentinensis,LH13-1173,,1,0.216668763,,22.394,,9.975,,22.394,,22.394,,,0,
Laguna del Hunco,TY117,Fabales,Fabaceae,“Cassia”,argentinensis,LH13-1167,,1,0.101096805,,3.146,,4.958,,3.146,,3.146,,,0,
Laguna del Hunco,TY117,Fabales,Fabaceae,“Cassia”,argentinensis,LH06-1219,,1,0.130331248,,8.368,,6.378,,8.368,,8.368,,,0,
Laguna del Hunco,TY117,Fabales,Fabaceae,“Cassia”,argentinensis,LH04-1161,,1,,,7.661,,5.985,,7.661,,7.661,,,0,
Laguna del Hunco,TY117,Fabales,Fabaceae,“Cassia”,argentinensis,LH02-1273,,1,,,2.586,,3.401,,2.586,,2.586,,,0,
Laguna del Hunco,TY117,Fabales,Fabaceae,“Cassia”,argentinensis,LH02-1295,,1,0.055650685,,9.973,,5.714,,9.973,,9.973,,,0,
Laguna del Hunco,TY117,Fabales,Fabaceae,“Cassia”,argentinensis,LH02-0107,,1,0.066599395,,2.178,,2.591,,2.178,,2.178,,,0,
Laguna del Hunco,TY118,Ranunculales,Menispermaceae,,,LH04-0036,"taxonomy revised from that presented in Peppe et al. (2011) by Peter Wilf (personal communication, April 2026)",1,0.06332011,,10.935,,5.12,,10.935,,10.935,,,0,
Laguna del Hunco,TY119,,,,,LHF-0022,,0,,,12.993,,6.45,,8.675709052,24.00988816,8.548629632,20.83197663,12.6,78,
Laguna del Hunco,TY122,Laurales,Lauraceae,,,LH15-0028,"taxonomy revised from that presented in Peppe et al. (2011) by Peter Wilf (personal communication, April 2026)",1,0.103113834,,12.845,,9.161,,12.845,,12.845,,,0,
Laguna del Hunco,TY122,Laurales,Lauraceae,,,LH22-1001,"taxonomy revised from that presented in Peppe et al. (2011) by Peter Wilf (personal communication, April 2026)",1,,,12.804,,9.816,,12.804,,12.804,,,0,
Laguna del Hunco,TY122,Laurales,Lauraceae,,,LH15-0009,"taxonomy revised from that presented in Peppe et al. (2011) by Peter Wilf (personal communication, April 2026)",1,0.104126984,,7.582,,6.393,,7.582,,7.582,,,0,
Laguna del Hunco,TY122,Laurales,Lauraceae,,,LH01-0027,"taxonomy revised from that presented in Peppe et al. (2011) by Peter Wilf (personal communication, April 2026)",1,0.177374654,,9.032,,7.797,,9.032,,9.032,,,0,
Laguna del Hunco,TY122,Laurales,Lauraceae,,,LH13-1159,"taxonomy revised from that presented in Peppe et al. (2011) by Peter Wilf (personal communication, April 2026)",1,0.143864598,,8.859,,7.753,,8.859,,8.859,,,0,
Laguna del Hunco,TY122,Laurales,Lauraceae,,,LH13-1246,"taxonomy revised from that presented in Peppe et al. (2011) by Peter Wilf (personal communication, April 2026)",1,,,6.628,,6.474,,6.628,,6.628,,,0,
Laguna del Hunco,TY122,Laurales,Lauraceae,,,LH06-1110,"taxonomy revised from that presented in Peppe et al. (2011) by Peter Wilf (personal communication, April 2026)",1,0.083825266,,8.625,,7.339,,8.625,,8.625,,,0,
Laguna del Hunco,TY122,Laurales,Lauraceae,,,LH02-1256 ,"taxonomy revised from that presented in Peppe et al. (2011) by Peter Wilf (personal communication, April 2026)",1,,,3.62,,5.343,,3.62,,3.62,,,0,
Laguna del Hunco,TY122,Laurales,Lauraceae,,,LH02-1060 ,"taxonomy revised from that presented in Peppe et al. (2011) by Peter Wilf (personal communication, April 2026)",1,0.179144385,,12.086,,7.834,,12.086,,12.086,,,0,
Laguna del Hunco,TY122,Laurales,Lauraceae,,,LH22-1001,"taxonomy revised from that presented in Peppe et al. (2011) by Peter Wilf (personal communication, April 2026)",1,,,12.771,,9.711,,12.771,,12.771,,,0,
Laguna del Hunco,TY122,Laurales,Lauraceae,,,LH13-1209,"taxonomy revised from that presented in Peppe et al. (2011) by Peter Wilf (personal communication, April 2026)",1,0.094144661,,6.293,,6.373,,6.293,,6.293,,,0,
Laguna del Hunco,TY124,,,,,LH06-0032 ,,1,0.064,,13.884,,6.276,,13.884,,13.884,,,0,
Laguna del Hunco,TY124,,,,,LH13-1222,,1,0.163963964,,21.967,,8.735,,21.967,,21.967,,,0,
Laguna del Hunco,TY125,,,,,LH04-0001,,1,0.146819604,,11.91,,7.259,,11.91,,11.91,,,0,
Laguna del Hunco,TY126,,,,,LH02-0003,,1,0.187399031,,25.659,,10.89,,25.659,,25.659,,,0,
Laguna del Hunco,TY126,,,,,LH04-1214,,1,0.173740053,,17.295,,7.229,,17.295,,17.295,,,0,
Laguna del Hunco,TY132,,,,,LH04-0114,,0,0.141735815,,20.678,,8.391,,1.635140718,6.001302278,1.584052962,5.557718626,2.63,4,
Laguna del Hunco,TY133,,,,,LHF-0041,,0,,,18.64,,6.799,,8.497039817,19.67667557,8.360475298,18.30243096,13.36,23,
Laguna del Hunco,TY133,,,,,LH13-1245,,0,,,,,,,9.524776447,19.60168617,9.373890306,18.71352574,14.26,23,
Laguna del Hunco,TY135,,,,,LH02-0090,,0,,,10.623,,5.776,,1.899707857,6.850813216,1.899002162,6.811579673,3.72,1,
Laguna del Hunco,TY135,,,,,LH02-0090,,,0.1178172,,10.369,,5.671,,,,,,,,
Laguna del Hunco,TY136,,,,,LH04-0300,,0,,,7.171,,6.316,,0.590870559,3.196985912,0.575171067,3.156998186,2.34,2,
Laguna del Hunco,TY138,Myrtales,"""Melastomataceae""",,,LH02-0174,,0,,,2.242,,3.376,,1.286217158,5.697012941,1.260723618,5.296905803,2.76,12,
Laguna del Hunco,TY138,Myrtales,"""Melastomataceae""",,,LH04-14,,0,,,3.353,,3.665,,1.661,8.63,1.618,8.496,3.613,17,
Laguna del Hunco,TY138,Myrtales,"""Melastomataceae""",,,LH15-0009,,,,,5.187,,4.643,,,,,,,,
Laguna del Hunco,TY140,,,,,LH06-1025,,0,0.082932692,,13.25,,9.74,,3.373171597,11.24408781,3.248682869,10.22912386,6.06,12,
Laguna del Hunco,TY140,,,,,LH06-0255b,,0,,,,,,,4.015,13.356,3.852,12.223,6.631,12,
Laguna del Hunco,TY140,,,,,LH06-0003 ,,0,0.067774604,,12.483,,9.624,,3.384352065,15.0459268,3.262716944,14.36633953,9.17,14,
Laguna del Hunco,TY142,,,,,LH06-1073 ,,0,,,,,,,12.66034693,21.77480011,12.49009896,20.63716543,8.99,15,
Laguna del Hunco,TY144,,,,,LH06-1196 ,,0,,,33.263,,11.332,,31.67443508,27.84068906,31.60599402,26.5566644,1.53,21,
Laguna del Hunco,TY147,,,,,LH06-1066,,0,,,36.108,,12.689,,10.68931312,16.56064494,10.55343439,15.6911773,8.02,17,
Laguna del Hunco,TY148,,,,,LH06-1045 ,,1,,,22.44,,8.367,,22.44,,22.44,,,0,
Laguna del Hunco,TY151,,,,,LH06-1042 ,,0,0.129154796,,13.144,,8.767,,14.70798807,21.14388436,14.3608161,20.7547391,0,11,
Laguna del Hunco,TY153,,,,,LH06-1180,,1,0.243329776,,15.82,,6.299,,15.82,,15.82,,,0,
Laguna del Hunco,TY155,,,,,LH04-1036,,0,0.196642686,,36.781,,10.074,,34.87614879,41.5683471,33.67471865,37.81461709,4.4624645,28,
Laguna del Hunco,TY155,,,,,LH04-1036,,,0.191666667,,34.158,,9.274,,,,,,,,
Laguna del Hunco,TY155,,,,,LH13-1400,,0,0.219917012,,,,,,1.415300554,7.315990962,1.373806432,7.019280602,5.02,4,
Laguna del Hunco,TY157,Myrtales,Myrtaceae,,,LH04-1000 ,,1,0.099423631,,16.625,,9.095,,16.625,,16.625,,,0,
Laguna del Hunco,TY157,Myrtales,Myrtaceae,,,LH06-0023,,1,,,5.704,,5.257,,5.704,,5.704,,,0,
Laguna del Hunco,TY157,Myrtales,Myrtaceae,,,"LH13-1259,LH13-1260",,1,,,18.294,,8.955,,18.294,,18.294,,,0,
Laguna del Hunco,TY157,Myrtales,Myrtaceae,,,LH13-1571,,1,,,12.792,,7.444,,12.792,,12.792,,,0,
Laguna del Hunco,TY158,,,,,LH04-1309,,0,0.240659341,,,,,,7.207350102,14.74113372,7.167288867,14.46597222,8.26,5,
Laguna del Hunco,TY158,,,,,LH04-1029 ,,0,,,,,,,2.893993561,11.2473809,2.797941891,10.00195215,6.65,16,
Laguna del Hunco,TY159,,,,,LH04-1078 ,,0,,,14.97,,6.373,,12.73368839,25.96076856,12.3472189,21.62777031,8.47,60,5
Laguna del Hunco,TY159,,,,,LH04-1311 ,,0,0.098862642,,20.628,,6.276,,5.556325293,18.8719384,5.474887304,17.97552505,14.94,16,
Laguna del Hunco,TY159,,,,,LH04-1078,,,0.049622438,,14.192,,6.077,,,,,,,,
Laguna del Hunco,TY160,,,,,LH04-1118 ,,0,0.129401408,,23.395,,8.76,,3.772998817,18.81651659,3.710532545,16.88148784,12.42,22,
Laguna del Hunco,TY160,,,,,LH04-16,,0,,,71.782,,12.652,,47.216,45.597,45.996,38.747,10.335,45,
Laguna del Hunco,TY161,,,,,LH04-1025,,0,0.122036874,,20.121,,9.006,,15.64834974,24.06729174,15.34260927,21.42604127,7.74,25,
Laguna del Hunco,TY164,,,,,LH04-1075,,0,0.077396658,,21.516,,8.435,,10.70433768,21.85917572,10.37468145,20.03930013,10.01,26,
Laguna del Hunco,TY164,,,,,LH04-1075,,,0.069020867,,24.306,,9.445,,,,,,,,
Laguna del Hunco,TY167,,,,,LH04-1195,,0,,,7.345,,5.16,,6.65314334,15.19191094,6.58455259,13.94365729,3.07,26,
Laguna del Hunco,TY167,,,,,LH04-1195,,,0.117647059,,7.777,,5.387,,,,,,,,
Laguna del Hunco,TY167,,,,,LH02-1057,,,,,12.774,,7.581,,,,,,,,
Laguna del Hunco,TY167,,,,,LH02-1057,,0,,,12.987,,8.187,,5.394690305,17.77052342,5.26219169,15.59332816,9.58,14,
Laguna del Hunco,TY175,Fabales,Fabaceae,,,LH13-1028 ,,1,,,0.281,,1.203,,0.281,,0.281,,,0,
Laguna del Hunco,TY175,Fabales,Fabaceae,,,LH13-1028 ,,1,,,0.277,,1.13,,0.277,,0.277,,,0,
Laguna del Hunco,TY175,Fabales,Fabaceae,,,LH13-1028 ,,1,,,0.32,,1.158,,0.32,,0.32,,,0,
Laguna del Hunco,TY175,Fabales,Fabaceae,,,LH13-1028,,1,,,0.232,,0.981,,0.232,,0.232,,,0,
Laguna del Hunco,TY178,,,,,LH13-1561 ,,0,0.169554455,,54.245,,9.669,,7.320834701,23.97067707,7.240174999,23.56142753,21.3,8,
Laguna del Hunco,TY178,,,,,LH04-0133,,0,,,,,,,5.821,10.783,5.752,10.364,7.441,12,
Laguna del Hunco,TY180,,,,,LH13-1193 ,,0,,,10.747,,8.954,,6.567928573,28.0350433,6.314522894,23.06428558,14.23,52,6
Laguna del Hunco,TY180,,,,,LH13-1193,,,,,11.126,,9.307,,,,,,,,
Laguna del Hunco,TY180,,,,,LH13-1193,,,,,10.483,,9.016,,,,,,,,
Laguna del Hunco,TY181,,,,,LH13-1105,,0,,,,,,,3.452009554,14.16819664,3.297638225,11.23933506,5.84,47,8
Laguna del Hunco,TY181,,,,,LH13-1105,,,0.134042553,,6.426,,4.55,,,,,,,,
Laguna del Hunco,TY181,,,,,LH13-1105,,,0.104868914,,5.834,,4.598,,,,,,,,
Laguna del Hunco,TY181,,,,,LH13-1080,,0,0.109923664,,6.912,,4.421,,3.714440293,16.6355919,3.583794296,14.15335032,9.92,32,7
Laguna del Hunco,TY185,,,,,LH13-1022,,0,,,55.662,,12.464,,7.864921797,22.05641073,7.562820678,21.25577844,16.89,10,
Laguna del Hunco,TY186,,,,,LH13-1216,,0,0.172874209,,14.397,,7.142,,14.77528574,17.55130847,14.6243539,17.29494575,1.35,5,
Laguna del Hunco,TY186,,,,,LH13-0134a,,0,,,,,,,4.157,14.188,4.145,14.093,5.217,2,1
Laguna del Hunco,TY186,,,,,LH13-1494,,0,,,11.919,,7.205,,6.33633218,15.42381122,6.228460208,15.24377238,7.315425684,4,
Laguna del Hunco,TY187,,,,,LH13-1372 ,,0,0.083175803,,4.676,,4.043,,4.050935166,10.69044065,3.908989483,9.578399534,2.22,18,
Laguna del Hunco,TY191,,,,,LH02-1205,,,,,9.086,,7.519,,,,,,,,
Laguna del Hunco,TY191,,,,,LH02-1410,,0,,,9.086,,7.519,,3.848052675,10.8969649,3.731577491,10.011149,3.84,8,
Laguna del Hunco,TY192,,,,,LH02-1330,,0,,,21.633,,8.946,,5.204243276,11.52918595,5.158882087,10.99632464,7.04,6,
Laguna del Hunco,TY193,Ranunculales,"""Menispermaceae""",,,LH02-1040,"taxonomy revised from that presented in Peppe et al. (2011) by Peter Wilf (personal communication, April 2026)",1,,,31.966,,10.794,,31.966,,31.966,,,0,
Laguna del Hunco,TY193,Ranunculales,"""Menispermaceae""",,,LH13-1487,"taxonomy revised from that presented in Peppe et al. (2011) by Peter Wilf (personal communication, April 2026)",1,,,11.793,,7.91,,11.793,,11.793,,,0,
Laguna del Hunco,TY196,,,,,LH02-1160 ,,1,,,4.474,,2.695,,4.474,,4.474,,,0,
Laguna del Hunco,TY197,,,,,LH02-1210,,1,0.099691675,,7.878,,6.677,,7.878,,7.878,,,0,
Laguna del Hunco,TY197,,,,,LH06-0189,,1,,,30.106,,12.192,,30.106,,30.106,,,0,
Laguna del Hunco,TY199,,,,,LH04-1302,,1,,,11.02,,6.989,,11.02,,11.02,,,0,
Laguna del Hunco,TY200,,,,,LH06-1256,,0,,,15.614,,8.907,,5.158292011,15.52777209,5.06697888,14.96936551,8.52,13,
Laguna del Hunco,TY201,,,,,LH13-1194,,0,,,3.509,,4.04,,2.007143819,9.621992948,1.939541489,8.861567048,3.63,10,
Laguna del Hunco,TY203,Sapindales,Anacardiaceae,,,LH13-0303,"taxonomy revised from that presented in Peppe et al. (2011) by Peter Wilf (personal communication, April 2026)",1,,,5.649,,5.654,,5.649,,5.649,,,0,
Laguna del Hunco,TY204,,,,,LH06-1159,,1,0.138,,6.732,,5.376,,6.732,,6.732,,,0,
Laguna del Hunco,TY206,,,,,LH04-1192,,0,,,,,,,5.142036405,16.14232738,4.885862306,12.54023078,6.96,36,5
Laguna del Hunco,TY207,,,,,LH25-0024,,0,,,17.746,,9.149,,4.130265271,17.18013392,4.028185015,15.4828434,11.56,31,
Laguna del Hunco,TY207,,,,,LH25-0024,,,,,19.44,,9.426,,,,,,,,
Laguna del Hunco,TY208,Proteales,Proteaceae,,,LH13-1311,taxonomy revised from that presented in Peppe et al. (2011) by Gonzalez et al. (2007; https://doi.org/10.1663/0006-8101(2007)73[235:ROTPMR]2.0.CO;2),0,,,3.964,,5.491,,3.814199589,13.89694508,3.529632091,11.63007217,0.679138226,17,
Laguna del Hunco,TY208,Proteales,Proteaceae,,,LH13-1311,taxonomy revised from that presented in Peppe et al. (2011) by Gonzalez et al. (2007; https://doi.org/10.1663/0006-8101(2007)73[235:ROTPMR]2.0.CO;2),0,,,6.217,,7.026,,6.043156204,19.8504993,5.681558426,16.49807752,0,24,
Laguna del Hunco,TY209,,,,,LH06-1250,,0,,,17.658,,8.561,,14.25556681,23.40738168,13.55887404,17.72647486,3.6879888,45,
Laguna del Hunco,TY209,,,,,LH17-IOP15 ,,0,0.2096,,19.025,,9.17,,11.072,20.077,10.784,16.848,6.675,52,
Laguna del Hunco,TY209,,,,,LH06-0284,,0,0.1264,,15.917,,8.476,,2.529,10.587,2.443,9.666,5.503,6,
Laguna del Hunco,TY210,,,,,LH06-0020,,0,,,9.829,,8.403,,9.094811445,24.53267048,8.70873756,22.00747923,6.64,43,
Laguna del Hunco,TY210,,,,,LH06-0020,,,,,10.676,,8.461,,,,,,,,
Laguna del Hunco,TY210,,,,,LH15-0060,,0,0.1307,,14.172,,11.042,,9.376,24.823,9.023,23.437,9.317,35,
Laguna del Hunco,TY210,,,,,"LH06-0079, 0079' ",,0,,,,,,,4.292,13.325,4.13,12.405,6.298,17,
Laguna del Hunco,TY210,,,,,LH06-1083 ,,0,0.0446,,,,,,2.712663378,14.14063364,2.551866921,13.35860644,8.68,16,
Laguna del Hunco,TY212,,,,,LH06-0004 ,,0,,,20.709,,8.243,,10.188,19.999,10.066,19.051,11.895,11,
Laguna del Hunco,TY213,,,,,LH02-1358,,1,,,2.662,,4.897,,2.662,,2.662,,,0,
Laguna del Hunco,TY215,,,,,LH06-1183,,1,0.1575,,29.342,,10.364,,29.342,,29.342,,,0,
Laguna del Hunco,TY216,,,,,LH06-0074,,0,,,20.128,,8.6,,10.045,19.595,10.002,19.315,8.783,10,
Laguna del Hunco,TY217,,,,,LH26-0001,,0,0.1575,,41.074,,11.521,,5.912,16.188,5.71,14.117,7.425,28,
Laguna del Hunco,TY218,,,,,LH25-1a,,1,,,72.913,,18.201,,72.913,,72.913,,,0,
Laguna del Hunco,TY219,,,,,LH04-48-2,,0,0.1709,,28.104,,11.189,,19.945,33.169,19.709,32.044,15.605,31,
Laguna del Hunco,TY220,,,,,LH17-IOP17a,,0,,,35.204,,7.12,,7.596,27.523,7.587,27.44,14.548,1,
Laguna del Hunco,TY222,,,,,LH04-40,,1,0.0603,,9.771,,8.075,,9.771,,9.771,,,0,
Laguna del Hunco,TY223,,,,,LH04-18,,0,,,5.275,,4.53,,4.96,11.519,4.862,10.397,0.949,20,
Republic,cf. Archeampelos acerifolia (rp38),Saxifragales,Cercidiphyllaceae,"""Archeampelos""",acerifolia,rp38 g030 56,"taxonomy revised from that presented in Peppe et al. (2011) by Scott Wing (personal communication, April 2026), Karl Volkman (personal communication, May 2026), and Manchester (2014, https://publikace.nm.cz/en/periodicals/fiamnpsbhn/70-3-4/revisions-to-roland-browns-north-american-paleocene-flora)",0,,,9.75,,4.448,,6.634318851,16.40784492,6.237224506,14.68528954,4.416825445,28,
Republic,aff. Crataegus sp. (rp32),Rosales,Rosaceae,Crataegus,,rp032 25082 ,,0,,,,,,,6.758401175,27.02969131,6.699653259,26.54023946,4.951889371,13,
Republic,aff. Crataegus sp. (rp32),Rosales,Rosaceae,Crataegus,,rp032 I147TT,,,0.04845815,,1.539,,2.323,,,,,,,,
Republic,aff. Crataegus sp. (rp32),Rosales,Rosaceae,Crataegus,,rp032 i7045,,0,0.056886228,,6.171,,4.597,,6.063318474,19.98552648,5.84320849,18.59385128,0,26,
Republic,aff. Crataegus sp. (rp32),Rosales,Rosaceae,Crataegus,,rp32 25083 20,,0,0.080213904,,10.908,,7.432,,7.575048619,24.68706443,6.3298027,19.386,4.019496263,23,3
Republic,aff. Crataegus sp. or Bohlenia sp. (rp61),Rosales,Rosaceae,Crataegus or Bohlenia,,rp061 17179,,0,,,,,,,5.577526366,18.70116331,4.734220352,15.63906133,10.55,9,4
Republic,aff. Crataegus sp. or Bohlenia sp. (rp61),Rosales,Rosaceae,Crataegus or Bohlenia,,rp061 17707,,0,,,12.142,,6.711,,1.9945743,6.792838096,1.913032999,6.656539187,3.760984187,3,
Republic,Alnus parvifolia (rp20),Fagales,Betulaceae,Alnus,parvifolia,rp020 F280N4,,,,,21.782,,7.297,,,,,,,,
Republic,Alnus parvifolia (rp20),Fagales,Betulaceae,Alnus,parvifolia,rp020 H024-E31,,,0.069686411,,6.75,,5.154,,,,,,,,
Republic,Alnus parvifolia (rp20),Fagales,Betulaceae,Alnus,parvifolia,rp020 17216,,,0.086381323,,13.009,,6.269,,,,,,,,
Republic,Alnus parvifolia (rp20),Fagales,Betulaceae,Alnus,parvifolia,rp020 17394,,,,,3.676,,3.506,,,,,,,,
Republic,Alnus parvifolia (rp20),Fagales,Betulaceae,Alnus,parvifolia,rp020 17528,,,0.070120025,,6.952,,4.665,,,,,,,,
Republic,Alnus parvifolia (rp20),Fagales,Betulaceae,Alnus,parvifolia,rp020 17868,,,0.118530885,,6.486,,4.17,,,,,,,,
Republic,Alnus parvifolia (rp20),Fagales,Betulaceae,Alnus,parvifolia,rp020 18371,,,0.080430652,,8.264,,4.906,,,,,,,,
Republic,Alnus parvifolia (rp20),Fagales,Betulaceae,Alnus,parvifolia,rp020 18395,,,0.062380649,,3.623,,3.35,,,,,,,,
Republic,Alnus parvifolia (rp20),Fagales,Betulaceae,Alnus,parvifolia,rp020 20566,,0,,,,,,,0.394136085,3.565320297,0.369233737,3.160659158,1.536985409,11,1
Republic,Alnus parvifolia (rp20),Fagales,Betulaceae,Alnus,parvifolia,rp020 25263,,,0.070219966,,8.539,,5.616,,,,,,,,
Republic,Alnus parvifolia (rp20),Fagales,Betulaceae,Alnus,parvifolia,rp020 E319,,,0.06384743,,11.009,,6.017,,,,,,,,
Republic,Alnus parvifolia (rp20),Fagales,Betulaceae,Alnus,parvifolia,rp020 E426,,,0.089392133,,7.155,,4,,,,,,,,
Republic,Alnus parvifolia (rp20),Fagales,Betulaceae,Alnus,parvifolia,rp020 F11C,,,0.09331374,,3.603,,4.437,,,,,,,,
Republic,Alnus parvifolia (rp20),Fagales,Betulaceae,Alnus,parvifolia,rp020 F143,,,0.087939698,,2.074,,2.409,,,,,,,,
Republic,Alnus parvifolia (rp20),Fagales,Betulaceae,Alnus,parvifolia,rp020 F351,,,0.133849558,,35.17,,9.728,,,,,,,,
Republic,Alnus parvifolia (rp20),Fagales,Betulaceae,Alnus,parvifolia,rp020 F392G6,,,0.12508935,,5.416,,3.599,,,,,,,,
Republic,Alnus parvifolia (rp20),Fagales,Betulaceae,Alnus,parvifolia,rp020 F594,,,0.074898785,,4.504,,3.493,,,,,,,,
Republic,Alnus parvifolia (rp20),Fagales,Betulaceae,Alnus,parvifolia,rp020 F597,,,0.069417158,,5.398,,3.241,,,,,,,,
Republic,Alnus parvifolia (rp20),Fagales,Betulaceae,Alnus,parvifolia,rp020 F599R8,,,0.085714286,,7.864,,5.019,,,,,,,,
Republic,Alnus parvifolia (rp20),Fagales,Betulaceae,Alnus,parvifolia,rp020 F60648,,,0.087092732,,4.904,,3.611,,,,,,,,
Republic,Alnus parvifolia (rp20),Fagales,Betulaceae,Alnus,parvifolia,rp020 F747I11,,,0.087403599,,10.621,,5.95,,,,,,,,
Republic,Alnus parvifolia (rp20),Fagales,Betulaceae,Alnus,parvifolia,rp020 F89U,,,0.09789644,,20.021,,7.894,,,,,,,,
Republic,Alnus parvifolia (rp20),Fagales,Betulaceae,Alnus,parvifolia,rp020 G161,,,0.081336238,,9.942,,4.763,,,,,,,,
Republic,Alnus parvifolia (rp20),Fagales,Betulaceae,Alnus,parvifolia,rp020 G1650SS,,,0.047743966,,2.938,,2.838,,,,,,,,
Republic,Alnus parvifolia (rp20),Fagales,Betulaceae,Alnus,parvifolia,rp020 G302,,,0.059665871,,8.148,,5.02,,,,,,,,
Republic,Alnus parvifolia (rp20),Fagales,Betulaceae,Alnus,parvifolia,rp020 G343,,,0.095444685,,13.047,,6.348,,,,,,,,
Republic,Alnus parvifolia (rp20),Fagales,Betulaceae,Alnus,parvifolia,rp020 G498Q6,,,0.079710145,,14.96,,6.873,,,,,,,,
Republic,Alnus parvifolia (rp20),Fagales,Betulaceae,Alnus,parvifolia,rp020 G63N,,,0.071274298,,17.502,,6.259,,,,,,,,
Republic,Alnus parvifolia (rp20),Fagales,Betulaceae,Alnus,parvifolia,rp020 G65P,,,0.055660974,,10.036,,4.153,,,,,,,,
Republic,Alnus parvifolia (rp20),Fagales,Betulaceae,Alnus,parvifolia,rp020 H40P,,,0.059163059,,5.989,,3.827,,,,,,,,
Republic,Alnus parvifolia (rp20),Fagales,Betulaceae,Alnus,parvifolia,rp020 H88,,,0.061921296,,5.621,,3.897,,,,,,,,
Republic,Alnus parvifolia (rp20),Fagales,Betulaceae,Alnus,parvifolia,rp020 I177,,,0.076975017,,5.471,,4.237,,,,,,,,
Republic,Alnus parvifolia (rp20),Fagales,Betulaceae,Alnus,parvifolia,rp020 I64,,,0.088427948,,41.588,,11.158,,,,,,,,
Republic,Alnus parvifolia (rp20),Fagales,Betulaceae,Alnus,parvifolia,rp20 17281 34,,0,0.053191489,,4.351,,3.848,,3.668772555,13.34573366,3.560855424,11.51315521,3.4,57,1
Republic,Alnus parvifolia (rp20),Fagales,Betulaceae,Alnus,parvifolia,rp20 17394,,0,0.088688263,,3.727,,3.524,,3.073151289,14.42171984,2.902815438,10.53091172,2.9,53,3
Republic,Alnus parvifolia (rp20),Fagales,Betulaceae,Alnus,parvifolia,rp20 18247 33,,0,0.103092784,,7.554,,4.841,,7.543569812,15.81679647,7.307326638,11.83640972,0,92,2
Republic,Alnus parvifolia (rp20),Fagales,Betulaceae,Alnus,parvifolia,rp20 18471 14,,0,0.102459016,,11.368,,6.534,,8.639602832,21.83717689,8.431780709,18.79126055,8.4,69,2
Republic,Alnus parvifolia (rp20),Fagales,Betulaceae,Alnus,parvifolia,rp20 e317-h5 30,,0,0.082236842,,9.078,,5.811,,7.745423558,19.26101828,7.570082692,17.58459068,6.03,65,3
Republic,Alnus parvifolia (rp20),Fagales,Betulaceae,Alnus,parvifolia,rp20 f597,,0,,,5.041,,3.23,,3.443970926,12.33102354,3.316573737,10.57279706,5.26,43,
Republic,Alnus parvifolia (rp20),Fagales,Betulaceae,Alnus,parvifolia,rp20 g109-gg 32,,0,,,5.51,,3.963,,5.253552529,13.81577413,5.090076253,10.75466093,2.55,88,7
Republic,Alnus parvifolia (rp20),Fagales,Betulaceae,Alnus,parvifolia,rp20 g343,,0,,,12.836,,6.329,,9.982185192,16.04470948,9.776823272,14.34478359,5.2,43,5
Republic,Alnus parvifolia (rp20),Fagales,Betulaceae,Alnus,parvifolia,rp20 i018-c 45 ,,0,,,11.909,,5.63,,2.308900133,13.22526347,2.264247803,12.79859889,8.5481,20,
Republic,Betula leopoldae (rp22),Fagales,Betulaceae,Betula,leopoldae,rp022 17507,,0,0.067073171,,22.606,,8.368,,15.97339832,33.89485582,15.56665354,28.54014471,18,58,5
Republic,Betula leopoldae (rp22),Fagales,Betulaceae,Betula,leopoldae,rp022 e155,,0,0.115755627,,23.694,,8.216,,15.32238747,27.22763099,14.54548394,20.6754292,7.172325138,53,9
Republic,Betula leopoldae (rp22),Fagales,Betulaceae,Betula,leopoldae,rp022 E415L6,,,0.109717868,,11.583,,5.189,,,,,,,,
Republic,Betula leopoldae (rp22),Fagales,Betulaceae,Betula,leopoldae,rp022 F206E3,,,0.107033639,,17.918,,6.319,,,,,,,,
Republic,Betula leopoldae (rp22),Fagales,Betulaceae,Betula,leopoldae,rp22 25068 19,,0,,,19.46,,9.269,,13.40513697,29.74385833,12.83111765,23.32863937,11.512,63,
Republic,Betula leopoldae (rp22),Fagales,Betulaceae,Betula,leopoldae,rp22 f340-w5 35,,0,0.087719298,,8.423,,4.747,,8.167759643,14.85140863,8.007751929,12.20080851,0,76,2
Republic,Betula papyrifera (rp21),Fagales,Betulaceae,Betula,"""papyrifera""",rp21 25067 52,,0,,,16.28,,6.327,,5.232261392,17.58043645,5.052664364,14.87219241,7.099,56,
Republic,Castinia sp. ? (rp154),Fagales,Fagaceae,Castaneophyllum,,rp154 25098,"taxonomy revised from that presented in Peppe et al. (2011) by Karl Volkman (personal communication, May 2026)",0,,,,,,,12.30501682,15.85258147,11.88256544,15.10813818,5.476990007,7,
Republic,Cercidiphyllum obtritum (rp15),Saxifragales,Cercidiphyllaceae,Cercidiphyllum,obtritum,rp015,,,0.096168882,,21.911,,5.784,,,,,,,,
Republic,Cercidiphyllum obtritum (rp15),Saxifragales,Cercidiphyllaceae,Cercidiphyllum,obtritum,rp015 18466,,,0.091058244,,17.898,,6.004,,,,,,,,
Republic,Cercidiphyllum obtritum (rp15),Saxifragales,Cercidiphyllaceae,Cercidiphyllum,obtritum,rp015 f296,,,0.095123901,,20.112,,5.786,,,,,,,,
Republic,Cercidiphyllum obtritum (rp15),Saxifragales,Cercidiphyllaceae,Cercidiphyllum,obtritum,rp015 f426,,,0.0832,,7.087,,3.711,,,,,,,,
Republic,Cercidiphyllum obtritum (rp15),Saxifragales,Cercidiphyllaceae,Cercidiphyllum,obtritum,rp015 f470B11,,,0.119601329,,14.686,,5.498,,,,,,,,
Republic,Cercidiphyllum obtritum (rp15),Saxifragales,Cercidiphyllaceae,Cercidiphyllum,obtritum,rp015 I167R,,,0.145174371,,12.383,,4.843,,,,,,,,
Republic,Cercidiphyllum obtritum (rp15),Saxifragales,Cercidiphyllaceae,Cercidiphyllum,obtritum,rp15 129b3,,,0.098582039,,5.575,,3.036,,,,,,,,
Republic,Cercidiphyllum obtritum (rp15),Saxifragales,Cercidiphyllaceae,Cercidiphyllum,obtritum,rp15 17330,,0,0.072886297,,11.128,,4.349,,8.581555183,14.15570253,8.364219359,13.59497885,4.396989998,19,
Republic,Cercidiphyllum obtritum (rp15),Saxifragales,Cercidiphyllaceae,Cercidiphyllum,obtritum,rp15 17360,,0,0.108314264,,11.985,,4.769,,7.45980421,21.39735631,7.20227139,20.11464331,12.67,23,
Republic,Cercidiphyllum obtritum (rp15),Saxifragales,Cercidiphyllaceae,Cercidiphyllum,obtritum,rp15 17362 27,,0,0.122605364,,11.937,,4.68,,11.15626894,17.60406375,10.95583748,16.10628057,3.326040654,26,
Republic,Cercidiphyllum obtritum (rp15),Saxifragales,Cercidiphyllaceae,Cercidiphyllum,obtritum,rp15 17681,,0,0.100757576,,6.37,,3.258,,3.685672687,11.04995177,3.560673255,10.22963637,4.01,20,1
Republic,Cercidiphyllum obtritum (rp15),Saxifragales,Cercidiphyllaceae,Cercidiphyllum,obtritum,rp15 17852 26,,0,0.111969112,,15.284,,5.449,,8.367122053,21.23276341,8.05115249,20.10089396,9.9,24,
Republic,Cercidiphyllum obtritum (rp15),Saxifragales,Cercidiphyllaceae,Cercidiphyllum,obtritum,rp15 25061 5,,0,0.14973262,,28.288,,7.11,,27.60220068,22.62804286,26.61478345,20.93298828,0,37,
Republic,Cercidiphyllum obtritum (rp15),Saxifragales,Cercidiphyllaceae,Cercidiphyllum,obtritum,rp15 25064 16,,0,0.154285714,,35.344,,7.579,,22.77873712,26.77177696,21.57096821,23.49947773,7.254817711,25,
Republic,Cercidiphyllum obtritum (rp15),Saxifragales,Cercidiphyllaceae,Cercidiphyllum,obtritum,rp15 e128 a3,,0,0.083678542,,8.137,,3.819,,5.500102038,11.09692424,5.34057629,10.34905183,4.74,23,
Republic,Cercidiphyllum obtritum (rp15),Saxifragales,Cercidiphyllaceae,Cercidiphyllum,obtritum,rp15 f338-u5 23,,0,0.112612613,,15.893,,4.97,,9.599304566,15.5062441,9.486291801,15.17442592,6.37,14,
Republic,Cercidiphyllum obtritum (rp15),Saxifragales,Cercidiphyllaceae,Cercidiphyllum,obtritum,rp15 f734 1 x10 24,,0,0.167701863,,29.418,,6.866,,22.16987387,31.69926974,21.37977953,28.68577981,15.64,34,
Republic,Cercidiphyllum obtritum (rp15),Saxifragales,Cercidiphyllaceae,Cercidiphyllum,obtritum,rp15 f736 a y10 25,,0,,,21.29,,5.954,,16.16752943,19.17609498,15.79391261,18.23089628,4.547765152,32,
Republic,Comptonia columbiana (rp34),Fagales,Myricaceae,Comptonia,columbiana,rp34 25084 9,,0,,,,,,,2.530179798,14.83154934,2.418956294,12.95124992,0.668194567,22,
Republic,Crataegus sp. (rp42),Rosales,Rosaceae,Crataegus,,rp042 17275,,0,,,2.488,,3.629,,1.830381362,8.158523068,1.629569341,6.372522233,0.83384114,12,1
Republic,Crataegus sp. (rp42),Rosales,Rosaceae,Crataegus,,rp042 17496,,,0.079365079,,8.598,,5.921,,,,,,,,
Republic,Crataegus sp. (rp42),Rosales,Rosaceae,Crataegus,,rp042 17516,,0,,,,,,,1.901705773,9.309570359,1.646495912,7.840980786,4.196763101,11,1
Republic,Crataegus sp. (rp42),Rosales,Rosaceae,Crataegus,,rp42 17047 46,,0,,,17.551,,8.719,,10.89053117,19.52381934,9.686408384,15.77298448,6.817209623,16,7
Republic,Crataegus sp. (rp42),Rosales,Rosaceae,Crataegus,,rp42 18263 47,,0,0.139917695,,14.86,,9.413,,10.23329685,23.70068062,9.13419448,19.12478322,8.035,25,3
Republic,Crataegus sp. (rp42),Rosales,Rosaceae,Crataegus,,rp42 25070 21,,0,,,,,,,7.66522703,20.08156431,6.906275587,16.67882126,6.316,27,
Republic,Crataegus sp. (rp42),Rosales,Rosaceae,Crataegus,,rp42 e403-i6 41,,0,,,11.232,,6.361,,6.443044648,14.67309189,5.799187421,11.07917764,3.194539254,15,1
Republic,Fagopsis undulata (rp60),Fagales,Fagaceae,Fagopsis,undulata,rp060 25091,,0,,,,,,,4.459823101,12.2331234,4.203704475,11.72240422,8.877694688,4,
Republic,Itea sp. (rp19),Saxifragales,Iteaceae,Itea,,rp019 18130,"taxonomy revised from that presented in Peppe et al. (2011) by Scott Wing (personal communication, April 2026)",,0.117762512,,17.174,,5.935,,,,,,,,
Republic,Itea sp. (rp19),Saxifragales,Iteaceae,Itea,,rp019 E402 H6,"taxonomy revised from that presented in Peppe et al. (2011) by Scott Wing (personal communication, April 2026)",,0.135161606,,21.37,,7.27,,,,,,,,
Republic,Itea sp. (rp19),Saxifragales,Iteaceae,Itea,,rp19 17862 3,"taxonomy revised from that presented in Peppe et al. (2011) by Scott Wing (personal communication, April 2026)",0,0.1875,,42.739,,9.715,,22.9231488,34.9157715,22.64450502,31.38722501,15.5,97,
Republic,Itea sp. (rp19),Saxifragales,Iteaceae,Itea,,rp19 F751-M11,"taxonomy revised from that presented in Peppe et al. (2011) by Scott Wing (personal communication, April 2026)",,,,44.301,,9.88,,,,,,,,
Republic,Langeria magnifica (rp33),Proteales,Platanaceae,Langeria,magnifica,rp033 25081,"taxonomy revised from that presented in Peppe et al. (2011) by Scott Wing (personal communication, April 2026)",0,,,,,,,9.014053254,20.27031745,8.877618343,18.78535436,10.86,29,
Republic,Langeria magnifica (rp33),Proteales,Platanaceae,Langeria,magnifica,rp033 f712510,"taxonomy revised from that presented in Peppe et al. (2011) by Scott Wing (personal communication, April 2026)",0,,,47.417,,10.579,,24.53884549,47.58890917,24.22512479,44.38198201,30.07,45,
Republic,Macginitiea gracilis (rp14),Proteales,Platanaceae,Macginitiea,gracilis,rp014 17853,,1,0.072340426,,12.66,,5.047,,12.66,,12.66,,,0,
Republic,Macginitiea gracilis (rp14),Proteales,Platanaceae,Macginitiea,gracilis,rp14 25050 1,,1,0.152380952,,31.19,,7.789,,31.19,,31.19,,,0,
Republic,Photinia pageae (rp44),Rosales,Rosaceae,Photinia,pageae,rp044 17498,,0,,,,,,,7.496774391,17.62181014,7.257440346,15.95788428,9,26,
Republic,Photinia pageae (rp44),Rosales,Rosaceae,Photinia,pageae,rp044 25282,,,0.045454545,,5.996,,8.47,,,,,,,,
Republic,Photinia pageae (rp44),Rosales,Rosaceae,Photinia,pageae,rp044 f732v10,,0,0.053254438,,3.597,,4.081,,1.203472926,5.461885417,1.140795012,4.806563988,2.58,8,
Republic,Photinia pageae (rp44),Rosales,Rosaceae,Photinia,pageae,rp44 17499 44,,0,,,13.148,,8.062,,6.65602601,24.05345625,6.420421022,22.31271173,13.37,40,
Republic,Prunus sp. (rp54),Rosales,Rosaceae,Prunus,,rp54 17027 49,,0,0.175675676,,30.39,,10.275,,13.11609419,25.23135314,12.87623422,23.80490871,15.83,31,3
Republic,Prunus sp. (rp54),Rosales,Rosaceae,Prunus,,rp54 17343,,0,0.06779661,,30.572,,10.202,,6.995728806,21.23353386,6.861779844,20.0946715,14.06,16,
Republic,Rhus malloryi (rp43),Sapindales,Anacardiaceae,Rhus,malloryi,rp043 25077,,0,0.06969697,,11.736,,6.776,,6.309134536,19.82826912,5.933148672,18.65417004,10.53,16,4
Republic,Rhus malloryi (rp43),Sapindales,Anacardiaceae,Rhus,malloryi,rp043 25283,,,0.060240964,,12.317,,8.335,,,,,,,,
Republic,Rhus malloryi (rp43),Sapindales,Anacardiaceae,Rhus,malloryi,rp043 F221,,,0.049861496,,1.987,,3.087,,,,,,,,
Republic,Rhus malloryi (rp43),Sapindales,Anacardiaceae,Rhus,malloryi,rp043 I110JJ,,,0.073972603,,3.393,,4.036,,,,,,,,
Republic,Rhus malloryi (rp43),Sapindales,Anacardiaceae,Rhus,malloryi,rp043 i7557,,0,,,,,,,3.226826278,9.07526449,2.837833977,7.770383499,0,12,
Republic,Rhus malloryi (rp43),Sapindales,Anacardiaceae,Rhus,malloryi,rp043 I7557,,,0.037444934,,3.625,,3.521,,,,,,,,
Republic,Rhus malloryi (rp43),Sapindales,Anacardiaceae,Rhus,malloryi,rp43 18129 42,,,,,7.235,,4.778,,,,,,,,
Republic,Rhus malloryi (rp43),Sapindales,Anacardiaceae,Rhus,malloryi,rp43 25286 48,,0,0.066115702,,3.895,,4.43,,3.311853735,9.03642221,3.0744101,8.367827756,1.187243514,15,
Republic,Rhus malloryi (rp43),Sapindales,Anacardiaceae,Rhus,malloryi,rp43 f23 43,,0,0.102564103,,4.509,,4.44,,3.63099477,11.28633596,3.497250929,10.84238744,2.8838,23,
Republic,Rhus malloryi (rp43),Sapindales,Anacardiaceae,Rhus,malloryi,rp43 f422-r6 17,,0,,,5.184,,4.777,,4.160897331,12.20280105,3.943935219,11.46734187,3.4182,18,1
Republic,Sassafras hesperia (rp48),Laurales,Lauraceae,Sassafras,hesperia,rp048 17594,,1,0.073170732,,3.572,,3.537,,3.572,,3.572,,,0,
Republic,Sassafras hesperia (rp48),Laurales,Lauraceae,Sassafras,hesperia,rp048 17905,,1,0.170648464,,22.898,,6.526,,22.898,,22.898,,,0,
Republic,Sassafras hesperia (rp48),Laurales,Lauraceae,Sassafras,hesperia,rp048 18391,,1,0.128526646,,11.825,,6.427,,11.825,,11.825,,,0,
Republic,Sassafras hesperia (rp48),Laurales,Lauraceae,Sassafras,hesperia,rp048 18465,,1,,,2.244,,2.789,,2.244,,2.244,,,0,
Republic,Sassafras hesperia (rp48),Laurales,Lauraceae,Sassafras,hesperia,rp048 25259,,1,0.158671587,,27.626,,7.842,,27.626,,27.626,,,0,
Republic,Spiraea sp. (rp29),Rosales,Rosaceae,Spiraea,,rp029 17505,,,0.06824147,,4.954,,4.072,,,,,,,,
Republic,Spiraea sp. (rp29),Rosales,Rosaceae,Spiraea,,rp029 17679,,,0.049462366,,1.258,,2.41,,,,,,,,
Republic,Spiraea sp. (rp29),Rosales,Rosaceae,Spiraea,,rp029 17973,,,0.078864353,,8.176,,6.083,,,,,,,,
Republic,Spiraea sp. (rp29),Rosales,Rosaceae,Spiraea,,rp029 18126,,,0.075801749,,5.174,,4.601,,,,,,,,
Republic,Spiraea sp. (rp29),Rosales,Rosaceae,Spiraea,,rp029 18127,,,0.066666667,,5.491,,4.629,,,,,,,,
Republic,Spiraea sp. (rp29),Rosales,Rosaceae,Spiraea,,rp029 25080,,0,0.052018634,,2.948,,3.819,,0.426805004,2.745813189,0.412359642,2.616466015,1.78185373,4,
Republic,Spiraea sp. (rp29),Rosales,Rosaceae,Spiraea,,rp029 25259,,,,,0.963,,2.176,,,,,,,,
Republic,Spiraea sp. (rp29),Rosales,Rosaceae,Spiraea,,rp029 spF22 37,,,,,2.235,,3.056,,,,,,,,
Republic,Spiraea sp. (rp29),Rosales,Rosaceae,Spiraea,,rp29 17495,,0,0.072093023,,2.836,,3.798,,2.208114284,11.00928525,2.123945919,9.72808771,2.41,27,
Republic,Spiraea sp. (rp29),Rosales,Rosaceae,Spiraea,,rp29 25079 18,,0,0.053191489,,5.201,,4.164,,2.584231879,9.431334723,2.566913992,9.347768252,4.350205651,3,
Republic,Spiraea sp. (rp29),Rosales,Rosaceae,Spiraea,,rp29 f795 36,,0,,,3.26,,3.725,,0.925094267,6.349035865,0.882066626,5.937790838,3.207,9,
Republic,Ternstroemia sp. (rp49),Ericales,Theaceae,Ternstroemia,,rp49 25105 11,,0,0.154545455,,21.622,,10.022,,14.10348988,20.77073013,13.94104472,20.02830077,6.185950415,27,
Republic,Ternstroemia sp. (rp49),Ericales,Theaceae,Ternstroemia,,rp49 f28h,,0,0.163120567,,23.71,,9.73,,9.573409665,15.71400324,9.339104264,15.2829823,8.16,16,
Republic,Tilia johnsoni (rp52),Malvales,Malvaceae,Tilia,johnsoni,rp052 18384,,0,,,11.365,,5.249,,4.621772346,15.71898222,4.547311543,14.57934371,10.4905,35,
Republic,Tsukada davidifolia (rp56),Cornales,Nyssaceae,Tsukada,davidifolia,rp056 17765,,0,,,,,,,17.34544917,27.65268576,16.62687674,25.01462762,14.199,23,
Republic,Ulmus sp. (rp17),Rosales,Ulmaceae,Ulmus,,rp017 17021,,,0.07191448,,16.678,,6.291,,,,,,,,
Republic,Ulmus sp. (rp17),Rosales,Ulmaceae,Ulmus,,rp017 17689,,,0.101860921,,26.481,,8.788,,,,,,,,
Republic,Ulmus sp. (rp17),Rosales,Ulmaceae,Ulmus,,rp017 17863,,,0.170731707,,25.4,,8.329,,,,,,,,
Republic,Ulmus sp. (rp17),Rosales,Ulmaceae,Ulmus,,rp017 e614,,,0.117139334,,30.145,,12.122,,,,,,,,
Republic,Ulmus sp. (rp17),Rosales,Ulmaceae,Ulmus,,rp017 f728,,,0.067811159,,8.959,,6.208,,,,,,,,
Republic,Ulmus sp. (rp17),Rosales,Ulmaceae,Ulmus,,rp17 17689,,0,,,24.968,,8.476,,13.6442518,23.94090891,13.01574832,21.32947081,13.06,21,5
Republic,Ulmus sp. (rp17),Rosales,Ulmaceae,Ulmus,,rp17 17863 28,,0,0.137931034,,26.869,,8.884,,26.23094981,26.77480199,24.66333483,20.54573891,1.647129091,45,16
Republic,Ulmus sp. (rp17),Rosales,Ulmaceae,Ulmus,,rp17 25063 4,,0,0.129032258,,26.55,,9.709,,31.58350904,39.18886628,29.84083764,26.69311177,5.75,73,20
Republic,Ulmus sp. (rp17),Rosales,Ulmaceae,Ulmus,,rp17 g98dd,,0,0.104581673,,23.02,,7.657,,9.90953369,17.30016373,9.405314364,15.08146341,7.64,20,2
Republic,Ulmus chuchuanus (rp50),Rosales,Ulmaceae,Ulmus,chuchuanus,rp50 18354 53,"taxonomy revised from that presented in Peppe et al. (2011) by Karl Volkman (personal communication, May 2026) and Denk & Dillhoff (2005, https://doi.org/10.1139/b05-122)",0,0.303448276,,86.641,,13.874,,52.73642882,49.64519736,50.9681622,45.84821412,25.53,35,9
Republic,Ulmus chuchuanus (rp50),Rosales,Ulmaceae,Ulmus,chuchuanus,rp50 25089 54,"taxonomy revised from that presented in Peppe et al. (2011) by Karl Volkman (personal communication, May 2026) and Denk & Dillhoff (2005, https://doi.org/10.1139/b05-122)",0,0.111111111,,11.359,,6.041,,2.853488006,9.252853679,2.415059669,8.038415862,2.372284125,12,
Republic,Zyziphoides flabella (rp37),,,"""Zyziphoides""",flabella,rp37 e083 39,"taxonomy revised from that presented in Peppe et al. (2011) by Karl Volkman (personal communication, May 2026)",0,,,,,,,5.951276666,13.04601034,5.428088207,11.78813367,6.89,9,
Republic,Zyziphoides flabella (rp37),,,"""Zyziphoides""",flabella,rp37 g430-eg 40,"taxonomy revised from that presented in Peppe et al. (2011) by Karl Volkman (personal communication, May 2026)",0,0.080924855,,14.96,,4.99,,14.06414352,20.75350354,13.20543222,18.05740151,5.4763,22,
Republic,Zyziphoides flabella (rp37),,,"""Zyziphoides""",flabella,rp037 25086,"taxonomy revised from that presented in Peppe et al. (2011) by Karl Volkman (personal communication, May 2026)",0,0.109137056,,23.302,,6.516,,18.98376296,19.72191533,17.88572839,17.77481513,4.274301426,14,1
Republic,unknown-1 (rp40),,,,,rp40 25071 10,,0,,,,,,,2.929773399,10.38952166,2.652203454,7.696773949,0,28,1
Republic,unknown-2 (rp41),,,,,rp41 F754-N11 38,,1,0.091549296,,6.543,,4.948,,6.543,,6.543,,,0,
Republic,unknown-2 (rp41),,,,,rp41 25088 6,,0,0.059907834,,4.772,,3.757,,4.38531655,9.015637489,4.313326052,8.852854065,0,9,
Republic,unknown-3 (rp59),,,,,rp59 25072 7,,0,,,7.2,,4.567,,6.294347482,15.45520515,5.799308975,13.1327072,2.930775094,23,1
Republic,unknown-4 (rp24),,,,,rp024 25073,,0,,,15.42,,6.539,,10.89169488,20.01695773,10.63433244,17.75857916,7.266,24,
Republic,unknown-5 (rp149),,,,,rp149 25092,,0,,,39.319,,12.047,,16.13407854,35.70821622,15.56145441,34.72961715,17.14551238,20,
Republic,unknown-6 (rp151),,,,,rp151 25094,,0,,,,,,,5.199505598,12.78240599,5.01064865,11.99266675,5.5,13,
Republic,unknown-7 (rp16),,,,,rp016 sunk,,0,,,,,,,18.53475044,21.8531709,17.54333908,19.70317284,8.073515845,14,1
Republic,unknown-8 (rp3),,,,,rp003 17703,,0,,,,,,,2.946560332,7.104062457,2.819948563,6.841181655,5.131471087,3,
Republic,unknown-9 (rp7),,,,,rp007 17884,,0,,,28.087,,8.328,,10.1720782,13.29891116,10.03466447,13.19501291,8.48682273,10,
Republic,unknown-10,,,,,25090 8,,0,,,,,,,0.848877044,8.89668058,0.649858538,7.241001055,0,16,1
Republic,unknown-11 (rp159),,,,,rp159,,0,,,,,,,9.03237829,16.02944872,8.883702737,15.41213028,6.739733362,17,
Republic,unknown-12 (rp2),,,,,rp 2 17756 22,,1,,,0.521,,1.771,,0.521,,0.521,,,0,
Republic,unknown-12 (rp2),,,,,rp 2 18269 51,,1,,,0.36,,1.357,,0.36,,0.36,,,0,
Republic,unknown-13 (rp4),,,,,rp 4 18010 50,,1,,,1.776,,2.112,,1.776,,1.776,,,0,
Republic,unknown-14 (rp5),,,,,rp 005 17381,,1,,,4.243,,3.096,,4.243,,4.243,,,0,
Republic,unknown-15 (rp12),,,,,rp012 18177,,1,,,38.6,,9.108,,38.6,,38.6,,,0,
Republic,unknown-16 (rp13),,,,,rp13 25059 13,,1,,,9.201,,5.858,,9.201,,9.201,,,0,
Bonanza,Allophylus flexifolia,Sapindales,Sapindaceae,"""Allophylus""",flexifolia,DMNH10035,"taxonomy revised from that presented in Peppe et al. (2011) by Steven Manchester (personal communication, May 2026)",0,,,22.904,,8.57,,21.70750193,22.01720408,21.3824201,21.22887767,0,17,
Bonanza,Allophylus flexifolia,Sapindales,Sapindaceae,"""Allophylus""",flexifolia,DMNH9144,"taxonomy revised from that presented in Peppe et al. (2011) by Steven Manchester (personal communication, May 2026)",0,,,24.673,,8.897,,8.071431568,14.31130804,7.889572042,13.82423486,5.58,6,
Bonanza,Allophylus flexifolia,Sapindales,Sapindaceae,"""Allophylus""",flexifolia,DMNH9151,"taxonomy revised from that presented in Peppe et al. (2011) by Steven Manchester (personal communication, May 2026)",0,,,18.935,,12.013,,10.7160248,23.28327818,10.43994,22.35765769,9.48,11,
Bonanza,Allophylus flexifolia,Sapindales,Sapindaceae,"""Allophylus""",flexifolia,DMNH9172,"taxonomy revised from that presented in Peppe et al. (2011) by Steven Manchester (personal communication, May 2026)",0,0.083333333,,18.151,,11.273,,17.09521105,26.3470717,16.76959347,24.21939668,0.561210061,38,
Bonanza,Allophylus flexifolia,Sapindales,Sapindaceae,"""Allophylus""",flexifolia,DMNH9179,"taxonomy revised from that presented in Peppe et al. (2011) by Steven Manchester (personal communication, May 2026)",0,0.124681934,,47.354,,12.582,,8.005057803,12.10036721,7.8637609,11.81162575,8.18,7,
Bonanza,Allophylus flexifolia,Sapindales,Sapindaceae,"""Allophylus""",flexifolia,DMNH9817,"taxonomy revised from that presented in Peppe et al. (2011) by Steven Manchester (personal communication, May 2026)",0,,,14.962,,8.401,,6.480169529,11.41737753,6.374911911,10.73274253,2.232128275,4,
Bonanza,Allophylus flexifolia,Sapindales,Sapindaceae,"""Allophylus""",flexifolia,DMNH9828,"taxonomy revised from that presented in Peppe et al. (2011) by Steven Manchester (personal communication, May 2026)",,0.101317123,,8.012,,8.495,,,,,,,,
Bonanza,Araliophyllum quina,Apiales,Araliaceae,Allopanax,quinus,DMNH9549,taxonomy revised from that presented in Peppe et al. (2011) by Doweld (2017; https://doi.org/10.5735/085.054.0608),0,0.134948097,,2.752,,5.651,,1.562322821,8.997466537,1.484929716,8.585937139,1.603320446,11,
Bonanza,Araliophyllum quina,Apiales,Araliaceae,Allopanax,quinus,DMNH9550,taxonomy revised from that presented in Peppe et al. (2011) by Doweld (2017; https://doi.org/10.5735/085.054.0608),0,,,1.916,,4.89,,1.615446763,9.244327995,1.492993171,8.230075139,1.09,16,
Bonanza,Araliophyllum quina,Apiales,Araliaceae,Allopanax,quinus,DMNH9552,taxonomy revised from that presented in Peppe et al. (2011) by Doweld (2017; https://doi.org/10.5735/085.054.0608),0,0.204081633,,2.289,,4.64,,1.770693516,10.70967219,1.515807559,8.958674579,2.21,12,
Bonanza,Caesalpinia pecorae,Fabales,Fabaceae,"""Caesalpinia""",pecorae,DMNH9621,"taxonomy revised from that presented in Peppe et al. (2011) by Patrick Herendeen and Steven Manchester (personal communications, May 2026)",1,0.138888889,,1.324,,2.154,,1.324,,1.324,,,0,
Bonanza,Caesalpinia pecorae,Fabales,Fabaceae,"""Caesalpinia""",pecorae,DMNH9630,"taxonomy revised from that presented in Peppe et al. (2011) by Patrick Herendeen and Steven Manchester (personal communications, May 2026)",1,,,1.347,,1.972,,1.347,,1.347,,,0,
Bonanza,Caesalpinia pecorae,Fabales,Fabaceae,"""Caesalpinia""",pecorae,DMNH9638,"taxonomy revised from that presented in Peppe et al. (2011) by Patrick Herendeen and Steven Manchester (personal communications, May 2026)",1,0.064343164,,1.898,,3.008,,1.898,,1.898,,,0,
Bonanza,Caesalpinia pecorae,Fabales,Fabaceae,"""Caesalpinia""",pecorae,DMNH9896,"taxonomy revised from that presented in Peppe et al. (2011) by Patrick Herendeen and Steven Manchester (personal communications, May 2026)",1,0.054054054,,4.18,,4.561,,4.18,,4.18,,,0,
Bonanza,Caesalpinia pecorae,Fabales,Fabaceae,"""Caesalpinia""",pecorae,DMNH9897,"taxonomy revised from that presented in Peppe et al. (2011) by Patrick Herendeen and Steven Manchester (personal communications, May 2026)",1,0.096969697,,1.301,,2.56,,1.301,,1.301,,,0,
Bonanza,Caesalpinia pecorae,Fabales,Fabaceae,"""Caesalpinia""",pecorae,DMNH9899,"taxonomy revised from that presented in Peppe et al. (2011) by Patrick Herendeen and Steven Manchester (personal communications, May 2026)",1,,,0.762,,1.811,,0.762,,0.762,,,0,
Bonanza,Caesalpinia pecorae,Fabales,Fabaceae,"""Caesalpinia""",pecorae,DMNH9902,"taxonomy revised from that presented in Peppe et al. (2011) by Patrick Herendeen and Steven Manchester (personal communications, May 2026)",1,0.053351938,,1.52,,2.557,,1.52,,1.52,,,0,
Bonanza,Cardiospermum coloradensis,Sapindales,Sapindaceae,Cardiospermum,coloradensis,DMNH10081,,1,0.056991748,,3.153,,3.747,,3.153,,3.153,,,0,
Bonanza,Cardiospermum coloradensis,Sapindales,Sapindaceae,Cardiospermum,coloradensis,DMNH9558,,1,,,2.246,,3.611,,2.246,,2.246,,,0,
Bonanza,Cardiospermum coloradensis,Sapindales,Sapindaceae,Cardiospermum,coloradensis,DMNH9562,,1,,,4.727,,5.12,,4.727,,4.727,,,0,
Bonanza,Cardiospermum coloradensis,Sapindales,Sapindaceae,Cardiospermum,coloradensis,DMNH9576,,1,,,2.781,,4.217,,2.781,,2.781,,,0,
Bonanza,Cedrelospermum nervosum,Rosales,Ulmaceae,Cedrelospermum,nervosum,DMNH10059,,0,,,1.97,,3.341,,1.281844008,8.136310997,1.21919938,7.825833331,3.5,10,
Bonanza,Cedrelospermum nervosum,Rosales,Ulmaceae,Cedrelospermum,nervosum,DMNH10146,,0,,,,,,,1.189346722,7.078638355,1.092778547,6.556677203,1.855601599,17,
Bonanza,Cedrelospermum nervosum,Rosales,Ulmaceae,Cedrelospermum,nervosum,DMNH9182,,0,0.074850299,,2.781,,4.217,,8.219107131,20.25628067,7.77417291,17.38238923,4.35,25,
Bonanza,Cedrelospermum nervosum,Rosales,Ulmaceae,Cedrelospermum,nervosum,DMNH9183,,0,0.069364162,,9.329,,8.164,,7.975569053,19.85470831,7.523248294,18.21627143,2.695197942,26,
Bonanza,Cedrelospermum nervosum,Rosales,Ulmaceae,Cedrelospermum,nervosum,DMNH9185,,0,0.124681934,,5.443,,5.059,,5.174080179,10.83583948,5.016466699,10.50380452,0.601582568,20,
Bonanza,Cedrelospermum nervosum,Rosales,Ulmaceae,Cedrelospermum,nervosum,DMNH9186,,0,,,3.265,,4.612,,1.598419919,6.668971026,1.498999282,6.346751154,2.21,10,
Bonanza,Cedrelospermum nervosum,Rosales,Ulmaceae,Cedrelospermum,nervosum,DMNH9193,,0,0.124681934,,1.521,,3.469,,1.539600681,7.947588929,1.466507099,7.565276543,0,30,
Bonanza,Cedrelospermum nervosum,Rosales,Ulmaceae,Cedrelospermum,nervosum,DMNH9200,,0,,,8.475,,5.252,,6.21269358,14.21540949,5.954270023,13.49242768,4.808027675,15,
Bonanza,Cedrelospermum nervosum,Rosales,Ulmaceae,Cedrelospermum,nervosum,DMNH9201,,0,0.124681934,,5.274,,4.598,,4.82682188,10.44091477,4.650153744,9.949041333,1.041208897,20,
Bonanza,Cedrelospermum nervosum,Rosales,Ulmaceae,Cedrelospermum,nervosum,DMNH9222,,0,,,2.765,,3.729,,2.473189456,8.453200482,2.367659458,7.986515572,1.125786706,16,
Bonanza,Cedrelospermum nervosum,Rosales,Ulmaceae,Cedrelospermum,nervosum,DMNH9229,,0,,,2.664,,3.952,,1.375304849,6.011120874,1.323306095,5.80002872,0.397058358,20,
Bonanza,Cedrelospermum nervosum,Rosales,Ulmaceae,Cedrelospermum,nervosum,DMNH9246,,0,,,3.491,,4.217,,3.443151099,10.26467337,3.345022353,9.657927126,0.452558716,24,
Bonanza,Cedrelospermum nervosum,Rosales,Ulmaceae,Cedrelospermum,nervosum,DMNH9249,,0,,,6.233,,4.774,,4.571188322,13.22789517,4.339897465,12.07898642,3.545197143,14,
Bonanza,Cedrelospermum nervosum,Rosales,Ulmaceae,Cedrelospermum,nervosum,DMNH9250,,0,0.084398977,,,,,,9.31803288,14.1950316,8.969710885,13.27292826,2.46101766,17,
Bonanza,Cedrelospermum nervosum,Rosales,Ulmaceae,Cedrelospermum,nervosum,DMNH9261,,0,,,7.132,,6.191,,7.284695938,16.7843923,6.98096807,14.89633596,0,33,
Bonanza,Cedrelospermum nervosum,Rosales,Ulmaceae,Cedrelospermum,nervosum,DMNH9263,,0,,,10.884,,6.75,,11.03966614,17.1166302,10.68125499,15.74907261,0,30,
Bonanza,Cedrelospermum nervosum,Rosales,Ulmaceae,Cedrelospermum,nervosum,DMNH9264,,0,0.093506494,,4.258,,5.35,,4.119862661,13.15824817,3.928631246,11.91337669,0,41,
Bonanza,Cedrelospermum nervosum,Rosales,Ulmaceae,Cedrelospermum,nervosum,DMNH9267,,0,0.124681934,,2.563,,4.202,,2.108674686,8.658119745,2.014632668,8.194478955,1.372044582,30,
Bonanza,Cedrelospermum nervosum,Rosales,Ulmaceae,Cedrelospermum,nervosum,DMNH9269,,0,0.095522388,,5.441,,5.42,,5.023535237,12.53488416,4.876960071,11.39213982,1.198153538,24,
Bonanza,Cedrelospermum nervosum,Rosales,Ulmaceae,Cedrelospermum,nervosum,DMNH9272,,0,,,5.797,,4.871,,5.08743275,11.51967493,4.890368995,10.74357387,0,25,
Bonanza,Cedrelospermum nervosum,Rosales,Ulmaceae,Cedrelospermum,nervosum,DMNH9273,,0,0.111662531,,,,,,3.229753379,9.10055262,3.147286208,8.791604473,1.732828679,14,
Bonanza,Cedrelospermum nervosum,Rosales,Ulmaceae,Cedrelospermum,nervosum,DMNH9275,,0,0.102150538,,7.576,,6.87,,7.250320076,15.26215116,7.009402798,13.87224643,0.722398732,29,
Bonanza,Cedrelospermum nervosum,Rosales,Ulmaceae,Cedrelospermum,nervosum,DMNH9276,,0,,,3.146,,4.575,,1.334996576,8.045441493,1.293549139,7.858678403,2.386819516,10,
Bonanza,Cedrelospermum nervosum,Rosales,Ulmaceae,Cedrelospermum,nervosum,DMNH9277,,0,,,3.706,,4.61,,3.265662908,10.27324314,3.168023407,9.55936421,1.690425809,26,
Bonanza,Cedrelospermum nervosum,Rosales,Ulmaceae,Cedrelospermum,nervosum,DMNH9282,,0,,,3.214,,4.665,,2.998542109,9.915661338,2.861558445,9.145297402,0.659638343,21,
Bonanza,Cedrelospermum nervosum,Rosales,Ulmaceae,Cedrelospermum,nervosum,DMNH9286,,0,,,3.14,,3.656,,2.013395664,8.764192984,1.937867159,8.541941789,3.93,9,
Bonanza,Cedrelospermum nervosum,Rosales,Ulmaceae,Cedrelospermum,nervosum,DMNH9287,,0,,,3.574,,3.962,,1.119141084,5.675122908,1.075093978,5.579610579,3.442812766,8,
Bonanza,Cedrelospermum nervosum,Rosales,Ulmaceae,Cedrelospermum,nervosum,DMNH9293,,0,0.124681934,,2.945,,4.393,,1.969960207,9.231966237,1.89194016,8.792206146,3.59,20,
Bonanza,Cedrelospermum nervosum,Rosales,Ulmaceae,Cedrelospermum,nervosum,DMNH9294,,0,,,5.282,,5.465,,4.292898856,10.80449799,4.094953631,9.803982589,1.503136317,18,
Bonanza,Cedrelospermum nervosum,Rosales,Ulmaceae,Cedrelospermum,nervosum,DMNH9296,,0,,,2.123,,4.201,,2.061166304,9.848955423,1.941311349,9.160304831,0.658823746,16,
Bonanza,Cedrelospermum nervosum,Rosales,Ulmaceae,Cedrelospermum,nervosum,DMNH9298,,0,,,2.192,,4.036,,2.180734799,9.936547438,2.039685778,9.054433003,0,21,1
Bonanza,Cedrelospermum nervosum,Rosales,Ulmaceae,Cedrelospermum,nervosum,DMNH9300,,0,,,3.238,,4.331,,3.248783949,9.971046927,3.092543269,9.642339242,0,23,
Bonanza,Cedrelospermum nervosum,Rosales,Ulmaceae,Cedrelospermum,nervosum,DMNH9301,,0,,,7.112,,5.613,,1.721938229,5.986296997,1.630947788,5.590571722,3.653259613,4,
Bonanza,Cedrelospermum nervosum,Rosales,Ulmaceae,Cedrelospermum,nervosum,DMNH9314,,0,0.124681934,,6.113,,4.8,,3.88706526,11.32323069,3.694503933,10.72555313,4.125298978,8,1
Bonanza,Cedrelospermum nervosum,Rosales,Ulmaceae,Cedrelospermum,nervosum,DMNH9322,,0,,,2.992,,4.646,,2.596259648,9.595793803,2.493050227,8.895224314,1.095296733,14,
Bonanza,Cedrelospermum nervosum,Rosales,Ulmaceae,Cedrelospermum,nervosum,DMNH9324,,0,,,5.651,,4.782,,3.055142661,11.43128794,2.879495546,10.43231328,5.19,10,
Bonanza,Cedrelospermum nervosum,Rosales,Ulmaceae,Cedrelospermum,nervosum,DMNH9327,,0,0.124681934,,2.943,,3.733,,2.32919768,9.596877512,2.241641314,9.012421131,2.591190998,20,
Bonanza,Cedrelospermum nervosum,Rosales,Ulmaceae,Cedrelospermum,nervosum,DMNH9829,,0,,,5.879,,4.338,,5.832899628,11.46628067,5.504632542,10.45094728,0,16,
Bonanza,Cedrelospermum nervosum,Rosales,Ulmaceae,Cedrelospermum,nervosum,DMNH9832,,0,0.124681934,,1.47,,2.87,,0.340069682,4.406645109,0.323335508,4.251262658,2.24,7,
Bonanza,Cedrelospermum nervosum,Rosales,Ulmaceae,Cedrelospermum,nervosum,DMNH9834,,0,,,4.591,,4.634,,2.982289062,12.67456188,2.792704065,11.85527595,5.16,18,
Bonanza,Cedrelospermum nervosum,Rosales,Ulmaceae,Cedrelospermum,nervosum,DMNH9835,,0,0.05625,,,,,,3.237456881,11.89539536,3.095627207,10.7232832,5.352351712,13,
Bonanza,Cedrelospermum nervosum,Rosales,Ulmaceae,Cedrelospermum,nervosum,DMNH9839,,,,,1.578,,2.374,,,,,,,,
Bonanza,Cedrelospermum nervosum,Rosales,Ulmaceae,Cedrelospermum,nervosum,DMNH9862,,0,,,2.821,,4.395,,1.909111638,10.6429216,1.822759127,9.948000044,3.033007356,24,
Bonanza,Cedrelospermum nervosum,Rosales,Ulmaceae,Cedrelospermum,nervosum,DMNH9864,,0,0.062162162,,1.278,,3.009,,1.286235803,7.338919787,1.225403371,6.782714182,0,13,
Bonanza,Cedrelospermum nervosum,Rosales,Ulmaceae,Cedrelospermum,nervosum,DMNH9865,,0,0.124681934,,5.274,,6.343,,4.442482199,13.79053927,4.291126659,12.96791271,2.33,26,
Bonanza,Cedrelospermum nervosum,Rosales,Ulmaceae,Cedrelospermum,nervosum,DMNH9868,,0,0.060810811,,2.52,,4.145,,1.708695621,9.796160875,1.643074925,9.11609411,3.27,22,
Bonanza,Cedrelospermum nervosum,Rosales,Ulmaceae,Cedrelospermum,nervosum,DMNH9872,,0,,,5.773,,4.42,,6.144614675,12.15199321,5.917577703,11.20095652,1.169211337,21,
Bonanza,Cedrelospermum nervosum,Rosales,Ulmaceae,Cedrelospermum,nervosum,DMNH9880,,0,,,1.604,,3.402,,0.955262657,8.523892546,0.880196087,7.577765183,2.471268146,13,
Bonanza,Leguminosites lesquerreuxiana,Fabales,Fabaceae,Leguminosites,lesquerreuxiana,DMNH10018,,1,,,8.912,,4.594,,8.912,,8.912,,,0,
Bonanza,Leguminosites lesquerreuxiana,Fabales,Fabaceae,Leguminosites,lesquerreuxiana,DMNH10024,,1,,,6.787,,4.337,,6.787,,6.787,,,0,
Bonanza,Leguminosites lesquerreuxiana,Fabales,Fabaceae,Leguminosites,lesquerreuxiana,DMNH9929,,1,0.103296703,,5.7,,4.004,,5.7,,5.7,,,0,
Bonanza,Leguminosites lesquerreuxiana,Fabales,Fabaceae,Leguminosites,lesquerreuxiana,DMNH9932,,1,0.101587302,,6.893,,4.425,,6.893,,6.893,,,0,
Bonanza,Leguminosites lesquerreuxiana,Fabales,Fabaceae,Leguminosites,lesquerreuxiana,DMNH9936,,1,0.108695652,,6.62,,4.34,,6.62,,6.62,,,0,
Bonanza,Leguminosites lesquerreuxiana,Fabales,Fabaceae,Leguminosites,lesquerreuxiana,DMNH9941,,1,0.101369863,,18.845,,6.786,,18.845,,18.845,,,0,
Bonanza,Leguminosites lesquerreuxiana,Fabales,Fabaceae,Leguminosites,lesquerreuxiana,DMNH9947,,1,0.147147147,,2.076,,2.244,,2.076,,2.076,,,0,
Bonanza,Macginitea wyomingensis,Proteales,Platanaceae,Macginitea,wyomingensis,DMNH9075,,0,0.087209302,,14.09,,7.674,,12.72918989,27.78521908,12.44767538,24.45122971,4.44,34,
Bonanza,Macginitea wyomingensis,Proteales,Platanaceae,Macginitea,wyomingensis,DMNH9083,,0,0.223404255,,25.459,,9.77,,24.45919275,40.29175077,23.77534899,33.74295218,2.73,56,
Bonanza,Macginitea wyomingensis,Proteales,Platanaceae,Macginitea,wyomingensis,DMNH9090,,1,,,43.908,,15.657,,43.908,,43.908,,,0,
Bonanza,Macginitea wyomingensis,Proteales,Platanaceae,Macginitea,wyomingensis,DMNH9092,,0,0.124681934,,6.288,,4.218,,,,,,,,
Bonanza,Macginitea wyomingensis,Proteales,Platanaceae,Macginitea,wyomingensis,DMNH9103a,,0,0.111969112,,45.98,,12.215,,43.06666793,48.40203794,42.79806098,47.70657485,6.21,22,
Bonanza,Macginitea wyomingensis,Proteales,Platanaceae,Macginitea,wyomingensis,DMNH9688,,0,,,,,,,11.44887726,22.22750978,11.20248192,20.66963838,8.71,13,
Bonanza,Macginitea wyomingensis,Proteales,Platanaceae,Macginitea,wyomingensis,DMNH9691,,0,0.130434783,,50.681,,13.826,,43.57450008,65.75055054,42.82405119,59.6971967,19.23,33,
Bonanza,Macginitea wyomingensis,Proteales,Platanaceae,Macginitea,wyomingensis,DMNH9750,,0,,,104.435,,25.428,,76.33007825,88.23105114,75.39272598,81.52489603,31.39,32,
Bonanza,Parvileguminophyllum coloradensis,Fabales,Fabaceae,Parvileguminophyllum,coloradensis,DMNH9517,,1,,,0.673,,1.824,,0.673,,0.673,,,0,
Bonanza,Parvileguminophyllum coloradensis,Fabales,Fabaceae,Parvileguminophyllum,coloradensis,DMNH9519,,1,,,0.564,,1.882,,0.564,,0.564,,,0,
Bonanza,Parvileguminophyllum coloradensis,Fabales,Fabaceae,Parvileguminophyllum,coloradensis,DMNH9527,,1,0.054545455,,0.318,,1.373,,0.318,,0.318,,,0,
Bonanza,Parvileguminophyllum coloradensis,Fabales,Fabaceae,Parvileguminophyllum,coloradensis,DMNH9539,,1,0.052307692,,0.646,,2.365,,0.646,,0.646,,,0,
Bonanza,Parvileguminophyllum coloradensis,Fabales,Fabaceae,Parvileguminophyllum,coloradensis,DMNH9773,,1,0.192307692,,0.316,,1.365,,0.316,,0.316,,,0,
Bonanza,Parvileguminophyllum coloradensis,Fabales,Fabaceae,Parvileguminophyllum,coloradensis,DMNH9781,,1,0.08,,0.715,,1.968,,0.715,,0.715,,,0,
Bonanza,Parvileguminophyllum coloradensis,Fabales,Fabaceae,Parvileguminophyllum,coloradensis,DMNH9790,,1,,,0.375,,1.417,,0.375,,0.375,,,0,
Bonanza,Parvileguminophyllum coloradensis,Fabales,Fabaceae,Parvileguminophyllum,coloradensis,DMNH9902,,1,0.055187638,,0.302,,1.19,,0.302,,0.302,,,0,
Bonanza,Populus cinnamomoides,Malpighiales,Salicaceae,Populus,tidwellii,DMNH9652,taxonomy revised from that presented in Peppe et al. (2011) by Manchester et al. (2006; https://doi.org/10.1086/503918),0,0.124681934,,3.696,,4.705,,1.731629105,7.891744754,1.664012489,7.430514477,2.804515064,14,
Bonanza,Populus cinnamomoides,Malpighiales,Salicaceae,Populus,tidwellii,DMNH9881a,taxonomy revised from that presented in Peppe et al. (2011) by Manchester et al. (2006; https://doi.org/10.1086/503918),0,,,9.136,,11.542,,6.483958958,21.22796981,6.09488948,20.22103445,5.306740335,22,
Bonanza,Populus cinnamomoides,Malpighiales,Salicaceae,Populus,tidwellii,DMNH9885,taxonomy revised from that presented in Peppe et al. (2011) by Manchester et al. (2006; https://doi.org/10.1086/503918),0,,,4.05,,5.041,,1.557439438,8.409721519,1.522698888,7.862868104,3.74,13,
Bonanza,Populus cinnamomoides,Malpighiales,Salicaceae,Populus,tidwellii,DMNH9886,taxonomy revised from that presented in Peppe et al. (2011) by Manchester et al. (2006; https://doi.org/10.1086/503918),0,0.06097561,,5.385,,7.052,,1.906831621,8.20125523,1.865371774,7.782001538,3.38,12,
Bonanza,Populus cinnamomoides,Malpighiales,Salicaceae,Populus,tidwellii,DMNH9887,taxonomy revised from that presented in Peppe et al. (2011) by Manchester et al. (2006; https://doi.org/10.1086/503918),0,,,19.496,,8.437,,12.52278359,21.59981313,12.03429231,18.60111593,6.67,21,
Bonanza,Populus cinnamomoides,Malpighiales,Salicaceae,Populus,tidwellii,DMNH9888,taxonomy revised from that presented in Peppe et al. (2011) by Manchester et al. (2006; https://doi.org/10.1086/503918),0,0.124681934,,7.897,,8.364,,3.587841771,12.37445168,3.449493471,11.35580721,4.38,20,
Bonanza,Populus wilmattae,Malpighiales,Salicaceae,Populus,wilmattae,DMNH10078,,,0.058419244,,2.678,,2.832,,,,,,,,
Bonanza,Populus wilmattae,Malpighiales,Salicaceae,Populus,wilmattae,DMNH9119,,0,,,8.191,,4.42,,31.34881084,27.07329603,30.86178463,24.65020874,1.494400861,40,
Bonanza,Populus wilmattae,Malpighiales,Salicaceae,Populus,wilmattae,DMNH9763,,0,,,12.663,,8.479,,6.88047085,13.54605721,6.781325931,12.95395641,8,18,
Bonanza,Populus wilmattae,Malpighiales,Salicaceae,Populus,wilmattae,DMNH9764,,0,,,,,,,8.215393954,17.48518856,7.972854194,15.70466908,7.69,25,
Bonanza,Rhus nigricans,Sapindales,Anacardiaceae,Rhus,nigricans,DMNH10088,,0,0.124681934,,3.177,,4.832,,2.267426103,11.44532359,2.070670478,9.655921721,3.41,12,
Bonanza,Rhus nigricans,Sapindales,Anacardiaceae,Rhus,nigricans,DMNH9149,,0,0.079800499,,8.739,,5.334,,8.645768627,17.91792646,7.153550766,14.18725718,0,9,
Bonanza,Rhus nigricans,Sapindales,Anacardiaceae,Rhus,nigricans,DMNH9154,,0,0.10591133,,3.643,,4.442,,3.453052431,11.64580744,3.223744262,10.03207276,0,17,
Bonanza,Rhus nigricans,Sapindales,Anacardiaceae,Rhus,nigricans,DMNH9156,,0,,,8.411,,5.804,,8.527899416,18.72566543,7.320959893,14.05600787,0,18,3
Bonanza,Rhus nigricans,Sapindales,Anacardiaceae,Rhus,nigricans,DMNH9158,,0,0.083333333,,,,,,4.712850751,12.34412412,4.259644147,10.82483163,1.80184153,12,
Bonanza,Rhus nigricans,Sapindales,Anacardiaceae,Rhus,nigricans,DMNH9159,,0,0.110091743,,7.941,,6.1,,8.047781537,16.1783333,7.846744433,14.97256554,0,9,1
Bonanza,Rhus nigricans,Sapindales,Anacardiaceae,Rhus,nigricans,DMNH9162,,0,0.114369501,,3.893,,4.856,,3.795156588,11.5197073,3.500782287,9.192657699,1.464962913,9,
Bonanza,Rhus nigricans,Sapindales,Anacardiaceae,Rhus,nigricans,DMNH9164,,0,,,5.993,,5.885,,5.241482895,14.06287824,4.973287922,12.68605828,1.8284648,15,
Bonanza,Rhus nigricans,Sapindales,Anacardiaceae,Rhus,nigricans,DMNH9753,,0,0.16091954,,3.862,,4.941,,2.767001601,11.09780554,2.524206641,9.857184706,3.13,16,
Bonanza,Rhus nigricans,Sapindales,Anacardiaceae,Rhus,nigricans,DMNH9755,,0,0.073732719,,4.109,,5.879,,1.376277741,7.88923275,1.169782427,6.846321709,1.17,4,
Bonanza,Rhus nigricans,Sapindales,Anacardiaceae,Rhus,nigricans,DMNH9756,,0,,,4.1,,4.224,,3.769357554,12.1752844,3.255165522,8.138575496,1.13407066,12,1
Bonanza,Rhus nigricans,Sapindales,Anacardiaceae,Rhus,nigricans,DMNH9757,,0,0.124681934,,2.457,,3.238,,2.45056507,9.156505866,2.130352052,7.536345009,0,8,
Bonanza,Rhus nigricans,Sapindales,Anacardiaceae,Rhus,nigricans,DMNH9758,,0,,,8.012,,8.495,,4.235886214,15.79809515,3.883588621,13.56171338,4.69,15,
Bonanza,Rhus nigricans,Sapindales,Anacardiaceae,Rhus,nigricans,DMNH9759,,0,,,8.796,,7.233,,7.897860186,16.34966392,7.385405597,13.91081459,1.279902914,16,1
Bonanza,Rhus nigricans,Sapindales,Anacardiaceae,Rhus,nigricans,DMNH9760a,,0,,,4.882,,5.576,,4.519055671,14.09291721,4.064926671,11.40529183,1.068656903,18,
Bonanza,Rhus nigricans,Sapindales,Anacardiaceae,Rhus,nigricans,DMNH9761,,0,0.124681934,,8.345,,6.88,,6.482932131,15.76339632,5.906555671,12.6818849,3.35,18,
Bonanza,Rhus nigricans,Sapindales,Anacardiaceae,Rhus,nigricans,DMNH9762,,0,,,7.412,,8.675,,6.392832392,19.16297701,5.298941743,14.12297181,2.45,20,
Bonanza,Rhus nigricans,Sapindales,Anacardiaceae,Rhus,nigricans,DMNH9903,,0,,,3.485,,5.048,,3.378473338,12.67624488,3.019379109,10.43159354,0.355749776,18,1
Bonanza,Rhus nigricans,Sapindales,Anacardiaceae,Rhus,nigricans,DMNH9914,,0,,,4.729,,5.721,,3.481262663,11.66930569,3.043732731,9.907268524,2.887017363,12,
Bonanza,Rhus nigricans,Sapindales,Anacardiaceae,Rhus,nigricans,DMNH9918,,0,0.083076923,,6.844,,7.523,,6.745465451,20.89279782,6.18352065,16.83919567,0,25,1
Bonanza,Rhus nigricans,Sapindales,Anacardiaceae,Rhus,nigricans,DMNH9919,,0,0.105454545,,5.005,,4.803,,5.546355514,12.89865559,5.399880953,11.99332932,0,13,
Bonanza,Rhus nigricans,Sapindales,Anacardiaceae,Rhus,nigricans,DMNH9920,,0,0.124681934,,7.57,,7.42,,7.520567813,19.30422412,7.215168364,17.42977865,0,23,
Bonanza,Rhus nigricans,Sapindales,Anacardiaceae,Rhus,nigricans,DMNH9922,,0,,,,,,,4.184846954,14.22057113,3.917917553,12.97441273,2.092986521,19,
Bonanza,Rhus nigricans,Sapindales,Anacardiaceae,Rhus,nigricans,DMNH9924,,0,,,3.372,,4.643,,2.940670509,11.72127649,2.61746526,10.45499646,1.589975092,12,
Bonanza,Rhus nigricans,Sapindales,Anacardiaceae,Rhus,nigricans,DMNH9925,,0,,,10.292,,4.197,,8.723636615,17.71666583,8.128746394,14.04027451,1.987272271,17,
Bonanza,Rhus nigricans,Sapindales,Anacardiaceae,Rhus,nigricans,DMNH9927,,0,0.148,,6.466,,6.432,,5.995573847,18.23050482,5.417837691,14.13389832,0,20,1
Bonanza,Salix cockerelli,Malpighiales,Salicaceae,Salix,cockerelli,DMNH10063,,0,,,2.099,,4.623,,1.637266623,8.031344755,1.595306913,7.551228394,1.066187238,31,
Bonanza,Salix cockerelli,Malpighiales,Salicaceae,Salix,cockerelli,DMNH10064,,0,0.128205128,,,,,,4.994342313,17.12191003,4.891185354,16.39039829,8.02,33,
Bonanza,Salix cockerelli,Malpighiales,Salicaceae,Salix,cockerelli,DMNH10065a,,,,,6.791,,10.125,,,,,,,,
Bonanza,Salix cockerelli,Malpighiales,Salicaceae,Salix,cockerelli,DMNH10065b,,0,0.124681934,,6.294,,8.429,,5.063306141,19.61508219,4.852743816,16.9596382,3.65,67,
Bonanza,Salix cockerelli,Malpighiales,Salicaceae,Salix,cockerelli,DMNH15049,,0,,,11.598,,13.072,,6.43270294,18.89336275,6.28721468,18.02226863,6.29,22,
Bonanza,Salix cockerelli,Malpighiales,Salicaceae,Salix,cockerelli,DMNH9582,,0,0.068681319,,,,,,5.719853818,14.93206138,5.602844639,14.31938554,6.344936858,26,
Bonanza,Salix cockerelli,Malpighiales,Salicaceae,Salix,cockerelli,DMNH9588,,0,,,,,,,11.87008127,30.50177792,11.51282136,27.45215762,4.480241871,48,
Bonanza,Salix cockerelli,Malpighiales,Salicaceae,Salix,cockerelli,DMNH9589,,0,0.094736842,,9.516,,10.598,,6.17827912,19.35410164,5.9707371,17.02575203,4.95,65,
Bonanza,Salix cockerelli,Malpighiales,Salicaceae,Salix,cockerelli,DMNH9590,,0,,,,,,,7.293542455,16.4742609,7.103115606,14.75647945,3.989400801,65,
Bonanza,Salix cockerelli,Malpighiales,Salicaceae,Salix,cockerelli,DMNH9595,,0,,,19.898,,11.87,,6.763894202,16.76422526,6.564593927,15.37476397,7.799010665,29,
Bonanza,Salix cockerelli,Malpighiales,Salicaceae,Salix,cockerelli,DMNH9604,,,0.142201835,,31.031,,17.316,,,,,,,,
Bonanza,Styrax transversa,Ericales,"""Styracaceae""","""Styrax""",transversa,DMNH9667,"taxonomy revised from that presented in Peppe et al. (2011) by Steven Manchester (personal communication, May 2026)",0,,,3.286,,4.232,,1.062018498,5.504811823,1.030462903,5.160357774,2.637606313,5,
Bonanza,Styrax transversa,Ericales,"""Styracaceae""","""Styrax""",transversa,DMNH9668,"taxonomy revised from that presented in Peppe et al. (2011) by Steven Manchester (personal communication, May 2026)",0,,,7.056,,5.989,,5.631921489,12.62443217,5.510795736,11.33635731,2.58365778,19,
Bonanza,Styrax transversa,Ericales,"""Styracaceae""","""Styrax""",transversa,DMNH9670,"taxonomy revised from that presented in Peppe et al. (2011) by Steven Manchester (personal communication, May 2026)",0,0.124681934,,4.667,,4.451,,4.363715783,11.0403065,4.26612765,9.787366927,0.944141423,19,
Bonanza,Styrax transversa,Ericales,"""Styracaceae""","""Styrax""",transversa,DMNH9672,"taxonomy revised from that presented in Peppe et al. (2011) by Steven Manchester (personal communication, May 2026)",,0.065693431,,12.939,,8.28,,,,,,,,
Bonanza,Syzygioides americana,Myrtales,Myrtaceae,Syzygioides,americana,DMNH10072,,1,0.11790393,,5.975,,9.34,,5.975,,5.975,,,0,
Bonanza,Syzygioides americana,Myrtales,Myrtaceae,Syzygioides,americana,DMNH9607,,1,0.124681934,,1.708,,4.075,,1.708,,1.708,,,0,
Bonanza,dicot GR-A,,,,,DMNH10112B,,1,0.051428571,,46.42976789,,11.57588862,,46.42976789,,46.42976789,,,0,
Bonanza,dicot GR-B,,,,,DMNH10113B,,1,0.080808081,,22.22408625,,9.050455989,,22.22408625,,22.22408625,,,0,
Bonanza,dicot GR-C,,,,,DMNH10115,,0,,,14.493,,8.29,,13.94182977,17.27171597,13.50939114,15.80415993,3.251831022,15,
Bonanza,dicot GR-D,,,,,DMNH10118,,0,,,2.429,,5.577,,1.413534524,12.55337308,1.258170395,11.07786384,4.59,31,
Bonanza,dicot GR-D,,,,,DMNH10119,,0,,,,,,,0.750359222,8.784247531,0.642794282,7.74410473,3.951558002,20,
Bonanza,dicot GR-D2,,,,,DMNH10117,,0,,,4.474,,6.041,,2.685795345,9.210882867,2.623931965,8.819875909,1.473884168,16,
Bonanza,dicot GR-G,,,,,DMNH10122,,1,,,20.1248746,,6.764387935,,20.1248746,,20.1248746,,,0,
Bonanza,dicot GR-J,,,,,DMNH10125,,1,,,2.270446655,,3.173656131,,2.270446655,,2.270446655,,,0,
Bonanza,dicot GR-M,,,,,DMNH10255,,1,,,5.337412371,,6.0705406,,5.337412371,,5.337412371,,,0,
Bonanza,dicot GR-O,,,,,DMNH10252,,1,,,1.70150772,,3.203759674,,1.70150772,,1.70150772,,,0,
Bonanza,dicot GR-P,,,,,DMNH10250,,1,,,4.820375365,,4.427868219,,4.820375365,,4.820375365,,,0,
Bonanza,dicot GR-XX,,,,,DMNH10270,,0,,,,,,,2.524865366,8.740671579,2.481067536,8.450380525,6.14,13,1
Bonanza,dicot GR-XX,,,,,DMNH10271,,0,0.082706767,,,,,,1.355254275,5.430566195,1.323639969,5.009691932,3.941896707,6,
